PRGS,ORCH_1_Dstop,ORCH_1_Drestart,ORCH_1_Fstop,ORCH_1_Frestart,PSCS__TAU,HUM_1_VEL,HUM_2_VEL,HUM_1_FW,HUM_1_AGE,HUM_1_STA,HUM_2_FW,HUM_2_AGE,HUM_2_STA,HUM_1_POS_X,HUM_1_POS_Y,HUM_2_POS_X,HUM_2_POS_Y,ROB_1_VEL,ROB_1_CHG,SCS
5.0,5.97,3.44,0.76,0.14,462.0,74.0,63.0,2.0,0.0,1.0,1.0,1.0,2.0,2594.32,190.47,2839.13,209.03,79.0,11.94019989,0.14868512025000016
0.0,6.42,3.7,0.53,0.38,583.0,83.0,32.0,2.0,1.0,1.0,2.0,1.0,0.0,110.69,488.87,519.32,262.95,83.0,11.10892004,0.2535665813333331
0.0,7.17,3.62,0.71,0.16,110.0,69.0,60.0,0.0,0.0,0.0,2.0,0.0,2.0,345.53,169.44,1596.1,315.44,33.0,12.1588767,0.22142551266666657
0.0,7.01,4.45,0.66,0.36,165.0,76.0,75.0,2.0,1.0,2.0,2.0,1.0,1.0,801.43,728.17,364.2,741.87,35.0,11.66748416,0.04907230000000001
5.0,6.87,3.35,0.59,0.3,170.0,59.0,59.0,0.0,1.0,1.0,2.0,1.0,0.0,2700.97,187.68,2876.2,198.24,76.0,12.19910432,0.12302830600000013
0.0,7.41,3.84,0.78,0.14,518.0,86.0,72.0,1.0,1.0,0.0,2.0,0.0,1.0,3669.82,251.12,3541.71,676.44,42.0,11.68937762,0.3502783749999997
0.0,5.892338788,3.196927353,0.5032578348,0.181812906,600.0,65.98066294,68.73918331,0.0,0.0,0.0,1.0,1.0,1.0,3059.04,338.15,2547.95,572.69,70.65316336,11.17758122,0.13285080900000015
0.0,7.01,4.45,0.66,0.36,495.0,76.0,75.0,2.0,1.0,2.0,2.0,1.0,1.0,801.43,728.17,364.2,741.87,35.0,11.76602082,0.05057092200000001
1.0,6.42,3.7,0.53,0.38,1.0,83.0,32.0,2.0,1.0,1.0,2.0,1.0,0.0,110.69,488.87,519.32,262.95,83.0,11.2621159,0.11836621800000004
0.0,5.9,3.15,0.65,0.23,405.0,96.0,30.0,2.0,0.0,1.0,2.0,1.0,2.0,4435.4,584.89,110.12,754.44,95.0,12.36323709,0.48525237066666654
0.0,7.05,2.12,0.74,0.33,558.0,75.0,35.0,2.0,0.0,0.0,2.0,1.0,0.0,3138.2,228.91,1217.09,746.95,32.0,12.25219469,0.20195885783333323
0.0,5.146978859,4.132282655,0.7896940854,0.1139795556,498.0,51.31194686,52.73491371,0.0,0.0,0.0,1.0,1.0,1.0,4368.95,701.34,2229.06,294.91,54.45453006,12.31849178,0.16614154108333343
0.0,7.12,3.59,0.53,0.11,431.0,38.0,79.0,0.0,0.0,2.0,1.0,0.0,1.0,3754.34,789.02,176.55,363.53,76.0,11.15689104,0.11128143800000012
0.0,7.07,3.85,0.61,0.32,419.0,32.0,55.0,1.0,0.0,2.0,0.0,0.0,1.0,897.86,674.11,1003.85,774.62,95.0,11.48857856,0.38740253299999977
4.0,6.42,2.66,0.55,0.21,1.0,20.0,48.0,2.0,1.0,1.0,2.0,1.0,0.0,2628.06,190.91,2882.69,209.97,92.0,11.09797801,0.6434160269999997
0.0,7.375736634,2.749466285,0.5942004225,0.2960589623,376.0,65.28569832,74.69552308,0.0,1.0,0.0,1.0,0.0,0.0,3681.29,733.16,755.82,276.56,41.09619513,11.31857221,0.23149689890476186
2.0,5.64,4.07,0.54,0.17,171.0,34.0,57.0,1.0,1.0,2.0,0.0,1.0,0.0,387.72,259.61,2095.46,212.76,83.0,12.37086394,0.31326945426190467
0.0,5.97,3.44,0.76,0.14,693.0,74.0,63.0,2.0,0.0,1.0,1.0,1.0,2.0,2435.56,591.61,1462.01,536.68,79.0,12.00947781,0.10040291150000004
0.0,6.08532006,2.931816945,0.6881047906,0.1958712697,662.0,72.34518424,35.69012464,1.0,1.0,1.0,1.0,1.0,1.0,3648.55,292.68,2405.18,406.77,34.04278774,12.20243495,0.17578041950000006
0.0,6.34,3.61,0.73,0.27,380.0,95.0,38.0,0.0,0.0,1.0,2.0,0.0,0.0,2184.49,263.17,70.15,332.47,30.0,11.47632012,0.1513168585000002
0.0,5.44,2.15,0.74,0.24,1.0,96.0,52.0,2.0,1.0,1.0,0.0,1.0,2.0,394.74,767.75,1983.4,299.33,68.0,11.75540571,0.04907230000000001
0.0,5.9,3.15,0.65,0.23,405.0,96.0,30.0,2.0,0.0,1.0,2.0,1.0,2.0,4435.4,584.89,110.12,754.44,95.0,12.36323709,0.48525237066666654
4.0,6.82,3.14,0.74,0.26,120.0,82.0,21.0,2.0,0.0,0.0,2.0,0.0,0.0,1100.11,174.04,2892.44,200.54,72.0,11.51347202,0.12147524100000016
0.0,5.541728755,3.883634661,0.65590006,0.1111213221,316.0,72.00214868,54.36420788,1.0,0.0,2.0,1.0,1.0,0.0,833.55,205.47,2652.23,681.42,92.60541929,11.42254907,0.5030077885555552
0.0,5.587365843,2.595963812,0.5644867794,0.2625794053,378.0,59.79008117,92.8106596,2.0,1.0,1.0,2.0,0.0,1.0,4161.81,215.39,2432.66,613.06,85.96867024,12.37729112,0.6430058192499999
0.0,7.12,3.68,0.6,0.23,385.0,37.0,85.0,0.0,0.0,0.0,0.0,0.0,2.0,2974.93,410.44,3634.84,277.1,61.0,12.30329733,0.12874923250000003
0.0,5.256304437,3.233200786,0.6568100368,0.3770330993,415.0,57.51711777,95.88384548,2.0,1.0,0.0,0.0,1.0,1.0,3522.42,761.63,2418.01,668.18,50.91075799,12.32257271,0.18440089441666674
0.0,6.96,2.91,0.59,0.16,571.0,80.0,78.0,1.0,1.0,2.0,0.0,0.0,1.0,4231.44,255.66,1354.43,361.91,33.0,11.53255844,0.13740854200000022
5.0,5.03,2.14,0.74,0.25,214.0,43.0,56.0,2.0,1.0,1.0,0.0,1.0,0.0,2830.16,196.56,2851.44,198.07,66.0,11.80999021,0.17728200550000006
0.0,7.12,3.68,0.6,0.23,578.0,37.0,85.0,0.0,0.0,0.0,0.0,0.0,2.0,2974.93,410.44,3634.84,277.1,61.0,12.36176512,0.30936780159523813
0.0,7.05,2.12,0.74,0.33,186.0,75.0,35.0,2.0,0.0,0.0,2.0,1.0,0.0,3138.2,228.91,1217.09,746.95,32.0,12.14182164,0.13766187991666679
0.0,5.59,4.24,0.51,0.32,224.0,75.0,87.0,0.0,0.0,2.0,0.0,1.0,1.0,339.56,166.71,1597.98,306.47,53.0,11.36650142,0.05835688499999996
4.0,5.41,3.39,0.67,0.11,1.0,32.0,30.0,2.0,1.0,1.0,0.0,1.0,0.0,1409.69,186.85,2930.14,199.95,60.0,11.18747999,0.12120920800000015
5.0,5.03,2.14,0.74,0.25,214.0,43.0,56.0,2.0,1.0,1.0,0.0,1.0,0.0,2916.38,194.9,2874.44,198.37,66.0,11.80994169,0.17728200550000006
0.0,5.405137316,3.389178644,0.6666167546,0.1136480529,275.0,32.6097776,30.43044934,2.0,1.0,1.0,0.0,1.0,0.0,1549.93,226.38,3014.82,769.25,60.33883814,11.26937099,0.16666065383333348
0.0,6.0,2.49,0.69,0.29,588.0,39.0,36.0,0.0,0.0,1.0,0.0,0.0,2.0,3689.38,746.45,1523.76,782.97,66.0,11.21015176,0.1915875795
5.0,5.05,3.94,0.65,0.34,1.0,64.0,53.0,2.0,1.0,0.0,2.0,1.0,0.0,2876.22,194.31,2862.26,197.3,91.0,11.47224932,0.6374464029999998
3.0,7.41,3.84,0.78,0.14,345.0,86.0,43.0,1.0,1.0,0.0,2.0,0.0,1.0,467.72,168.68,2891.13,195.11,42.0,11.63692741,0.3427760677499997
0.0,7.01,2.83,0.62,0.11,219.0,37.0,52.0,2.0,0.0,0.0,0.0,1.0,1.0,2840.64,167.73,70.28,534.16,70.0,11.52576789,0.04907230000000001
1.0,7.07,3.85,0.61,0.32,279.0,32.0,55.0,1.0,0.0,2.0,0.0,0.0,1.0,352.49,184.13,1003.85,774.62,95.0,11.44581376,0.3898803909999997
0.0,7.42,2.81,0.72,0.16,463.0,78.0,76.0,1.0,0.0,2.0,2.0,1.0,2.0,314.92,157.45,2292.61,482.03,42.0,11.38093956,0.472295875333333
5.0,6.84,4.09,0.55,0.4,1.0,82.0,90.0,1.0,0.0,0.0,0.0,0.0,2.0,2645.07,182.59,2848.97,194.29,92.0,11.52430929,0.6067299999999995
0.0,6.34,3.61,0.73,0.27,253.0,95.0,38.0,0.0,0.0,1.0,2.0,0.0,0.0,2184.49,263.17,70.15,332.47,30.0,11.43779156,0.10353195466666673
0.0,6.82,3.14,0.74,0.26,360.0,82.0,36.0,2.0,0.0,0.0,2.0,0.0,0.0,4060.6,216.13,2338.88,323.46,72.0,11.58578257,0.16500831508333352
0.0,6.456166113,3.096478797,0.7018352972,0.3132484127,285.0,65.8660482,70.99263293,2.0,1.0,1.0,1.0,0.0,2.0,3766.18,776.64,707.5,747.35,83.9848851,11.42801708,0.04907230000000001
3.0,5.21,4.08,0.71,0.34,376.0,22.0,39.0,1.0,1.0,0.0,2.0,1.0,0.0,593.41,194.87,2983.08,199.98,93.0,11.6439177,0.6253109204999996
4.0,6.26,2.38,0.77,0.39,313.0,72.0,59.0,0.0,1.0,2.0,2.0,0.0,0.0,1550.08,170.61,2968.74,199.35,92.0,12.23122002,0.588563178833333
0.0,7.44,2.18,0.53,0.19,1.0,65.0,82.0,2.0,0.0,2.0,2.0,1.0,0.0,2250.17,407.14,2381.88,335.87,68.0,12.1969005,0.3139304614999997
0.0,6.02,3.84,0.54,0.18,181.0,32.0,59.0,1.0,0.0,0.0,1.0,1.0,1.0,347.86,173.84,77.26,630.9,56.0,11.464643,0.052302062555555556
0.0,5.45,3.84,0.55,0.15,695.0,51.0,55.0,1.0,0.0,1.0,0.0,0.0,1.0,2285.24,461.01,1972.2,631.59,38.0,11.25425353,0.11222773000000012
0.0,6.746692357,3.749403752,0.6247554045,0.3565887732,366.0,45.05643954,60.44026632,2.0,0.0,0.0,2.0,1.0,0.0,1535.08,500.33,2499.7,526.28,83.4404001,12.24063232,0.11282072900000005
4.0,6.29,2.76,0.79,0.16,168.0,65.0,57.0,1.0,1.0,1.0,1.0,0.0,1.0,744.9,157.26,2920.85,196.13,31.0,11.47591198,0.06082787249999996
0.0,6.23,3.65,0.64,0.17,109.0,38.0,98.0,0.0,0.0,0.0,0.0,1.0,2.0,362.71,182.8,1495.42,387.52,33.0,12.07268198,0.1429479050000001
0.0,6.21,3.04,0.68,0.27,687.0,43.0,77.0,0.0,1.0,2.0,1.0,1.0,0.0,169.43,713.47,3733.34,215.79,94.0,11.34362422,0.5360236696666664
0.0,5.15,4.13,0.79,0.11,165.0,51.0,52.0,0.0,0.0,0.0,1.0,1.0,1.0,367.53,177.39,2229.06,294.91,54.0,12.21932986,0.11695629500000022
0.0,5.41,4.19,0.62,0.26,360.0,38.0,79.0,1.0,1.0,2.0,2.0,1.0,2.0,548.54,194.9,138.53,411.75,39.0,11.16858303,0.06872849874999991
0.0,6.67,2.9,0.73,0.14,202.0,54.0,43.0,0.0,1.0,2.0,0.0,0.0,1.0,179.28,621.78,2626.14,228.42,39.0,11.15876268,0.08323563999999989
4.0,5.43,2.85,0.5,0.33,1.0,31.0,75.0,0.0,0.0,0.0,2.0,0.0,2.0,1320.74,433.92,2877.66,195.43,46.0,11.40496677,0.04907230000000001
4.0,6.04,3.97,0.69,0.29,138.0,39.0,66.0,1.0,1.0,0.0,0.0,1.0,0.0,1977.09,175.91,2875.56,195.56,61.0,11.91332962,0.08461445100000003
0.0,7.42,2.81,0.72,0.16,232.0,78.0,76.0,1.0,0.0,2.0,2.0,1.0,2.0,314.92,157.46,2292.61,482.03,42.0,11.31399812,0.30439848799999975
0.0,7.42,2.81,0.72,0.16,694.0,78.0,76.0,1.0,0.0,2.0,2.0,1.0,2.0,2011.81,315.73,2292.61,482.03,42.0,11.45020851,0.3293100708333331
5.0,5.03,2.14,0.74,0.25,428.0,43.0,56.0,2.0,1.0,1.0,0.0,1.0,0.0,2830.16,196.56,2851.44,198.07,66.0,11.87175845,0.2513154920833332
0.0,7.44,2.48,0.71,0.13,167.0,51.0,98.0,1.0,1.0,2.0,1.0,1.0,0.0,1125.36,176.85,3108.03,421.63,58.0,11.80522631,0.35119418099999977
1.0,5.86,3.32,0.61,0.16,290.0,54.0,38.0,1.0,0.0,2.0,1.0,1.0,0.0,821.47,185.73,4445.72,743.68,72.0,12.06148302,0.16150391408333342
1.0,5.9,3.15,0.65,0.23,135.0,96.0,30.0,2.0,0.0,1.0,2.0,1.0,2.0,537.9,195.31,1371.8,217.54,95.0,12.28256139,0.40611594666666656
0.0,6.7,3.12,0.73,0.3,135.0,39.0,40.0,2.0,0.0,0.0,0.0,0.0,0.0,2016.6,417.93,1559.79,221.11,80.0,12.20201329,0.13687504658333344
5.0,6.21,3.36,0.62,0.2,1.0,51.0,64.0,2.0,1.0,0.0,2.0,0.0,0.0,2672.0,192.59,2857.59,200.51,78.0,11.50954493,0.10545389200000008
5.0,6.87,3.35,0.59,0.3,170.0,59.0,59.0,0.0,1.0,1.0,2.0,1.0,0.0,2770.91,190.56,2876.2,198.24,76.0,12.19912448,0.12302830600000013
0.0,5.05,3.94,0.65,0.34,274.0,64.0,53.0,2.0,1.0,0.0,2.0,1.0,0.0,1531.03,480.75,297.23,200.72,91.0,11.55411329,0.4010811936666665
5.0,6.01,3.44,0.77,0.24,183.0,46.0,80.0,0.0,1.0,0.0,2.0,0.0,2.0,2692.3,177.57,2868.0,193.51,40.0,11.68118876,0.08710940800000001
3.0,5.71,4.34,0.66,0.26,98.0,28.0,67.0,2.0,0.0,0.0,2.0,1.0,2.0,465.57,182.0,2932.81,195.54,42.0,12.31120974,0.04907230000000001
0.0,5.59,4.24,0.51,0.32,336.0,75.0,87.0,0.0,0.0,2.0,0.0,1.0,1.0,1972.4,260.47,1597.98,306.47,53.0,11.40078403,0.06795144383333325
0.0,6.39,3.21,0.61,0.27,242.0,90.0,78.0,1.0,1.0,2.0,1.0,0.0,0.0,326.88,162.15,4004.57,246.63,75.0,11.7095537,0.14643515616666683
0.0,5.21,4.08,0.71,0.34,564.0,38.0,39.0,1.0,1.0,0.0,2.0,1.0,0.0,2574.21,202.37,3436.33,223.66,93.0,11.70058615,0.641678218333333
0.0,7.301887126,4.135586002,0.7388950729,0.1874173394,291.0,87.44208866,82.17308581,1.0,0.0,2.0,2.0,1.0,0.0,139.62,401.64,1959.25,253.99,50.90695934,11.47098319,0.3098545538333331
5.0,5.97,3.44,0.76,0.14,462.0,74.0,63.0,2.0,0.0,1.0,1.0,1.0,2.0,2713.85,193.87,2911.47,195.6,79.0,11.94017076,0.14868512025000016
0.0,7.05,2.12,0.74,0.33,186.0,75.0,35.0,2.0,0.0,0.0,2.0,1.0,0.0,3138.2,228.91,1217.09,746.95,32.0,12.14183008,0.13766187991666679
2.0,6.46,3.1,0.7,0.31,94.0,65.0,70.0,2.0,1.0,1.0,1.0,0.0,2.0,401.35,199.96,1831.94,174.66,83.0,11.3707394,0.05007621750000001
2.0,5.41,3.39,0.67,0.11,92.0,32.0,30.0,2.0,1.0,1.0,0.0,1.0,0.0,817.12,209.57,2504.14,199.66,60.0,11.21449778,0.1201163946666668
0.0,7.12,3.68,0.6,0.23,192.0,37.0,85.0,0.0,0.0,0.0,0.0,0.0,2.0,2974.93,410.44,3634.84,277.1,61.0,12.2472905,0.09505888174999998
0.0,6.94,2.46,0.64,0.2,628.0,45.0,83.0,2.0,1.0,1.0,0.0,0.0,1.0,2775.41,236.2,2190.72,647.18,76.0,11.23035416,0.1468652540000002
0.0,7.12,3.68,0.6,0.23,578.0,37.0,85.0,0.0,0.0,0.0,0.0,0.0,2.0,2974.93,410.44,3634.84,277.1,61.0,12.36176512,0.30936780159523813
0.0,6.38,2.79,0.6,0.19,526.0,86.0,63.0,0.0,0.0,1.0,2.0,1.0,1.0,1889.35,340.61,631.28,692.81,75.0,11.53805287,0.1285209803333335
1.0,7.01,2.83,0.62,0.11,110.0,22.0,52.0,2.0,0.0,0.0,0.0,1.0,1.0,419.22,199.33,1140.8,194.22,70.0,11.49312296,0.05007621750000001
0.0,7.42,2.81,0.72,0.16,232.0,78.0,76.0,1.0,0.0,2.0,2.0,1.0,2.0,314.92,157.46,2292.61,482.03,42.0,11.31400422,0.30439848799999975
0.0,5.91,3.66,0.72,0.16,246.0,81.0,83.0,2.0,0.0,0.0,1.0,1.0,0.0,267.3,157.62,4377.75,457.08,79.0,11.79968971,0.12173247016666677
0.0,6.39,3.21,0.61,0.27,121.0,90.0,78.0,1.0,1.0,2.0,1.0,0.0,0.0,245.91,122.83,4004.57,246.63,75.0,11.67338544,0.1435086531666668
0.0,7.38,2.75,0.59,0.3,250.0,39.0,74.0,0.0,1.0,0.0,1.0,0.0,0.0,1853.71,166.59,755.82,276.56,41.0,11.2806308,0.2295721005714285
0.0,6.23,3.85,0.55,0.21,513.0,42.0,96.0,2.0,1.0,0.0,2.0,1.0,1.0,2737.48,327.36,1231.01,749.07,67.0,11.97728287,0.19894829488888877
0.0,6.67,2.59,0.76,0.18,144.0,58.0,76.0,0.0,0.0,2.0,1.0,1.0,1.0,1913.61,326.97,825.52,691.49,69.0,11.35857658,0.05125961200000001
0.0,5.65,3.24,0.71,0.27,100.0,86.0,80.0,0.0,0.0,1.0,1.0,0.0,0.0,327.0,161.77,4200.11,792.34,85.0,11.63123172,0.5496621834999997
4.0,6.26,2.38,0.77,0.39,156.0,72.0,59.0,0.0,1.0,2.0,2.0,0.0,0.0,2111.92,181.54,2909.87,195.39,92.0,12.18507066,0.5879878553333329
5.0,5.97,3.44,0.76,0.14,231.0,74.0,63.0,2.0,0.0,1.0,1.0,1.0,2.0,2594.32,190.47,2839.13,209.03,79.0,11.8732674,0.07802187049999997
0.0,6.23,3.65,0.64,0.17,329.0,38.0,98.0,0.0,0.0,0.0,0.0,1.0,2.0,1427.61,714.67,1495.42,387.52,33.0,12.138974,0.09960648758333333
0.0,6.36,3.68,0.5,0.15,273.0,42.0,98.0,1.0,0.0,2.0,2.0,0.0,0.0,4377.5,337.95,2412.61,597.02,70.0,11.80190255,0.15676288800000013
0.0,7.27,3.92,0.51,0.36,502.0,75.0,93.0,2.0,1.0,1.0,0.0,0.0,2.0,3400.55,234.86,1633.8,357.55,52.0,12.35844417,0.4396207330833331
0.0,7.17,3.62,0.71,0.16,221.0,69.0,60.0,0.0,0.0,0.0,2.0,0.0,2.0,403.29,171.22,1596.1,315.44,33.0,12.19211041,0.21570912891666663
0.0,6.25,2.45,0.64,0.17,1.0,91.0,31.0,1.0,1.0,1.0,1.0,1.0,1.0,310.72,131.25,618.66,271.69,45.0,12.12544735,0.12078280711904776
0.0,6.09,2.93,0.69,0.2,661.0,72.0,35.0,1.0,1.0,1.0,1.0,1.0,1.0,3648.55,292.68,2405.18,406.77,34.0,12.2023861,0.17578041950000006
0.0,7.23,4.3,0.66,0.24,503.0,61.0,46.0,0.0,1.0,0.0,1.0,0.0,1.0,128.43,521.68,158.09,205.08,98.0,12.08801127,0.509501939
0.0,5.91,3.66,0.72,0.16,246.0,81.0,83.0,2.0,0.0,0.0,1.0,1.0,0.0,267.3,157.62,4377.75,457.08,79.0,11.79967569,0.12173247016666677
0.0,7.41,3.84,0.78,0.14,345.0,86.0,72.0,1.0,1.0,0.0,2.0,0.0,1.0,268.18,133.1,3541.71,676.44,42.0,11.63694407,0.3436336784999996
4.0,5.94,4.09,0.55,0.34,206.0,95.0,73.0,2.0,0.0,1.0,1.0,0.0,2.0,2865.39,191.72,2906.42,194.69,44.0,11.32374512,0.04907230000000001
5.0,6.23,3.85,0.55,0.21,171.0,42.0,96.0,2.0,1.0,0.0,2.0,1.0,1.0,2924.05,196.39,2828.56,193.77,67.0,11.87518638,0.13266526350000016
0.0,6.29,2.76,0.79,0.16,337.0,65.0,57.0,1.0,1.0,1.0,1.0,0.0,1.0,325.88,158.79,4338.47,298.47,31.0,11.525585,0.13939116766666682
0.0,6.38,2.79,0.6,0.19,1.0,86.0,63.0,0.0,0.0,1.0,2.0,1.0,1.0,1889.35,340.61,631.28,692.81,75.0,11.38438262,0.05125961200000001
1.0,6.42,3.7,0.53,0.38,195.0,83.0,32.0,2.0,1.0,1.0,2.0,1.0,0.0,110.69,488.87,519.32,262.95,83.0,11.19922654,0.11836621800000004
0.0,5.71,4.34,0.66,0.26,294.0,48.0,67.0,2.0,0.0,0.0,2.0,1.0,2.0,3313.08,212.76,3635.85,690.65,42.0,12.37029545,0.36520318423412695
0.0,6.63,2.32,0.64,0.35,603.0,56.0,73.0,1.0,0.0,1.0,1.0,1.0,0.0,104.91,208.84,2206.47,300.61,84.0,11.25777779,0.3279952781666664
0.0,6.96,2.91,0.59,0.16,381.0,80.0,78.0,1.0,1.0,2.0,0.0,0.0,1.0,266.63,131.84,1354.43,361.91,33.0,11.47529288,0.1501558850000002
3.0,5.05,2.23,0.61,0.13,89.0,33.0,47.0,0.0,1.0,1.0,1.0,0.0,2.0,453.58,189.26,2790.44,200.64,72.0,11.49639291,0.12432258400000025
0.0,5.54,3.88,0.66,0.11,315.0,72.0,54.0,1.0,0.0,2.0,1.0,1.0,0.0,833.55,205.47,2652.23,681.42,92.0,11.4225277,0.5030077885555552
1.0,5.94,4.09,0.55,0.34,411.0,95.0,73.0,2.0,0.0,1.0,1.0,0.0,2.0,378.77,163.12,1329.85,255.25,44.0,11.38324365,0.12601241983333353
0.0,6.87,3.35,0.59,0.3,508.0,59.0,59.0,0.0,1.0,1.0,2.0,1.0,0.0,4332.25,220.93,1623.48,284.73,76.0,12.30002911,0.1672166737500001
0.0,7.29,2.83,0.65,0.32,193.0,58.0,79.0,1.0,1.0,0.0,2.0,1.0,1.0,1321.31,169.69,4434.23,442.63,78.0,11.7797539,0.29628475799999976
0.0,6.21,3.04,0.68,0.27,687.0,43.0,77.0,0.0,1.0,2.0,1.0,1.0,0.0,169.43,713.47,3733.34,215.79,94.0,11.34362422,0.5360236696666664
2.0,5.64,4.07,0.54,0.17,171.0,34.0,57.0,1.0,1.0,2.0,0.0,1.0,0.0,394.58,226.31,2083.46,212.93,83.0,12.37085047,0.31326945426190467
1.0,6.29,2.76,0.79,0.16,168.0,65.0,57.0,1.0,1.0,1.0,1.0,0.0,1.0,296.82,143.14,1497.72,198.08,31.0,11.47594115,0.07438360549999994
0.0,7.01,4.45,0.66,0.36,330.0,76.0,75.0,2.0,1.0,2.0,2.0,1.0,1.0,801.43,728.17,364.2,741.87,35.0,11.71598751,0.04907230000000001
0.0,5.89,3.2,0.5,0.18,199.0,65.0,68.0,0.0,0.0,0.0,1.0,1.0,1.0,3059.04,338.15,2547.95,572.69,70.0,11.11415792,0.04907230000000001
0.0,7.41,3.84,0.78,0.14,518.0,86.0,72.0,1.0,1.0,0.0,2.0,0.0,1.0,3669.82,251.12,3541.71,676.44,42.0,11.68937762,0.3502783749999997
5.0,5.45,3.84,0.55,0.15,231.0,51.0,55.0,1.0,0.0,1.0,0.0,0.0,1.0,2744.03,193.75,2937.77,196.4,38.0,11.11744756,0.07760013099999997
0.0,5.15,4.13,0.79,0.11,165.0,51.0,52.0,0.0,0.0,0.0,1.0,1.0,1.0,367.53,177.39,2229.06,294.91,54.0,12.21932573,0.11695629500000022
0.0,6.23,3.65,0.64,0.17,219.0,38.0,98.0,0.0,0.0,0.0,0.0,1.0,2.0,206.72,194.35,1495.42,387.52,33.0,12.10530374,0.1638654275000001
0.0,6.25,2.45,0.64,0.17,1.0,91.0,31.0,1.0,1.0,1.0,1.0,1.0,1.0,310.72,131.25,618.66,271.69,45.0,12.12544273,0.12078280711904776
1.0,6.13,4.36,0.74,0.24,166.0,36.0,56.0,0.0,1.0,1.0,0.0,1.0,1.0,402.89,183.86,3785.3,270.22,89.0,11.09418635,0.5282219666666664
1.0,6.42,3.7,0.53,0.38,389.0,83.0,32.0,2.0,1.0,1.0,2.0,1.0,0.0,110.69,488.87,519.32,262.95,83.0,11.13677176,0.15350033000000013
0.0,7.474646443,2.185449915,0.5745216286,0.246769788,396.0,63.10435456,59.08544908,0.0,1.0,0.0,2.0,1.0,1.0,3537.6,727.65,3282.57,257.79,36.27957971,11.50808178,0.28633027299999986
0.0,6.55,3.49,0.51,0.38,156.0,77.0,95.0,1.0,0.0,2.0,1.0,1.0,0.0,302.06,149.91,3537.83,710.51,45.0,12.0804672,0.24107756366666674
0.0,7.05,2.13,0.64,0.29,466.0,98.0,67.0,0.0,0.0,1.0,1.0,0.0,1.0,3922.46,260.71,1380.68,415.8,82.0,11.65040445,0.1993652061666667
0.0,7.05,2.12,0.74,0.33,372.0,75.0,35.0,2.0,0.0,0.0,2.0,1.0,0.0,3138.2,228.91,1217.09,746.95,32.0,12.19614013,0.18453442383333332
1.0,6.13,4.27,0.73,0.26,305.0,86.0,67.0,1.0,1.0,1.0,1.0,1.0,2.0,106.39,414.63,1398.98,761.93,91.0,11.61138789,0.38787835122222203
1.0,6.82,3.14,0.74,0.26,240.0,82.0,21.0,2.0,0.0,0.0,2.0,0.0,0.0,626.46,192.2,1562.56,221.38,72.0,11.54908043,0.10741501100000005
0.0,5.18,3.3,0.77,0.21,427.0,64.0,79.0,1.0,1.0,2.0,2.0,0.0,0.0,1867.55,234.08,2356.35,560.55,83.0,11.92814216,0.22411306700000005
0.0,6.36,3.68,0.5,0.15,91.0,42.0,98.0,1.0,0.0,2.0,2.0,0.0,0.0,2152.64,163.55,2412.61,597.02,70.0,11.74705359,0.15178020500000008
0.0,7.12,3.59,0.53,0.11,143.0,38.0,79.0,0.0,0.0,2.0,1.0,0.0,1.0,2247.97,177.36,176.55,363.53,76.0,11.11046584,0.04907230000000001
5.0,6.63,2.32,0.64,0.35,201.0,56.0,44.0,1.0,0.0,1.0,1.0,1.0,0.0,2760.6,194.51,2840.8,201.48,84.0,11.13855839,0.15046942850000014
1.0,7.01,2.83,0.62,0.11,110.0,22.0,52.0,2.0,0.0,0.0,0.0,1.0,1.0,531.15,195.49,1171.79,194.91,70.0,11.49311825,0.04907230000000001
0.0,7.29,2.83,0.65,0.32,193.0,58.0,79.0,1.0,1.0,0.0,2.0,1.0,1.0,973.5,181.13,4434.23,442.63,78.0,11.77975685,0.29601872499999976
5.0,7.05,2.13,0.64,0.29,1.0,98.0,67.0,0.0,0.0,1.0,1.0,0.0,1.0,2766.35,194.56,2864.11,197.4,82.0,11.51361026,0.08520027000000002
4.0,5.05,2.23,0.61,0.13,89.0,33.0,78.0,0.0,1.0,1.0,1.0,0.0,2.0,1520.19,198.44,2896.08,198.18,72.0,11.49640193,0.08541254699999992
0.0,6.94,2.46,0.64,0.2,419.0,45.0,83.0,2.0,1.0,1.0,0.0,0.0,1.0,2775.41,236.2,2190.72,647.18,76.0,11.16707193,0.1266113560000002
0.0,6.67,2.59,0.76,0.18,434.0,58.0,76.0,0.0,0.0,2.0,1.0,1.0,1.0,1913.61,326.97,825.52,691.49,69.0,11.44520403,0.1410303658333335
0.0,6.8,2.67,0.67,0.24,545.0,54.0,89.0,1.0,1.0,0.0,1.0,1.0,1.0,4374.08,403.67,1396.45,718.65,80.0,11.47632097,0.11689775833333355
5.0,5.03,2.14,0.74,0.25,428.0,43.0,56.0,2.0,1.0,1.0,0.0,1.0,0.0,2916.38,194.9,2874.44,198.37,66.0,11.87171723,0.2513154920833332
5.0,7.27,3.92,0.51,0.36,168.0,45.0,93.0,2.0,1.0,1.0,0.0,0.0,2.0,2747.17,193.79,2889.94,193.49,52.0,12.25871126,0.359150266333333
5.0,6.21,3.36,0.62,0.2,112.0,51.0,64.0,2.0,1.0,0.0,2.0,0.0,0.0,2903.14,195.52,2857.59,200.51,78.0,11.54176812,0.10545389200000008
0.0,6.25,2.45,0.64,0.17,237.0,91.0,31.0,1.0,1.0,1.0,1.0,1.0,1.0,310.72,131.25,618.66,271.69,45.0,12.19438684,0.12412673111904779
0.0,7.006962322,4.448633209,0.6618493277,0.3565808487,496.0,76.1208014,75.17410024,2.0,1.0,2.0,2.0,1.0,1.0,801.43,728.17,364.2,741.87,35.49806476,11.76605746,0.05057092200000001
2.0,7.44,2.48,0.71,0.13,84.0,30.0,98.0,1.0,1.0,2.0,1.0,1.0,0.0,448.44,198.69,2493.98,206.95,58.0,11.78092429,0.3633261149999996
0.0,6.34,3.61,0.73,0.27,253.0,95.0,38.0,0.0,0.0,1.0,2.0,0.0,0.0,2184.49,263.17,70.15,332.47,30.0,11.43778485,0.10353195466666673
2.0,7.41,3.84,0.78,0.14,345.0,51.0,43.0,1.0,1.0,0.0,2.0,0.0,1.0,662.1,191.32,2299.97,199.23,42.0,11.6369362,0.33338556641666633
0.0,5.09,3.09,0.73,0.33,106.0,99.0,48.0,0.0,0.0,1.0,1.0,1.0,1.0,397.69,160.02,4010.89,767.06,42.0,11.19033435,0.17929528433333344
4.0,5.43,2.85,0.5,0.33,1.0,31.0,75.0,0.0,0.0,0.0,2.0,0.0,2.0,1320.74,433.92,2877.66,195.43,46.0,11.40497128,0.04907230000000001
0.0,6.390427215,3.210549562,0.611399173,0.2677713098,364.0,90.13604546,78.78876294,1.0,1.0,2.0,1.0,0.0,0.0,1975.07,415.23,4004.57,246.63,75.74198069,11.74627951,0.11153259966666676
0.0,6.94,2.46,0.64,0.2,1.0,45.0,83.0,2.0,1.0,1.0,0.0,0.0,1.0,2775.41,236.2,2190.72,647.18,76.0,11.13018774,0.04907230000000001
0.0,7.42,2.81,0.72,0.16,463.0,78.0,76.0,1.0,0.0,2.0,2.0,1.0,2.0,314.95,157.39,2292.61,482.03,42.0,11.38091017,0.472295875333333
0.0,7.17,3.62,0.71,0.16,110.0,69.0,60.0,0.0,0.0,0.0,2.0,0.0,2.0,403.29,171.22,1596.1,315.44,33.0,12.15886244,0.21240696066666662
0.0,7.23,4.03,0.67,0.2,1.0,49.0,30.0,0.0,0.0,0.0,0.0,0.0,2.0,3009.75,615.6,947.86,795.78,85.0,11.48764389,0.576727390666667
0.0,6.81,2.96,0.6,0.22,592.0,35.0,73.0,0.0,1.0,0.0,1.0,0.0,0.0,2823.94,340.35,190.55,268.99,36.0,12.04757798,0.13330864250000007
1.0,5.9,3.15,0.65,0.23,270.0,96.0,18.0,2.0,0.0,1.0,2.0,1.0,2.0,537.9,195.31,1172.11,759.79,95.0,12.32227979,0.43117351766666645
2.0,5.05,3.94,0.65,0.34,183.0,64.0,53.0,2.0,1.0,0.0,2.0,1.0,0.0,795.97,198.31,2563.44,189.78,91.0,11.52654641,0.5277800789999997
3.0,5.48,2.63,0.65,0.17,178.0,23.0,65.0,0.0,0.0,2.0,0.0,1.0,2.0,500.38,185.11,2874.12,194.38,37.0,11.21125183,0.049915779
0.0,7.417621812,2.808788351,0.7234641105,0.164393013,695.0,78.74245869,76.22627427,1.0,0.0,2.0,2.0,1.0,2.0,2011.81,315.73,2292.61,482.03,42.2241352,11.45025736,0.3293100708333331
3.0,6.21,3.36,0.62,0.2,223.0,51.0,64.0,2.0,1.0,0.0,2.0,0.0,0.0,435.93,181.46,2857.59,200.51,78.0,11.57500259,0.08621064599999999
0.0,6.67,2.9,0.73,0.14,404.0,54.0,43.0,0.0,1.0,2.0,0.0,0.0,1.0,179.28,621.78,2626.14,228.42,39.0,11.09931324,0.21327761099999998
0.0,5.27,3.48,0.77,0.2,317.0,47.0,42.0,1.0,1.0,0.0,0.0,1.0,2.0,332.06,158.96,4048.1,687.35,45.0,11.25153054,0.17594692266666684
0.0,5.86,3.32,0.61,0.16,435.0,54.0,38.0,1.0,0.0,2.0,1.0,1.0,0.0,3599.64,770.47,4445.72,743.68,72.0,12.105456,0.18505859858333337
3.0,5.21,4.08,0.71,0.34,188.0,22.0,39.0,1.0,1.0,0.0,2.0,1.0,0.0,486.05,184.99,2900.07,199.85,93.0,11.58902486,0.5987589284999997
3.0,6.21,3.36,0.62,0.2,223.0,51.0,64.0,2.0,1.0,0.0,2.0,0.0,0.0,486.19,181.34,2857.59,200.51,78.0,11.5750044,0.08621064599999999
0.0,7.29,2.83,0.65,0.32,97.0,58.0,79.0,1.0,1.0,0.0,2.0,1.0,1.0,336.84,164.7,4434.23,442.63,78.0,11.75126607,0.30599108249999973
0.0,6.34,3.28,0.75,0.26,340.0,83.0,94.0,2.0,1.0,1.0,0.0,0.0,0.0,3035.95,476.62,3222.69,767.67,72.0,11.89448811,0.1364520645000001
0.0,5.83,4.26,0.51,0.33,636.0,61.0,49.0,2.0,1.0,0.0,0.0,1.0,1.0,107.37,392.88,2588.26,228.29,36.0,11.60908687,0.24990751449999976
0.0,7.29,2.83,0.65,0.32,1.0,58.0,79.0,1.0,1.0,0.0,2.0,1.0,1.0,335.34,167.56,4434.23,442.63,78.0,11.72311379,0.3055693429999997
3.0,7.05,2.13,0.64,0.29,311.0,98.0,67.0,0.0,0.0,1.0,1.0,0.0,1.0,398.58,160.42,2814.54,198.06,82.0,11.60339367,0.12506750866666685
0.0,5.43,2.85,0.5,0.33,253.0,31.0,75.0,0.0,0.0,0.0,2.0,0.0,2.0,211.87,723.35,1777.71,414.59,46.0,11.48085857,0.04907230000000001
0.0,7.44,2.18,0.53,0.19,121.0,65.0,82.0,2.0,0.0,2.0,2.0,1.0,0.0,2250.17,407.14,2381.88,335.87,68.0,12.23142426,0.3139304614999997
2.0,7.23,4.3,0.66,0.24,335.0,61.0,46.0,0.0,1.0,0.0,1.0,0.0,1.0,110.16,339.59,2850.17,196.58,98.0,12.03738355,0.7379352166666672
0.0,5.05,3.72,0.58,0.31,215.0,83.0,85.0,0.0,0.0,0.0,1.0,1.0,1.0,359.71,164.64,2434.94,304.36,60.0,12.26623357,0.12926757850000026
0.0,5.54,3.88,0.66,0.11,315.0,72.0,54.0,1.0,0.0,2.0,1.0,1.0,0.0,833.55,205.47,2652.23,681.42,92.0,11.4225277,0.5030077885555552
0.0,5.48,4.39,0.61,0.26,339.0,89.0,54.0,0.0,1.0,0.0,0.0,0.0,0.0,331.56,160.89,2208.45,330.22,71.0,11.40369547,0.15502808133333348
2.0,5.27,3.48,0.77,0.2,159.0,47.0,42.0,1.0,1.0,0.0,0.0,1.0,2.0,647.35,191.87,2970.5,198.32,45.0,11.20475649,0.12242659016666682
0.0,5.91,3.66,0.72,0.16,369.0,81.0,83.0,2.0,0.0,0.0,1.0,1.0,0.0,852.89,736.36,4377.75,457.08,79.0,11.83699728,0.09953061066666673
4.0,5.94,4.09,0.55,0.34,1.0,95.0,73.0,2.0,0.0,1.0,1.0,0.0,2.0,2865.39,191.72,2906.42,194.69,44.0,11.26618748,0.04907230000000001
2.0,6.13,4.27,0.73,0.26,152.0,86.0,67.0,1.0,1.0,1.0,1.0,1.0,2.0,278.17,163.22,2583.21,192.59,91.0,11.56638934,0.5058016824999997
0.0,6.84,4.09,0.55,0.4,499.0,82.0,90.0,1.0,0.0,0.0,0.0,0.0,2.0,2395.67,515.35,2973.66,264.56,92.0,11.67045035,0.5909207749999996
0.0,7.01,4.45,0.66,0.36,495.0,76.0,75.0,2.0,1.0,2.0,2.0,1.0,1.0,801.43,728.17,364.2,741.87,35.0,11.76602082,0.05057092200000001
0.0,5.9,3.15,0.65,0.23,405.0,96.0,30.0,2.0,0.0,1.0,2.0,1.0,2.0,4435.4,584.89,110.12,754.44,95.0,12.36323709,0.48525237066666654
0.0,7.12,3.68,0.6,0.23,385.0,37.0,85.0,0.0,0.0,0.0,0.0,0.0,2.0,2974.93,410.44,3634.84,277.1,61.0,12.30329478,0.12874923250000003
0.0,7.44,2.48,0.71,0.13,1.0,51.0,98.0,1.0,1.0,2.0,1.0,1.0,0.0,318.71,157.47,3108.03,421.63,58.0,11.75629253,0.39009891749999964
1.0,5.41,3.39,0.67,0.11,183.0,32.0,30.0,2.0,1.0,1.0,0.0,1.0,0.0,836.12,210.0,2641.97,178.4,60.0,11.24179038,0.1171067555000001
0.0,6.36,3.68,0.5,0.15,273.0,42.0,98.0,1.0,0.0,2.0,2.0,0.0,0.0,4377.5,337.95,2412.61,597.02,70.0,11.80190255,0.15676288800000013
5.0,5.05,3.94,0.65,0.34,1.0,64.0,53.0,2.0,1.0,0.0,2.0,1.0,0.0,2935.61,195.72,2850.06,197.14,91.0,11.47226229,0.6374464029999998
0.0,7.07,3.85,0.61,0.32,279.0,32.0,55.0,1.0,0.0,2.0,0.0,0.0,1.0,353.96,179.72,1003.85,774.62,95.0,11.44580982,0.3898803909999997
4.0,6.26,2.38,0.77,0.39,156.0,72.0,59.0,0.0,1.0,2.0,2.0,0.0,0.0,2197.92,183.41,2849.52,197.29,92.0,12.18504202,0.577080120333333
0.0,6.25,2.45,0.64,0.17,119.0,91.0,31.0,1.0,1.0,1.0,1.0,1.0,1.0,310.72,131.25,618.66,271.69,45.0,12.15940477,0.12120454661904777
0.0,6.01,3.44,0.77,0.24,547.0,46.0,80.0,0.0,1.0,0.0,2.0,0.0,2.0,102.2,276.88,100.8,207.37,40.0,11.78919332,0.1914706333333334
3.0,7.3,4.14,0.74,0.19,96.0,87.0,82.0,1.0,0.0,2.0,2.0,1.0,0.0,382.82,157.96,2864.51,194.29,50.0,11.41248001,0.31707735149999977
0.0,7.23,4.03,0.67,0.2,337.0,49.0,30.0,0.0,0.0,0.0,0.0,0.0,2.0,3009.75,615.6,947.86,795.78,85.0,11.58488579,0.5797170123333334
0.0,6.94,2.46,0.64,0.2,419.0,45.0,83.0,2.0,1.0,1.0,0.0,0.0,1.0,2775.41,236.2,2190.72,647.18,76.0,11.16707625,0.1266113560000002
0.0,5.91,3.66,0.72,0.16,123.0,81.0,83.0,2.0,0.0,0.0,1.0,1.0,0.0,267.3,157.62,4377.75,457.08,79.0,11.7628985,0.12173247016666677
0.0,6.38,2.79,0.6,0.19,351.0,86.0,63.0,0.0,0.0,1.0,2.0,1.0,1.0,1889.35,340.61,631.28,692.81,75.0,11.48499456,0.08387859483333328
2.0,7.38,2.75,0.59,0.3,125.0,39.0,74.0,0.0,1.0,0.0,1.0,0.0,0.0,411.34,199.61,2436.12,189.24,41.0,11.24326372,0.30623100549999976
0.0,5.32,2.64,0.61,0.36,690.0,56.0,99.0,2.0,0.0,1.0,1.0,0.0,0.0,1466.4,709.97,2587.67,305.43,43.0,11.74909577,0.10238552200000005
0.0,6.67,2.9,0.73,0.14,404.0,54.0,43.0,0.0,1.0,2.0,0.0,0.0,1.0,179.28,621.78,2626.14,228.42,39.0,11.09930454,0.21327761099999998
0.0,6.208928418,3.041876597,0.6826068731,0.2693733066,688.0,43.11057266,77.5826895,0.0,1.0,2.0,1.0,1.0,0.0,169.43,713.47,3733.34,215.79,94.01519694,11.34367308,0.5360236696666664
0.0,5.41,4.19,0.62,0.26,180.0,38.0,79.0,1.0,1.0,2.0,2.0,1.0,2.0,355.76,177.88,138.53,411.75,39.0,11.11601072,0.04907230000000001
0.0,6.55,3.49,0.51,0.38,312.0,77.0,95.0,1.0,0.0,2.0,1.0,1.0,0.0,309.89,136.34,3537.83,710.51,45.0,12.12664269,0.2842245824523809
0.0,5.65,3.24,0.71,0.27,1.0,86.0,80.0,0.0,0.0,1.0,1.0,0.0,0.0,377.77,164.14,4200.11,792.34,85.0,11.60188574,0.5463989064999997
0.0,6.23,3.65,0.64,0.17,109.0,38.0,98.0,0.0,0.0,0.0,0.0,1.0,2.0,362.71,182.8,1495.42,387.52,33.0,12.07268788,0.1429479050000001
3.0,5.17,4.01,0.52,0.36,323.0,34.0,21.0,0.0,0.0,1.0,2.0,0.0,2.0,618.66,195.11,2909.61,200.41,40.0,12.07361005,0.18887418016666682
3.0,6.87,3.35,0.59,0.3,339.0,59.0,59.0,0.0,1.0,1.0,2.0,1.0,0.0,428.01,174.36,2876.2,198.24,76.0,12.24879231,0.12310755900000006
0.0,5.09,2.8,0.68,0.15,461.0,64.0,37.0,1.0,0.0,0.0,0.0,0.0,0.0,285.87,142.91,3028.9,755.84,43.0,11.39385073,0.5334758386666661
0.0,6.66,3.14,0.69,0.31,269.0,36.0,93.0,1.0,1.0,0.0,2.0,1.0,2.0,3027.28,185.91,1500.49,362.55,49.0,11.26011433,0.09735746500000012
0.0,6.39,3.21,0.61,0.27,363.0,90.0,78.0,1.0,1.0,2.0,1.0,0.0,0.0,1975.07,415.23,4004.57,246.63,75.0,11.74625508,0.11153259966666676
0.0,5.091160614,2.795799314,0.677393571,0.1482054961,693.0,64.91362022,37.48553482,1.0,0.0,0.0,0.0,0.0,0.0,3018.71,490.02,3028.9,755.84,43.30085563,11.46318778,0.1675328926666669
5.0,6.0,2.49,0.69,0.29,196.0,39.0,36.0,0.0,0.0,1.0,0.0,0.0,2.0,2956.69,197.29,2922.66,204.4,66.0,11.09390213,0.12514651600000015
4.0,5.83,4.26,0.51,0.33,424.0,61.0,49.0,2.0,1.0,0.0,0.0,1.0,1.0,351.19,383.53,2931.67,196.75,36.0,11.54519821,0.2365204549999998
0.0,6.34,3.61,0.73,0.27,253.0,95.0,38.0,0.0,0.0,1.0,2.0,0.0,0.0,2184.49,263.17,70.15,332.47,30.0,11.43778415,0.10353195466666673
5.0,5.45,3.84,0.55,0.15,231.0,51.0,55.0,1.0,0.0,1.0,0.0,0.0,1.0,2463.9,187.38,2937.77,196.4,38.0,11.11744352,0.07760013099999997
0.0,6.29,2.76,0.79,0.16,506.0,65.0,57.0,1.0,1.0,1.0,1.0,0.0,1.0,3013.23,370.06,4338.47,298.47,31.0,11.57682179,0.13564392116666688
5.0,5.77,3.9,0.74,0.33,176.0,35.0,51.0,2.0,0.0,1.0,0.0,1.0,1.0,2535.23,188.73,2910.19,194.33,38.0,11.41496523,0.07802187049999997
0.0,6.67,2.9,0.73,0.14,202.0,54.0,43.0,0.0,1.0,2.0,0.0,0.0,1.0,179.28,621.78,2626.14,228.42,39.0,11.15873703,0.08323563999999989
0.0,5.59,4.24,0.51,0.32,336.0,75.0,87.0,0.0,0.0,2.0,0.0,1.0,1.0,1972.4,260.47,1597.98,306.47,53.0,11.40078403,0.06795144383333325
0.0,5.029798988,2.144414617,0.7435615651,0.2537103083,643.0,73.28706358,56.35390809,2.0,1.0,1.0,0.0,1.0,0.0,1467.38,280.01,607.4,734.15,66.49403275,11.93627299,0.1587742668333335
0.0,5.15,4.13,0.79,0.11,165.0,51.0,52.0,0.0,0.0,0.0,1.0,1.0,1.0,367.53,177.39,2229.06,294.91,54.0,12.21933999,0.11695629500000022
0.0,6.548398864,3.490818206,0.5087270148,0.3780866429,469.0,77.61437062,95.06110578,1.0,0.0,2.0,1.0,1.0,0.0,3077.84,434.87,3537.83,710.51,45.55397122,12.17369301,0.25806368158333326
0.0,6.42,2.15,0.71,0.12,289.0,51.0,83.0,0.0,0.0,0.0,2.0,1.0,1.0,1976.28,407.9,2528.11,229.78,59.0,12.09755946,0.10197904291666675
2.0,5.41,3.39,0.67,0.11,92.0,32.0,30.0,2.0,1.0,1.0,0.0,1.0,0.0,830.12,209.87,2474.14,199.64,60.0,11.21449771,0.1201163946666668
5.0,5.05,2.23,0.61,0.13,1.0,33.0,78.0,0.0,1.0,1.0,1.0,0.0,2.0,2586.4,157.56,2896.08,198.18,72.0,11.46998659,0.1254821075000002
2.0,6.0,2.49,0.69,0.29,392.0,39.0,36.0,0.0,0.0,1.0,0.0,0.0,2.0,692.29,190.09,2428.46,232.52,66.0,11.15107921,0.13265659933333357
3.0,6.01,3.44,0.77,0.24,365.0,46.0,80.0,0.0,1.0,0.0,2.0,0.0,2.0,421.51,188.29,2900.51,194.35,40.0,11.73433259,0.09140926725
0.0,7.29,3.03,0.75,0.36,162.0,64.0,74.0,2.0,0.0,1.0,1.0,0.0,1.0,210.64,762.82,1730.07,368.56,52.0,12.1692443,0.21515064966666664
0.0,6.38,3.71,0.51,0.3,103.0,99.0,36.0,1.0,1.0,0.0,0.0,0.0,0.0,258.25,128.81,352.97,220.62,72.0,11.94007501,0.16861457500000016
0.0,7.07,3.85,0.61,0.32,419.0,32.0,55.0,1.0,0.0,2.0,0.0,0.0,1.0,897.86,674.11,1003.85,774.62,95.0,11.48857856,0.38740253299999977
0.0,6.13,4.36,0.74,0.24,498.0,36.0,56.0,0.0,1.0,1.0,0.0,1.0,1.0,4261.88,758.2,3785.3,270.22,89.0,11.16926877,0.5193300790952378
0.0,7.28,2.42,0.76,0.36,116.0,79.0,46.0,2.0,1.0,0.0,1.0,1.0,0.0,2970.74,312.58,403.78,753.84,46.0,11.12663797,0.25879924166666657
0.0,6.81,2.96,0.6,0.22,1.0,35.0,73.0,0.0,1.0,0.0,1.0,0.0,0.0,2823.94,340.35,190.55,268.99,36.0,11.87538842,0.08922375300000004
0.0,6.8,2.67,0.67,0.24,545.0,54.0,89.0,1.0,1.0,0.0,1.0,1.0,1.0,4374.08,403.67,1396.45,718.65,80.0,11.47632097,0.11689775833333355
0.0,5.59,2.6,0.56,0.26,377.0,59.0,92.0,2.0,1.0,1.0,2.0,0.0,1.0,4161.81,215.39,2432.66,613.06,85.0,12.37726363,0.6430058192499999
0.0,7.42,2.81,0.72,0.16,1.0,78.0,76.0,1.0,0.0,2.0,2.0,1.0,2.0,314.92,157.46,2292.61,482.03,42.0,11.24994104,0.3039767484999998
0.0,6.356011003,3.682627963,0.5042805772,0.1483835261,274.0,42.81548911,98.63076918,1.0,0.0,2.0,2.0,0.0,0.0,4377.5,337.95,2412.61,597.02,70.47396187,11.80192087,0.15676288800000013
0.0,6.94,2.46,0.64,0.2,210.0,45.0,83.0,2.0,1.0,1.0,0.0,0.0,1.0,2775.41,236.2,2190.72,647.18,76.0,11.10645673,0.04907230000000001
2.0,7.3,4.14,0.74,0.19,193.0,87.0,82.0,1.0,0.0,2.0,2.0,1.0,0.0,294.08,150.42,2864.51,194.29,50.0,11.44155639,0.32869128399999975
0.0,6.23,3.85,0.55,0.21,513.0,42.0,96.0,2.0,1.0,0.0,2.0,1.0,1.0,2737.48,327.36,1231.01,749.07,67.0,11.97728287,0.19894829488888877
0.0,7.29,3.03,0.75,0.36,325.0,64.0,74.0,2.0,0.0,1.0,1.0,0.0,1.0,210.64,762.82,1730.07,368.56,52.0,12.21712945,0.2396944005
0.0,6.13,4.36,0.74,0.24,498.0,36.0,56.0,0.0,1.0,1.0,0.0,1.0,1.0,4261.88,758.2,3785.3,270.22,89.0,11.16926877,0.5193300790952378
0.0,6.38,3.71,0.51,0.3,309.0,99.0,36.0,1.0,1.0,0.0,0.0,0.0,0.0,4347.14,534.45,352.97,220.62,72.0,12.0021403,0.12597363633333347
0.0,6.42,2.66,0.55,0.21,229.0,34.0,48.0,2.0,1.0,1.0,2.0,1.0,0.0,2654.51,164.83,1400.13,767.97,92.0,11.1623174,0.46001871383333315
4.0,6.63,2.32,0.64,0.35,201.0,56.0,73.0,1.0,0.0,1.0,1.0,1.0,0.0,2905.61,193.71,2796.19,196.66,84.0,11.13852977,0.07708176749999995
0.0,5.09,3.09,0.73,0.33,1.0,99.0,48.0,0.0,0.0,1.0,1.0,1.0,1.0,397.69,160.02,4010.89,767.06,42.0,11.1598665,0.1757609298333335
0.0,7.38,2.75,0.59,0.3,250.0,39.0,74.0,0.0,1.0,0.0,1.0,0.0,0.0,1853.71,166.59,755.82,276.56,41.0,11.28062674,0.2295721005714285
0.0,6.09,2.93,0.69,0.2,441.0,72.0,35.0,1.0,1.0,1.0,1.0,1.0,1.0,312.1,155.04,2405.18,406.77,34.0,12.13610083,0.25921980920238086
0.0,5.48,4.39,0.61,0.26,169.0,89.0,54.0,0.0,1.0,0.0,0.0,0.0,0.0,331.56,160.89,2208.45,330.22,71.0,11.35341101,0.11002332950000002
0.0,5.207020636,4.077877521,0.7105663065,0.3369301255,565.0,38.16243304,39.10936172,1.0,1.0,0.0,2.0,1.0,0.0,2574.21,202.37,3436.33,223.66,93.00890531,11.70062584,0.641678218333333
0.0,7.29,2.83,0.65,0.32,1.0,58.0,79.0,1.0,1.0,0.0,2.0,1.0,1.0,335.34,167.56,4434.23,442.63,78.0,11.72310558,0.3055693429999997
0.0,6.04,3.97,0.69,0.29,414.0,39.0,66.0,1.0,1.0,0.0,0.0,1.0,0.0,3123.19,226.18,3147.96,466.79,61.0,11.99578242,0.12376813433333345
0.0,5.59,2.6,0.56,0.26,377.0,59.0,92.0,2.0,1.0,1.0,2.0,0.0,1.0,4161.81,215.39,2432.66,613.06,85.0,12.37726363,0.6430058192499999
0.0,6.344594383,3.606513155,0.7273685482,0.2711960155,381.0,95.11392747,38.59925385,0.0,0.0,1.0,2.0,0.0,0.0,2184.49,263.17,70.15,332.47,30.65488963,11.4763476,0.15268703550000023
5.0,7.05,2.13,0.64,0.29,1.0,98.0,67.0,0.0,0.0,1.0,1.0,0.0,1.0,2824.23,195.53,2895.54,198.91,82.0,11.513575,0.08520027000000002
0.0,7.23,4.03,0.67,0.2,169.0,49.0,30.0,0.0,0.0,0.0,0.0,0.0,2.0,3009.75,615.6,947.86,795.78,85.0,11.53520415,0.576727390666667
2.0,5.54,3.88,0.66,0.11,210.0,72.0,54.0,1.0,0.0,2.0,1.0,1.0,0.0,393.6,171.93,2515.51,205.66,92.0,11.39067774,0.5164409104999996
0.0,6.250639808,4.11907621,0.5564023618,0.182358181,466.0,94.85228871,41.52335388,2.0,0.0,0.0,1.0,0.0,0.0,1803.78,378.72,2999.74,645.48,55.23603397,12.20066804,0.24119668674999986
0.0,6.7,3.12,0.73,0.3,1.0,39.0,40.0,2.0,0.0,0.0,0.0,0.0,0.0,2016.6,417.93,1559.79,221.11,80.0,12.16288898,0.13687504658333344
3.0,5.43,3.21,0.56,0.27,1.0,97.0,65.0,1.0,0.0,2.0,2.0,1.0,1.0,283.37,226.93,2878.52,194.36,47.0,11.99911534,0.06793081399999994
0.0,5.09,2.8,0.68,0.15,692.0,64.0,37.0,1.0,0.0,0.0,0.0,0.0,0.0,3018.71,490.02,3028.9,755.84,43.0,11.46313892,0.1675328926666669
0.0,5.45,3.84,0.55,0.15,463.0,51.0,55.0,1.0,0.0,1.0,0.0,0.0,1.0,339.38,165.88,1972.2,631.59,38.0,11.18433783,0.26056468699999974
5.0,6.01,3.44,0.77,0.24,1.0,46.0,80.0,0.0,1.0,0.0,2.0,0.0,2.0,2692.3,177.57,2868.0,193.51,40.0,11.62971641,0.07786616399999997
0.0,6.286599175,2.757701173,0.7865300645,0.1593244239,507.0,65.67462574,57.42188347,1.0,1.0,1.0,1.0,0.0,1.0,3013.23,370.06,4338.47,298.47,31.08951938,11.57685844,0.13564392116666688
0.0,7.29,3.03,0.75,0.36,488.0,64.0,74.0,2.0,0.0,1.0,1.0,0.0,1.0,210.64,762.82,1730.07,368.56,52.0,12.26656823,0.3062973838333331
3.0,5.18,3.3,0.77,0.21,1.0,64.0,79.0,1.0,1.0,2.0,2.0,0.0,0.0,489.61,175.89,2886.28,195.34,83.0,11.80245882,0.16659423400000029
0.0,6.42,2.15,0.71,0.12,145.0,51.0,83.0,0.0,0.0,0.0,2.0,1.0,1.0,1976.28,407.9,2528.11,229.78,59.0,12.05551266,0.06031711749999999
3.0,6.42,2.66,0.55,0.21,115.0,20.0,48.0,2.0,1.0,1.0,2.0,1.0,0.0,400.0,200.0,2882.69,209.97,92.0,11.12850168,0.5630774699999997
3.0,6.25,4.12,0.56,0.18,155.0,94.0,41.0,2.0,0.0,0.0,1.0,0.0,0.0,366.74,151.02,2948.98,200.0,55.0,12.10805174,0.1669544550000002
0.0,7.292803328,3.026528009,0.754000348,0.3633734076,489.0,64.80094066,74.82017189,2.0,0.0,1.0,1.0,0.0,1.0,210.64,762.82,1730.07,368.56,52.36459215,12.26660182,0.3062973838333331
5.0,6.87,3.35,0.59,0.3,170.0,59.0,59.0,0.0,1.0,1.0,2.0,1.0,0.0,2711.96,188.14,2876.2,198.24,76.0,12.19913118,0.12302830600000013
0.0,6.338665593,3.276051149,0.7482240049,0.2577989937,511.0,83.39490016,94.08240515,2.0,1.0,1.0,0.0,0.0,0.0,3035.95,476.62,3222.69,767.67,72.75541654,11.94577046,0.18187321050000008
0.0,5.77,3.9,0.74,0.33,530.0,35.0,85.0,2.0,0.0,1.0,0.0,1.0,1.0,3121.12,256.79,4294.02,721.07,38.0,11.52002226,0.11899936505555575
0.0,6.21,3.04,0.68,0.27,687.0,43.0,77.0,0.0,1.0,2.0,1.0,1.0,0.0,169.43,713.47,3733.34,215.79,94.0,11.34362422,0.5360236696666664
5.0,5.03,2.14,0.74,0.25,214.0,43.0,56.0,2.0,1.0,1.0,0.0,1.0,0.0,2787.17,195.69,2861.44,198.2,66.0,11.80996573,0.17728200550000006
0.0,6.25,2.45,0.64,0.17,119.0,91.0,31.0,1.0,1.0,1.0,1.0,1.0,1.0,310.72,131.25,618.66,271.69,45.0,12.15939302,0.12120454661904777
0.0,5.27,3.72,0.59,0.39,440.0,82.0,50.0,0.0,1.0,1.0,0.0,0.0,1.0,2744.96,374.82,2688.23,307.8,86.0,12.0566229,0.5398323681666665
0.0,6.55,3.49,0.51,0.38,468.0,77.0,95.0,1.0,0.0,2.0,1.0,1.0,0.0,3077.84,434.87,3537.83,710.51,45.0,12.17365942,0.2521976385833332
1.0,6.42,3.7,0.53,0.38,1.0,83.0,32.0,2.0,1.0,1.0,2.0,1.0,0.0,110.69,488.87,519.32,262.95,83.0,11.26210042,0.11836621800000004
0.0,6.23,3.85,0.55,0.21,513.0,42.0,96.0,2.0,1.0,0.0,2.0,1.0,1.0,2737.48,327.36,1231.01,749.07,67.0,11.97728287,0.19894829488888877
0.0,6.38,2.79,0.6,0.19,176.0,86.0,63.0,0.0,0.0,1.0,2.0,1.0,1.0,1889.35,340.61,631.28,692.81,75.0,11.43420428,0.05125961200000001
0.0,5.64,4.07,0.54,0.17,257.0,34.0,57.0,1.0,1.0,2.0,0.0,1.0,0.0,387.72,259.61,2926.68,408.94,83.0,12.39720755,0.33311267526190463
0.0,7.23,4.03,0.67,0.2,505.0,49.0,30.0,0.0,0.0,0.0,0.0,0.0,2.0,3009.75,615.6,947.86,795.78,85.0,11.63553134,0.5650296813333334
0.0,5.82,3.94,0.54,0.31,363.0,77.0,78.0,1.0,0.0,0.0,2.0,0.0,0.0,311.58,155.65,2436.27,221.71,99.0,12.22940599,0.5297963021190474
5.0,6.8,2.67,0.67,0.24,181.0,54.0,89.0,1.0,1.0,0.0,1.0,1.0,1.0,2592.91,190.13,2899.42,194.11,80.0,11.36832511,0.07828790349999996
0.0,7.3,4.14,0.74,0.19,290.0,87.0,82.0,1.0,0.0,2.0,2.0,1.0,0.0,139.62,401.64,1959.25,253.99,50.0,11.47096181,0.3098545538333331
0.0,6.42,2.66,0.55,0.21,229.0,34.0,48.0,2.0,1.0,1.0,2.0,1.0,0.0,2654.51,164.83,1400.13,767.97,92.0,11.16231655,0.46001871383333315
3.0,5.71,4.34,0.66,0.26,98.0,48.0,40.0,2.0,0.0,0.0,2.0,1.0,2.0,501.1,181.25,2878.83,195.5,42.0,12.31123208,0.09117049499999993
0.0,7.01,2.83,0.62,0.11,328.0,37.0,52.0,2.0,0.0,0.0,0.0,1.0,1.0,4178.6,693.29,70.28,534.16,70.0,11.55881977,0.04907230000000001
0.0,6.802262789,2.670404311,0.6749417856,0.2352035651,546.0,54.33300343,89.1811551,1.0,1.0,0.0,1.0,1.0,1.0,4374.08,403.67,1396.45,718.65,80.00560914,11.47636067,0.18467758333333317
2.0,6.8,2.67,0.67,0.24,363.0,54.0,89.0,1.0,1.0,0.0,1.0,1.0,1.0,366.29,176.1,2543.23,202.06,80.0,11.4214838,0.08216602324999993
3.0,7.47,2.19,0.57,0.25,131.0,63.0,59.0,0.0,1.0,0.0,2.0,1.0,1.0,428.36,173.65,2920.11,196.01,36.0,11.42916953,0.28764840999999974
0.0,6.36,3.68,0.5,0.15,182.0,25.0,98.0,1.0,0.0,2.0,2.0,0.0,0.0,3225.64,164.78,2412.61,597.02,70.0,11.77432966,0.15220194450000013
5.0,5.05,3.94,0.65,0.34,92.0,64.0,53.0,2.0,1.0,0.0,2.0,1.0,0.0,2903.45,195.18,2881.35,197.22,91.0,11.49924606,0.6428195129999997
2.0,7.05,2.13,0.64,0.29,311.0,98.0,67.0,0.0,0.0,1.0,1.0,0.0,1.0,548.34,194.95,2048.26,181.79,82.0,11.60340964,0.11416962216666686
0.0,7.44,2.48,0.71,0.13,167.0,51.0,98.0,1.0,1.0,2.0,1.0,1.0,0.0,365.17,177.35,3108.03,421.63,58.0,11.80522617,0.3686992249999996
3.0,6.46,3.1,0.7,0.31,94.0,65.0,70.0,2.0,1.0,1.0,1.0,0.0,2.0,405.68,174.33,2896.86,198.41,83.0,11.37072267,0.04907230000000001
0.0,5.43,3.21,0.56,0.27,601.0,97.0,65.0,1.0,0.0,2.0,2.0,1.0,1.0,283.37,226.93,561.99,775.95,47.0,12.17363616,0.2775197527619046
0.0,5.86,3.32,0.61,0.16,435.0,54.0,38.0,1.0,0.0,2.0,1.0,1.0,0.0,3599.64,770.47,4445.72,743.68,72.0,12.105456,0.18505859858333337
0.0,6.02,3.84,0.54,0.18,545.0,32.0,59.0,1.0,0.0,0.0,1.0,1.0,1.0,1810.22,215.79,77.26,630.9,56.0,11.57265976,0.11985484247222242
4.0,5.27,3.72,0.59,0.39,293.0,82.0,50.0,0.0,1.0,1.0,0.0,0.0,1.0,895.83,183.6,2872.31,200.81,86.0,12.01202146,0.5878713924999996
0.0,6.12,4.05,0.67,0.23,466.0,47.0,47.0,1.0,0.0,1.0,1.0,1.0,2.0,2679.6,262.09,3458.65,749.55,51.0,11.22602074,0.1741193752222224
0.0,7.05,2.12,0.74,0.33,558.0,75.0,35.0,2.0,0.0,0.0,2.0,1.0,0.0,3138.2,228.91,1217.09,746.95,32.0,12.25219469,0.20195885783333323
0.0,6.67,2.9,0.73,0.14,606.0,54.0,43.0,0.0,1.0,2.0,0.0,0.0,1.0,179.28,621.78,2626.14,228.42,39.0,11.16019251,0.2261172159999999
3.0,6.42,2.66,0.55,0.21,115.0,20.0,48.0,2.0,1.0,1.0,2.0,1.0,0.0,400.0,200.0,2882.69,209.97,92.0,11.12850757,0.5630774699999997
0.0,6.82,3.14,0.74,0.26,360.0,82.0,36.0,2.0,0.0,0.0,2.0,0.0,0.0,4060.6,216.13,2338.88,323.46,72.0,11.58578257,0.16500831508333352
4.0,5.26,3.23,0.66,0.38,138.0,34.0,95.0,2.0,1.0,0.0,0.0,1.0,1.0,1161.81,171.92,2851.42,193.68,50.0,12.2400855,0.17411176200000014
4.0,6.63,2.32,0.64,0.35,402.0,56.0,44.0,1.0,0.0,1.0,1.0,1.0,0.0,772.96,165.67,2840.8,201.48,84.0,11.19690482,0.2506068181666665
3.0,6.04,3.97,0.69,0.29,138.0,23.0,66.0,1.0,1.0,0.0,0.0,1.0,0.0,493.4,185.08,2851.4,200.13,61.0,11.91332028,0.09336697299999999
0.0,5.41,4.19,0.62,0.26,180.0,38.0,79.0,1.0,1.0,2.0,2.0,1.0,2.0,373.78,183.02,138.53,411.75,39.0,11.11602763,0.04907230000000001
3.0,6.13,4.27,0.73,0.26,305.0,86.0,67.0,1.0,1.0,1.0,1.0,1.0,2.0,451.52,188.38,2802.74,198.55,91.0,11.61138623,0.5033965284999995
0.0,6.67,2.9,0.73,0.14,606.0,54.0,43.0,0.0,1.0,2.0,0.0,0.0,1.0,179.28,621.78,2626.14,228.42,39.0,11.16019251,0.2261172159999999
0.0,7.01,2.83,0.62,0.11,328.0,37.0,52.0,2.0,0.0,0.0,0.0,1.0,1.0,4178.6,693.29,70.28,534.16,70.0,11.55881977,0.04907230000000001
4.0,6.42,2.66,0.55,0.21,1.0,20.0,48.0,2.0,1.0,1.0,2.0,1.0,0.0,2498.07,187.41,2882.69,209.97,92.0,11.09506722,0.6434160269999997
0.0,6.84,4.09,0.55,0.4,499.0,82.0,90.0,1.0,0.0,0.0,0.0,0.0,2.0,2395.67,515.35,2973.66,264.56,92.0,11.67045035,0.5909207749999996
4.0,5.05,2.23,0.61,0.13,89.0,33.0,78.0,0.0,1.0,1.0,1.0,0.0,2.0,1660.08,193.08,2896.08,198.18,72.0,11.49639324,0.08541254699999992
3.0,6.75,3.75,0.62,0.36,243.0,45.0,60.0,2.0,0.0,0.0,2.0,1.0,0.0,466.64,180.5,2874.06,201.93,83.0,12.20329313,0.103381442
0.0,5.43,2.85,0.5,0.33,253.0,31.0,75.0,0.0,0.0,0.0,2.0,0.0,2.0,211.87,723.35,1777.71,414.59,46.0,11.48085857,0.04907230000000001
0.0,6.230521382,3.64858563,0.6408177305,0.1660626132,330.0,38.08165954,98.11098676,0.0,0.0,0.0,0.0,1.0,2.0,1427.61,714.67,1495.42,387.52,33.08681931,12.13899843,0.09960648758333333
1.0,6.25,4.12,0.56,0.18,310.0,94.0,24.0,2.0,0.0,0.0,1.0,0.0,0.0,363.25,161.1,3018.72,499.71,55.0,12.15363419,0.19923123366666673
0.0,7.42,2.81,0.72,0.16,694.0,78.0,76.0,1.0,0.0,2.0,2.0,1.0,2.0,2011.81,315.73,2292.61,482.03,42.0,11.45020851,0.3293100708333331
0.0,5.82,3.94,0.54,0.31,181.0,77.0,78.0,1.0,0.0,0.0,2.0,0.0,0.0,311.52,155.76,2436.27,221.71,99.0,12.17626041,0.5165002686190474
0.0,6.844236613,4.086252861,0.552790693,0.3981327145,500.0,82.01301622,90.65157225,1.0,0.0,0.0,0.0,0.0,2.0,2395.67,515.35,2973.66,264.56,92.42614602,11.67048699,0.5909207749999996
5.0,6.21,3.36,0.62,0.2,112.0,51.0,64.0,2.0,1.0,0.0,2.0,0.0,0.0,2672.0,192.59,2857.59,200.51,78.0,11.54176717,0.10545389200000008
3.0,6.12,4.05,0.67,0.23,156.0,47.0,28.0,1.0,0.0,1.0,1.0,1.0,2.0,400.0,200.0,2890.4,199.96,51.0,11.13342642,0.09135666449999993
3.0,6.01,3.44,0.77,0.24,365.0,46.0,80.0,0.0,1.0,0.0,2.0,0.0,2.0,421.51,188.29,2868.0,193.51,40.0,11.73434709,0.09140926725
0.0,6.55,3.49,0.51,0.38,312.0,77.0,95.0,1.0,0.0,2.0,1.0,1.0,0.0,335.83,165.76,3537.83,710.51,45.0,12.12664765,0.25424426116666676
0.0,7.42,2.81,0.72,0.16,1.0,78.0,76.0,1.0,0.0,2.0,2.0,1.0,2.0,314.92,157.46,2292.61,482.03,42.0,11.24995631,0.3039767484999998
0.0,5.82,3.94,0.54,0.31,545.0,77.0,78.0,1.0,0.0,0.0,2.0,0.0,0.0,1808.47,343.5,2436.27,221.71,99.0,12.28424881,0.5218802782499998
5.0,5.27,3.72,0.59,0.39,146.0,82.0,50.0,0.0,1.0,1.0,0.0,0.0,1.0,2665.08,191.99,2852.19,201.21,86.0,11.96880433,0.6418323844999998
0.0,6.09,2.93,0.69,0.2,1.0,72.0,35.0,1.0,1.0,1.0,1.0,1.0,1.0,311.69,155.84,2405.18,406.77,34.0,12.01124283,0.10512400850000013
0.0,6.38,2.79,0.6,0.19,176.0,86.0,63.0,0.0,0.0,1.0,2.0,1.0,1.0,1889.35,340.61,631.28,692.81,75.0,11.43420088,0.05125961200000001
1.0,6.12,4.05,0.67,0.23,311.0,47.0,47.0,1.0,0.0,1.0,1.0,1.0,2.0,693.95,190.17,3411.67,750.93,51.0,11.17901294,0.11302060897222235
0.0,7.05,2.12,0.74,0.33,558.0,75.0,35.0,2.0,0.0,0.0,2.0,1.0,0.0,3138.2,228.91,1217.09,746.95,32.0,12.25219469,0.20195885783333323
0.0,5.71,4.34,0.66,0.26,294.0,48.0,67.0,2.0,0.0,0.0,2.0,1.0,2.0,3313.08,212.76,3635.85,690.65,42.0,12.37029545,0.36520318423412695
0.0,6.667804515,2.58517288,0.7617678224,0.1780251035,435.0,58.55572979,76.23920037,0.0,0.0,2.0,1.0,1.0,1.0,1913.61,326.97,825.52,691.49,69.1437872,11.44523457,0.1410303658333335
0.0,7.23,4.03,0.67,0.2,1.0,49.0,30.0,0.0,0.0,0.0,0.0,0.0,2.0,3009.75,615.6,947.86,795.78,85.0,11.48766383,0.576727390666667
0.0,6.424697575,2.152560267,0.7136834305,0.1204712474,434.0,51.60560093,83.95190791,0.0,0.0,0.0,2.0,1.0,1.0,1976.28,407.9,2528.11,229.78,59.86723717,12.14157935,0.13476307741666674
0.0,7.23,4.03,0.67,0.2,337.0,49.0,30.0,0.0,0.0,0.0,0.0,0.0,2.0,3009.75,615.6,947.86,795.78,85.0,11.58488282,0.5797170123333334
0.0,5.48,2.63,0.65,0.17,357.0,38.0,65.0,0.0,0.0,2.0,0.0,1.0,2.0,1360.47,168.56,1329.62,782.03,37.0,11.26323948,0.12918604308333348
3.0,5.21,4.08,0.71,0.34,376.0,22.0,39.0,1.0,1.0,0.0,2.0,1.0,0.0,597.38,193.24,2900.07,199.85,93.0,11.64391232,0.6253109204999996
3.0,6.21,3.36,0.62,0.2,223.0,51.0,64.0,2.0,1.0,0.0,2.0,0.0,0.0,435.94,179.22,2857.59,200.51,78.0,11.57500354,0.08621064599999999
3.0,6.38,3.71,0.51,0.3,103.0,59.0,36.0,1.0,1.0,0.0,0.0,0.0,0.0,508.06,199.47,2924.19,198.26,72.0,11.94005141,0.14398212000000019
5.0,6.75,3.75,0.62,0.36,121.0,45.0,60.0,2.0,0.0,0.0,2.0,1.0,0.0,2937.57,196.57,2874.06,201.93,83.0,12.16710847,0.12023247200000016
0.0,7.44,2.18,0.53,0.19,241.0,65.0,82.0,2.0,0.0,2.0,2.0,1.0,0.0,2250.17,407.14,2381.88,335.87,68.0,12.26700896,0.3154290834999997
4.0,6.26,2.38,0.77,0.39,156.0,72.0,59.0,0.0,1.0,2.0,2.0,0.0,0.0,2197.95,183.74,2968.74,199.35,92.0,12.18505657,0.5987340753333329
0.0,7.07,3.85,0.61,0.32,419.0,32.0,55.0,1.0,0.0,2.0,0.0,0.0,1.0,897.86,674.11,1003.85,774.62,95.0,11.48857856,0.38740253299999977
0.0,5.03,2.14,0.74,0.25,642.0,73.0,56.0,2.0,1.0,1.0,0.0,1.0,0.0,1467.38,280.01,607.4,734.15,66.0,11.93622719,0.1587742668333335
0.0,6.7,3.12,0.73,0.3,1.0,39.0,40.0,2.0,0.0,0.0,0.0,0.0,0.0,2016.6,417.93,1559.79,221.11,80.0,12.16288082,0.13687504658333344
5.0,6.84,4.09,0.55,0.4,167.0,49.0,90.0,1.0,0.0,0.0,0.0,0.0,2.0,2607.15,190.86,2866.97,194.21,92.0,11.57133473,0.6121031099999995
0.0,5.82,3.94,0.54,0.31,363.0,77.0,78.0,1.0,0.0,0.0,2.0,0.0,0.0,393.38,167.95,2436.27,221.71,99.0,12.2293918,0.5151237713333331
0.0,7.17,3.62,0.71,0.16,221.0,69.0,60.0,0.0,0.0,0.0,2.0,0.0,2.0,345.53,169.44,1596.1,315.44,33.0,12.19210441,0.22472768091666662
0.0,5.45,3.84,0.55,0.15,231.0,51.0,55.0,1.0,0.0,1.0,0.0,0.0,1.0,337.82,168.86,1972.2,631.59,38.0,11.1174384,0.05835688499999996
0.0,7.44,2.48,0.71,0.13,84.0,51.0,98.0,1.0,1.0,2.0,1.0,1.0,0.0,365.83,177.38,3108.03,421.63,58.0,11.78094462,0.3686992249999996
4.0,5.26,3.23,0.66,0.38,138.0,57.0,95.0,2.0,1.0,0.0,0.0,1.0,1.0,1242.55,168.56,2851.42,193.68,50.0,12.24008656,0.17411176200000014
0.0,6.67,2.59,0.76,0.18,144.0,58.0,76.0,0.0,0.0,2.0,1.0,1.0,1.0,1913.61,326.97,825.52,691.49,69.0,11.35856617,0.05125961200000001
0.0,6.81,2.96,0.6,0.22,198.0,35.0,73.0,0.0,1.0,0.0,1.0,0.0,0.0,2823.94,340.35,190.55,268.99,36.0,11.93073276,0.08922375300000004
0.0,6.46,3.1,0.7,0.31,284.0,65.0,70.0,2.0,1.0,1.0,1.0,0.0,2.0,3766.18,776.64,707.5,747.35,83.0,11.42799875,0.04907230000000001
0.0,6.67,2.9,0.73,0.14,202.0,54.0,43.0,0.0,1.0,2.0,0.0,0.0,1.0,179.28,621.78,2626.14,228.42,39.0,11.1587862,0.08323563999999989
5.0,6.02,3.84,0.54,0.18,181.0,32.0,59.0,1.0,0.0,0.0,1.0,1.0,1.0,2964.44,197.78,2878.99,197.35,56.0,11.46465434,0.07802187049999997
0.0,7.44,2.48,0.71,0.13,84.0,51.0,98.0,1.0,1.0,2.0,1.0,1.0,0.0,363.85,179.88,3108.03,421.63,58.0,11.7809397,0.3686992249999996
0.0,6.94,2.46,0.64,0.2,1.0,45.0,83.0,2.0,1.0,1.0,0.0,0.0,1.0,2775.41,236.2,2190.72,647.18,76.0,11.13009093,0.04907230000000001
0.0,6.34,3.28,0.75,0.26,170.0,83.0,94.0,2.0,1.0,1.0,0.0,0.0,0.0,3035.95,476.62,3222.69,767.67,72.0,11.84425212,0.12796557550000007
0.0,5.05,3.72,0.58,0.31,323.0,83.0,85.0,0.0,0.0,0.0,1.0,1.0,1.0,2233.51,464.92,2434.94,304.36,60.0,12.29929284,0.13016700858333338
0.0,5.050932218,3.723170934,0.5752299182,0.3069568213,324.0,83.91250724,85.23437512,0.0,0.0,0.0,1.0,1.0,1.0,2233.51,464.92,2434.94,304.36,60.54580437,12.29931422,0.13016700858333338
0.0,7.12,3.68,0.6,0.23,192.0,37.0,85.0,0.0,0.0,0.0,0.0,0.0,2.0,2974.93,410.44,3634.84,277.1,61.0,12.24726915,0.09505888174999998
0.0,7.29,2.83,0.65,0.32,193.0,58.0,79.0,1.0,1.0,0.0,2.0,1.0,1.0,857.57,184.95,4434.23,442.63,78.0,11.77975038,0.29601872499999976
5.0,7.27,3.92,0.51,0.36,1.0,45.0,93.0,2.0,1.0,1.0,0.0,0.0,2.0,2762.19,194.35,2889.94,193.49,52.0,12.21115737,0.359150266333333
0.0,6.631666788,2.317584905,0.6439864589,0.3540237936,604.0,56.97928124,73.77704948,1.0,0.0,1.0,1.0,1.0,0.0,104.91,208.84,2206.47,300.61,84.69341687,11.25782055,0.5412025936666665
0.0,7.12,3.59,0.53,0.11,431.0,38.0,79.0,0.0,0.0,2.0,1.0,0.0,1.0,3754.34,789.02,176.55,363.53,76.0,11.15689104,0.11128143800000012
0.0,7.01,4.45,0.66,0.36,330.0,76.0,75.0,2.0,1.0,2.0,2.0,1.0,1.0,801.43,728.17,364.2,741.87,35.0,11.71599643,0.04907230000000001
2.0,7.23,4.3,0.66,0.24,167.0,61.0,46.0,0.0,1.0,0.0,1.0,0.0,1.0,104.08,278.9,1676.47,169.83,98.0,11.98768747,0.5351343716666672
0.0,5.48,2.63,0.65,0.17,536.0,38.0,65.0,0.0,0.0,2.0,0.0,1.0,2.0,3572.83,278.65,1329.62,782.03,37.0,11.31748321,0.1627234330000001
0.0,6.42,3.7,0.53,0.38,583.0,83.0,32.0,2.0,1.0,1.0,2.0,1.0,0.0,110.69,488.87,519.32,262.95,83.0,11.10892004,0.2535665813333331
0.0,7.38,2.75,0.59,0.3,375.0,65.0,74.0,0.0,1.0,0.0,1.0,0.0,0.0,3681.29,733.16,755.82,276.56,41.0,11.31854472,0.23149689890476186
0.0,6.09,2.93,0.69,0.2,221.0,72.0,35.0,1.0,1.0,1.0,1.0,1.0,1.0,300.46,150.23,2405.18,406.77,34.0,12.0726099,0.11775928800000006
5.0,6.23,3.85,0.55,0.21,171.0,25.0,96.0,2.0,1.0,0.0,2.0,1.0,1.0,2924.32,196.38,2828.56,193.77,67.0,11.87519281,0.13266526350000016
0.0,6.25,4.12,0.56,0.18,465.0,94.0,41.0,2.0,0.0,0.0,1.0,0.0,0.0,1803.78,378.72,2999.74,645.48,55.0,12.20063445,0.24119668674999986
0.0,6.25,2.45,0.64,0.17,355.0,91.0,31.0,1.0,1.0,1.0,1.0,1.0,1.0,751.28,209.26,618.66,271.69,45.0,12.23048952,0.1454260152500001
0.0,7.121101146,3.677018538,0.6021785794,0.2266660849,579.0,37.73744395,85.42809403,0.0,0.0,0.0,0.0,0.0,2.0,2974.93,410.44,3634.84,277.1,61.17793026,12.36180787,0.4548065961785713
4.0,5.05,2.23,0.61,0.13,1.0,33.0,47.0,0.0,1.0,1.0,1.0,0.0,2.0,1916.89,183.23,2790.44,200.64,72.0,11.47056211,0.13000634400000022
0.0,5.89,3.2,0.5,0.18,399.0,65.0,68.0,0.0,0.0,0.0,1.0,1.0,1.0,3059.04,338.15,2547.95,572.69,70.0,11.11727229,0.07030450483333325
0.0,6.25,2.45,0.64,0.17,355.0,91.0,31.0,1.0,1.0,1.0,1.0,1.0,1.0,751.28,209.26,618.66,271.69,45.0,12.23048952,0.1454260152500001
3.0,5.05,2.23,0.61,0.13,177.0,33.0,78.0,0.0,1.0,1.0,1.0,0.0,2.0,156.52,242.37,2896.08,198.18,72.0,11.52249568,0.11358814500000008
0.0,5.65,3.24,0.71,0.27,100.0,86.0,80.0,0.0,0.0,1.0,1.0,0.0,0.0,377.77,164.14,4200.11,792.34,85.0,11.63124338,0.5461328734999996
0.0,7.12,3.59,0.53,0.11,287.0,38.0,79.0,0.0,0.0,2.0,1.0,0.0,1.0,2033.75,173.97,176.55,363.53,76.0,11.11291743,0.07632161541666659
0.0,5.54,3.88,0.66,0.11,105.0,72.0,54.0,1.0,0.0,2.0,1.0,1.0,0.0,272.48,136.23,2652.23,681.42,92.0,11.35924282,0.5206231940555552
0.0,6.42,2.15,0.71,0.12,289.0,51.0,83.0,0.0,0.0,0.0,2.0,1.0,1.0,1976.28,407.9,2528.11,229.78,59.0,12.09756576,0.10197904291666675
4.0,5.43,2.85,0.5,0.33,1.0,31.0,75.0,0.0,0.0,0.0,2.0,0.0,2.0,1253.73,400.55,2877.66,195.43,46.0,11.40496291,0.04907230000000001
1.0,5.27,3.48,0.77,0.2,317.0,47.0,42.0,1.0,1.0,0.0,0.0,1.0,2.0,647.35,191.87,3922.45,696.76,45.0,11.25152727,0.1445681087500002
0.0,6.94,2.46,0.64,0.2,419.0,45.0,83.0,2.0,1.0,1.0,0.0,0.0,1.0,2775.41,236.2,2190.72,647.18,76.0,11.16707318,0.1266113560000002
0.0,6.25,2.45,0.64,0.17,355.0,91.0,31.0,1.0,1.0,1.0,1.0,1.0,1.0,751.28,209.26,618.66,271.69,45.0,12.23048952,0.1454260152500001
4.0,6.21,3.04,0.68,0.27,458.0,43.0,77.0,0.0,1.0,2.0,1.0,1.0,0.0,313.23,326.62,2871.27,197.78,94.0,11.27493409,0.6071573629999997
3.0,6.12,4.05,0.67,0.23,1.0,47.0,47.0,1.0,0.0,1.0,1.0,1.0,2.0,462.51,182.17,2874.59,199.5,51.0,11.10224885,0.09093492499999993
0.0,7.278117847,2.42173359,0.763147865,0.3591391167,351.0,79.65769157,46.97732777,2.0,1.0,0.0,1.0,1.0,0.0,2970.74,312.58,403.78,753.84,46.14655892,11.10490137,0.2927009283333333
3.0,6.42,2.66,0.55,0.21,115.0,20.0,48.0,2.0,1.0,1.0,2.0,1.0,0.0,676.97,190.41,2882.69,209.97,92.0,11.12849979,0.5630774699999997
0.0,5.41,4.19,0.62,0.26,540.0,38.0,79.0,1.0,1.0,2.0,2.0,1.0,2.0,3115.69,584.43,138.53,411.75,39.0,11.22282963,0.06657734399999991
0.0,5.64,4.07,0.54,0.17,257.0,34.0,57.0,1.0,1.0,2.0,0.0,1.0,0.0,387.72,259.61,2926.68,408.94,83.0,12.39720755,0.33311267526190463
0.0,7.44,2.18,0.53,0.19,361.0,65.0,82.0,2.0,0.0,2.0,2.0,1.0,0.0,2250.17,407.14,2381.88,335.87,68.0,12.30372892,0.31985093883333304
3.0,5.18,3.3,0.77,0.21,143.0,64.0,79.0,1.0,1.0,2.0,2.0,0.0,0.0,489.61,175.89,2886.28,195.34,83.0,11.8433051,0.16659423400000029
0.0,6.34,3.28,0.75,0.26,340.0,83.0,94.0,2.0,1.0,1.0,0.0,0.0,0.0,3035.95,476.62,3222.69,767.67,72.0,11.89449703,0.1364520645000001
5.0,5.97,3.44,0.76,0.14,231.0,74.0,63.0,2.0,0.0,1.0,1.0,1.0,2.0,2713.85,193.87,2911.47,195.6,79.0,11.87323844,0.07802187049999997
0.0,5.03,2.14,0.74,0.25,642.0,73.0,56.0,2.0,1.0,1.0,0.0,1.0,0.0,1467.38,280.01,607.4,734.15,66.0,11.93622719,0.1587742668333335
0.0,7.29,3.03,0.75,0.36,488.0,64.0,74.0,2.0,0.0,1.0,1.0,0.0,1.0,210.64,762.82,1730.07,368.56,52.0,12.26656823,0.3062973838333331
3.0,6.66,3.14,0.69,0.31,134.0,36.0,93.0,1.0,1.0,0.0,2.0,1.0,2.0,443.39,183.36,2889.94,193.5,49.0,11.22039518,0.09857730050000012
0.0,5.97,3.44,0.76,0.14,693.0,74.0,63.0,2.0,0.0,1.0,1.0,1.0,2.0,2435.56,591.61,1462.01,536.68,79.0,12.00947781,0.10040291150000004
0.0,5.27,3.72,0.59,0.39,440.0,82.0,50.0,0.0,1.0,1.0,0.0,0.0,1.0,2744.96,374.82,2688.23,307.8,86.0,12.0566229,0.5398323681666665
0.0,5.05,3.72,0.58,0.31,215.0,83.0,85.0,0.0,0.0,0.0,1.0,1.0,1.0,359.71,164.64,2434.94,304.36,60.0,12.26623598,0.12926757850000026
4.0,7.01,2.83,0.62,0.11,1.0,22.0,52.0,2.0,0.0,0.0,0.0,1.0,1.0,1579.49,164.77,2865.33,197.52,70.0,11.46147624,0.04991577900000002
4.0,7.01,2.83,0.62,0.11,1.0,22.0,52.0,2.0,0.0,0.0,0.0,1.0,1.0,1246.61,167.61,2853.8,196.58,70.0,11.46147317,0.04907230000000001
3.0,5.09,2.8,0.68,0.15,461.0,64.0,37.0,1.0,0.0,0.0,0.0,0.0,0.0,422.56,172.27,2921.78,199.89,43.0,11.39383945,0.37615017141666646
0.0,5.59,4.24,0.51,0.32,336.0,75.0,87.0,0.0,0.0,2.0,0.0,1.0,1.0,1972.4,260.47,1597.98,306.47,53.0,11.40078403,0.06795144383333325
0.0,7.124630416,3.590414331,0.5298584072,0.1106305172,432.0,38.4260476,79.24174091,0.0,0.0,2.0,1.0,0.0,1.0,3754.34,789.02,176.55,363.53,76.30666854,11.15692158,0.2536207509047619
5.0,6.04,3.97,0.69,0.29,138.0,23.0,66.0,1.0,1.0,0.0,0.0,1.0,0.0,2523.94,188.48,2839.4,200.1,61.0,11.91334252,0.11314228200000018
3.0,5.43,2.85,0.5,0.33,85.0,31.0,75.0,0.0,0.0,0.0,2.0,0.0,2.0,278.08,184.17,2877.66,195.43,46.0,11.43021602,0.04907230000000001
0.0,5.89,3.2,0.5,0.18,199.0,65.0,68.0,0.0,0.0,0.0,1.0,1.0,1.0,3059.04,338.15,2547.95,572.69,70.0,11.11418245,0.04907230000000001
0.0,6.38,2.79,0.6,0.19,351.0,86.0,63.0,0.0,0.0,1.0,2.0,1.0,1.0,1889.35,340.61,631.28,692.81,75.0,11.48501085,0.08387859483333328
2.0,7.38,2.75,0.59,0.3,125.0,39.0,74.0,0.0,1.0,0.0,1.0,0.0,0.0,411.34,199.61,2861.15,194.03,41.0,11.24324212,0.3111329754999998
3.0,6.84,4.09,0.55,0.4,1.0,82.0,90.0,1.0,0.0,0.0,0.0,0.0,2.0,398.01,159.95,2848.97,194.29,92.0,11.52431184,0.5167496014999994
0.0,6.38,2.79,0.6,0.19,526.0,86.0,63.0,0.0,0.0,1.0,2.0,1.0,1.0,1889.35,340.61,631.28,692.81,75.0,11.53805287,0.1285209803333335
0.0,7.44,2.48,0.71,0.13,167.0,51.0,98.0,1.0,1.0,2.0,1.0,1.0,0.0,1153.18,179.67,3108.03,421.63,58.0,11.80522533,0.35119418099999977
3.0,5.43,3.21,0.56,0.27,401.0,97.0,65.0,1.0,0.0,2.0,2.0,1.0,1.0,400.0,200.0,2878.52,194.36,47.0,12.11335617,0.18056018633333337
1.0,5.86,3.32,0.61,0.16,145.0,54.0,38.0,1.0,0.0,2.0,1.0,1.0,0.0,527.93,195.84,3419.8,756.67,72.0,12.01883034,0.13804607316666678
3.0,5.43,3.21,0.56,0.27,201.0,97.0,65.0,1.0,0.0,2.0,2.0,1.0,1.0,386.67,164.94,2878.52,194.36,47.0,12.05502496,0.09665321300000004
0.0,5.54,3.88,0.66,0.11,105.0,72.0,54.0,1.0,0.0,2.0,1.0,1.0,0.0,272.51,136.17,2652.23,681.42,92.0,11.35922609,0.5206231940555552
0.0,6.23,3.65,0.64,0.17,109.0,38.0,98.0,0.0,0.0,0.0,0.0,1.0,2.0,362.71,182.8,1495.42,387.52,33.0,12.07265469,0.1429479050000001
0.0,5.83,4.26,0.51,0.33,636.0,61.0,49.0,2.0,1.0,0.0,0.0,1.0,1.0,107.37,392.88,2588.26,228.29,36.0,11.60908687,0.24990751449999976
0.0,7.01,2.83,0.62,0.11,219.0,37.0,52.0,2.0,0.0,0.0,0.0,1.0,1.0,2877.59,168.07,70.28,534.16,70.0,11.52576348,0.04907230000000001
0.0,6.42,3.7,0.53,0.38,583.0,83.0,32.0,2.0,1.0,1.0,2.0,1.0,0.0,110.69,488.87,519.32,262.95,83.0,11.10892004,0.2535665813333331
3.0,6.63,2.32,0.64,0.35,402.0,56.0,73.0,1.0,0.0,1.0,1.0,1.0,0.0,394.36,169.53,2869.81,195.09,84.0,11.19688161,0.2111374536666667
0.0,5.41,4.19,0.62,0.26,540.0,38.0,79.0,1.0,1.0,2.0,2.0,1.0,2.0,3115.69,584.43,138.53,411.75,39.0,11.22282963,0.06657734399999991
0.0,7.28,2.42,0.76,0.36,350.0,79.0,46.0,2.0,1.0,0.0,1.0,1.0,0.0,2970.74,312.58,403.78,753.84,46.0,11.10487694,0.29187491833333323
0.0,5.05,3.72,0.58,0.31,107.0,83.0,85.0,0.0,0.0,0.0,1.0,1.0,1.0,359.71,164.64,2434.94,304.36,60.0,12.23420016,0.12676503900000025
3.0,6.96,2.91,0.59,0.16,1.0,80.0,78.0,1.0,1.0,2.0,0.0,0.0,1.0,297.59,133.19,2876.81,194.16,33.0,11.36612177,0.07396186599999993
0.0,5.05,2.23,0.61,0.13,265.0,33.0,78.0,0.0,1.0,1.0,1.0,0.0,2.0,58.26,254.49,1961.04,223.67,72.0,11.54945028,0.12913292600000023
0.0,7.29,2.83,0.65,0.32,289.0,58.0,79.0,1.0,1.0,0.0,2.0,1.0,1.0,3015.77,759.21,4434.23,442.63,78.0,11.80914934,0.2900693549999999
0.0,5.966250071,3.44278557,0.7604346004,0.1422321318,694.0,74.34808175,63.71325921,2.0,0.0,1.0,1.0,1.0,2.0,2435.56,591.61,1462.01,536.68,79.18843632,12.00952667,0.10040291150000004
5.0,7.27,3.92,0.51,0.36,168.0,45.0,93.0,2.0,1.0,1.0,0.0,0.0,2.0,2762.19,194.35,2889.94,193.49,52.0,12.25874085,0.359150266333333
0.0,6.34,3.61,0.73,0.27,380.0,95.0,38.0,0.0,0.0,1.0,2.0,0.0,0.0,2184.49,263.17,70.15,332.47,30.0,11.47632012,0.1513168585000002
0.0,5.170040987,4.012036784,0.5168140553,0.3573246047,485.0,34.35253625,35.50722341,0.0,0.0,1.0,2.0,0.0,2.0,2243.24,545.97,2157.96,672.09,40.65939956,12.12247868,0.20641301222619046
0.0,6.129348089,4.355730926,0.7443910888,0.2433873521,499.0,36.99626352,56.1547568,0.0,1.0,1.0,0.0,1.0,1.0,4261.88,758.2,3785.3,270.22,89.09979693,11.16930542,0.5189196340952378
1.0,5.59,2.6,0.56,0.26,251.0,59.0,92.0,2.0,1.0,1.0,2.0,0.0,1.0,402.49,174.57,2432.66,613.06,85.0,12.33875025,0.5545494296666663
5.0,5.43,3.21,0.56,0.27,201.0,97.0,65.0,1.0,0.0,2.0,2.0,1.0,1.0,2924.57,195.02,2878.52,194.36,47.0,12.05502026,0.122966752
0.0,5.272688731,3.478986634,0.7700522335,0.2036450985,476.0,47.01421515,42.6264158,1.0,1.0,0.0,0.0,1.0,2.0,2044.89,611.18,4048.1,687.35,45.67998475,11.29916405,0.1982163268333334
0.0,7.44,2.18,0.53,0.19,241.0,65.0,82.0,2.0,0.0,2.0,2.0,1.0,0.0,2250.17,407.14,2381.88,335.87,68.0,12.26700875,0.3154290834999997
0.0,6.38,3.71,0.51,0.3,309.0,99.0,36.0,1.0,1.0,0.0,0.0,0.0,0.0,4347.14,534.45,352.97,220.62,72.0,12.0021403,0.12597363633333347
0.0,5.71,4.34,0.66,0.26,196.0,28.0,67.0,2.0,0.0,0.0,2.0,1.0,2.0,813.97,186.0,3635.85,690.65,42.0,12.34027502,0.06613859180555551
0.0,5.18,3.3,0.77,0.21,427.0,64.0,79.0,1.0,1.0,2.0,2.0,0.0,0.0,1867.55,234.08,2356.35,560.55,83.0,11.92814216,0.22411306700000005
0.0,6.67,2.59,0.76,0.18,434.0,58.0,76.0,0.0,0.0,2.0,1.0,1.0,1.0,1913.61,326.97,825.52,691.49,69.0,11.44520403,0.1410303658333335
0.0,7.409113978,3.83540826,0.7772349868,0.1383981193,519.0,86.44150666,72.62020872,1.0,1.0,0.0,2.0,0.0,1.0,3669.82,251.12,3541.71,676.44,42.73238625,11.68941426,0.3502783749999997
0.0,6.82,3.14,0.74,0.26,360.0,82.0,36.0,2.0,0.0,0.0,2.0,0.0,0.0,4060.6,216.13,2338.88,323.46,72.0,11.58578257,0.16500831508333352
0.0,6.13,4.36,0.74,0.24,166.0,36.0,56.0,0.0,1.0,1.0,0.0,1.0,1.0,402.89,183.86,3785.3,270.22,89.0,11.09324407,0.5282219666666664
0.0,6.42,2.15,0.71,0.12,145.0,51.0,83.0,0.0,0.0,0.0,2.0,1.0,1.0,1976.28,407.9,2528.11,229.78,59.0,12.0555069,0.06031711749999999
0.0,5.59,4.24,0.51,0.32,112.0,75.0,87.0,0.0,0.0,2.0,0.0,1.0,1.0,339.56,166.71,1597.98,306.47,53.0,11.33327319,0.05835688499999996
0.0,6.67,2.59,0.76,0.18,434.0,58.0,76.0,0.0,0.0,2.0,1.0,1.0,1.0,1913.61,326.97,825.52,691.49,69.0,11.44520403,0.1410303658333335
0.0,7.47,2.19,0.57,0.25,263.0,37.0,59.0,0.0,1.0,0.0,2.0,1.0,1.0,1730.56,164.41,3282.57,257.79,36.0,11.46770676,0.3035608259999998
0.0,7.04,3.54,0.54,0.23,451.0,42.0,83.0,1.0,1.0,1.0,2.0,0.0,1.0,526.6,250.38,305.31,750.11,94.0,11.21870049,0.3794339166666664
0.0,5.94,4.09,0.55,0.34,616.0,95.0,73.0,2.0,0.0,1.0,1.0,0.0,2.0,1225.98,208.77,1403.17,341.99,44.0,11.44531527,0.14822336733333352
3.0,6.66,3.14,0.69,0.31,134.0,36.0,93.0,1.0,1.0,0.0,2.0,1.0,2.0,484.15,186.27,2889.94,193.5,49.0,11.22038642,0.09857730050000012
0.0,5.44,2.15,0.74,0.24,265.0,96.0,52.0,2.0,1.0,1.0,0.0,1.0,2.0,394.74,767.75,1983.4,299.33,68.0,11.83250579,0.04907230000000001
0.0,6.664313359,3.138451462,0.6915435229,0.3119371831,405.0,36.76423186,93.46323352,1.0,1.0,0.0,2.0,1.0,2.0,3694.11,789.08,1500.49,362.55,49.52330385,11.301075,0.14980649000000024
0.0,5.99813621,2.493450224,0.6886744358,0.288643474,589.0,39.45529953,36.05862779,0.0,0.0,1.0,0.0,0.0,2.0,3689.38,746.45,1523.76,782.97,66.77970672,11.21019451,0.1915875795
0.0,6.29,2.76,0.79,0.16,506.0,65.0,57.0,1.0,1.0,1.0,1.0,0.0,1.0,3013.23,370.06,4338.47,298.47,31.0,11.57682179,0.13564392116666688
0.0,5.91,3.66,0.72,0.16,246.0,81.0,83.0,2.0,0.0,0.0,1.0,1.0,0.0,267.3,157.62,4377.75,457.08,79.0,11.79969421,0.12173247016666677
4.0,5.64,4.07,0.54,0.17,85.0,34.0,57.0,1.0,1.0,2.0,0.0,1.0,0.0,752.38,229.39,2836.39,202.31,83.0,12.34536229,0.13109102691666674
0.0,5.32,2.64,0.61,0.36,230.0,56.0,99.0,2.0,0.0,1.0,1.0,0.0,0.0,326.49,173.8,2587.67,305.43,43.0,11.61347477,0.16897382400000016
3.0,5.21,4.08,0.71,0.34,376.0,38.0,39.0,1.0,1.0,0.0,2.0,1.0,0.0,476.17,185.49,2951.08,199.94,93.0,11.64393331,0.6243755374999995
0.0,5.91,4.21,0.71,0.13,660.0,38.0,97.0,0.0,0.0,2.0,1.0,1.0,1.0,4329.73,386.37,1449.88,242.42,60.0,11.19472359,0.21530853533333325
0.0,5.822658652,3.939026701,0.54267005,0.3100488283,546.0,77.17514955,78.15010266,1.0,0.0,0.0,2.0,0.0,0.0,1808.47,343.5,2436.27,221.71,99.98468092,12.28428851,0.5218802782499998
0.0,5.91,3.66,0.72,0.16,123.0,81.0,83.0,2.0,0.0,0.0,1.0,1.0,0.0,267.3,157.62,4377.75,457.08,79.0,11.76289693,0.12173247016666677
0.0,6.42,2.15,0.71,0.12,145.0,51.0,83.0,0.0,0.0,0.0,2.0,1.0,1.0,1976.28,407.9,2528.11,229.78,59.0,12.05550181,0.06031711749999999
0.0,7.05,2.12,0.74,0.33,186.0,75.0,35.0,2.0,0.0,0.0,2.0,1.0,0.0,3138.2,228.91,1217.09,746.95,32.0,12.14184336,0.13766187991666679
0.0,5.91,4.21,0.71,0.13,440.0,38.0,97.0,0.0,0.0,2.0,1.0,1.0,1.0,2701.9,163.62,1449.88,242.42,60.0,11.12844566,0.2504940117499998
4.0,6.84,4.09,0.55,0.4,333.0,82.0,90.0,1.0,0.0,0.0,0.0,0.0,2.0,1498.45,126.34,2848.97,194.29,92.0,11.62042621,0.5621385729999995
0.0,6.96,2.91,0.59,0.16,571.0,80.0,78.0,1.0,1.0,2.0,0.0,0.0,1.0,4231.44,255.66,1354.43,361.91,33.0,11.53255844,0.13740854200000022
5.0,6.75,3.75,0.62,0.36,121.0,45.0,60.0,2.0,0.0,0.0,2.0,1.0,0.0,2950.52,196.89,2874.06,201.93,83.0,12.16710585,0.12023247200000016
0.0,6.420731057,2.661426295,0.5511996311,0.2135580999,344.0,34.48340061,48.18999663,2.0,1.0,1.0,2.0,1.0,0.0,3992.77,789.41,1400.13,767.97,92.76446151,11.19722639,0.43450171899999973
0.0,6.42,2.15,0.71,0.12,1.0,51.0,83.0,0.0,0.0,0.0,2.0,1.0,1.0,1976.28,407.9,2528.11,229.78,59.0,12.01411345,0.05007621750000001
4.0,6.23,3.85,0.55,0.21,342.0,42.0,96.0,2.0,1.0,0.0,2.0,1.0,1.0,992.71,180.36,2828.56,193.77,67.0,11.92544315,0.12945433275000012
0.0,5.48,2.63,0.65,0.17,536.0,38.0,65.0,0.0,0.0,2.0,0.0,1.0,2.0,3572.83,278.65,1329.62,782.03,37.0,11.31748321,0.1627234330000001
0.0,5.91,3.66,0.72,0.16,369.0,81.0,83.0,2.0,0.0,0.0,1.0,1.0,0.0,852.89,736.36,4377.75,457.08,79.0,11.83699728,0.09953061066666673
0.0,6.21,3.36,0.62,0.2,334.0,51.0,64.0,2.0,1.0,0.0,2.0,0.0,0.0,1451.39,625.46,1632.24,272.26,78.0,11.60867361,0.07639399199999994
0.0,5.44,2.15,0.74,0.24,265.0,96.0,52.0,2.0,1.0,1.0,0.0,1.0,2.0,394.74,767.75,1983.4,299.33,68.0,11.83249701,0.04907230000000001
0.0,5.27,3.48,0.77,0.2,475.0,47.0,42.0,1.0,1.0,0.0,0.0,1.0,2.0,2044.89,611.18,4048.1,687.35,45.0,11.29913046,0.1924787288333334
3.0,5.43,3.21,0.56,0.27,401.0,97.0,65.0,1.0,0.0,2.0,2.0,1.0,1.0,386.67,164.94,2878.52,194.36,47.0,12.11336319,0.1664566766666667
1.0,5.26,3.23,0.66,0.38,276.0,57.0,95.0,2.0,1.0,0.0,0.0,1.0,1.0,595.02,193.39,1708.7,241.22,50.0,12.28037109,0.2266017765
0.0,5.41,4.19,0.62,0.26,180.0,38.0,79.0,1.0,1.0,2.0,2.0,1.0,2.0,358.94,176.6,138.53,411.75,39.0,11.1160083,0.04907230000000001
0.0,5.09,2.8,0.68,0.15,461.0,64.0,37.0,1.0,0.0,0.0,0.0,0.0,0.0,326.74,162.59,3028.9,755.84,43.0,11.39382917,0.49829744566666617
0.0,6.23,3.65,0.64,0.17,329.0,38.0,98.0,0.0,0.0,0.0,0.0,1.0,2.0,1427.61,714.67,1495.42,387.52,33.0,12.138974,0.09960648758333333
2.0,5.05,3.94,0.65,0.34,183.0,64.0,53.0,2.0,1.0,0.0,2.0,1.0,0.0,379.75,173.27,2161.19,183.99,91.0,11.5265558,0.488484336
5.0,7.27,3.92,0.51,0.36,1.0,45.0,93.0,2.0,1.0,1.0,0.0,0.0,2.0,2822.18,195.74,2889.94,193.49,52.0,12.21114747,0.364523376333333
0.0,5.41,4.19,0.62,0.26,540.0,38.0,79.0,1.0,1.0,2.0,2.0,1.0,2.0,3115.69,584.43,138.53,411.75,39.0,11.22282963,0.06657734399999991
0.0,5.427365649,2.850706957,0.5002540687,0.3282139779,254.0,31.48369018,75.15306424,0.0,0.0,0.0,2.0,0.0,2.0,211.87,723.35,1777.71,414.59,46.80554723,11.48087689,0.049338333000000005
0.0,7.01,4.45,0.66,0.36,495.0,76.0,75.0,2.0,1.0,2.0,2.0,1.0,1.0,801.43,728.17,364.2,741.87,35.0,11.76602082,0.05057092200000001
2.0,6.02,3.84,0.54,0.18,363.0,32.0,59.0,1.0,0.0,0.0,1.0,1.0,1.0,934.2,182.37,2621.05,191.71,56.0,11.51780791,0.0694020814166666
0.0,7.23,4.3,0.66,0.24,503.0,61.0,46.0,0.0,1.0,0.0,1.0,0.0,1.0,128.43,521.68,158.09,205.08,98.0,12.08801127,0.509501939
0.0,5.54,3.88,0.66,0.11,210.0,72.0,54.0,1.0,0.0,2.0,1.0,1.0,0.0,272.51,136.17,2652.23,681.42,92.0,11.3906929,0.5206231940555552
1.0,6.42,3.7,0.53,0.38,389.0,83.0,32.0,2.0,1.0,1.0,2.0,1.0,0.0,110.69,488.87,519.32,262.95,83.0,11.13776221,0.15350033000000013
0.0,5.41,3.39,0.67,0.11,274.0,32.0,30.0,2.0,1.0,1.0,0.0,1.0,0.0,1549.93,226.38,3014.82,769.25,60.0,11.26935267,0.16666065383333348
0.0,6.38,2.79,0.6,0.19,1.0,86.0,63.0,0.0,0.0,1.0,2.0,1.0,1.0,1889.35,340.61,631.28,692.81,75.0,11.38434619,0.05125961200000001
0.0,5.408650677,4.189987323,0.6193887536,0.2627350979,541.0,38.11980667,79.84105482,1.0,1.0,2.0,2.0,1.0,2.0,3115.69,584.43,138.53,411.75,39.37003079,11.22286933,0.06657734399999991
0.0,5.09,3.09,0.73,0.33,211.0,99.0,48.0,0.0,0.0,1.0,1.0,1.0,1.0,3092.65,564.46,4010.89,767.06,42.0,11.22179293,0.17187839450000011
0.0,5.65,3.24,0.71,0.27,1.0,86.0,80.0,0.0,0.0,1.0,1.0,0.0,0.0,327.0,161.77,4200.11,792.34,85.0,11.6018948,0.5499282164999997
0.0,5.05,3.72,0.58,0.31,323.0,83.0,85.0,0.0,0.0,0.0,1.0,1.0,1.0,2233.51,464.92,2434.94,304.36,60.0,12.29929284,0.13016700858333338
0.0,6.55,3.49,0.51,0.38,468.0,77.0,95.0,1.0,0.0,2.0,1.0,1.0,0.0,3077.84,434.87,3537.83,710.51,45.0,12.17365942,0.2521976385833332
0.0,6.13,4.27,0.73,0.26,458.0,86.0,67.0,1.0,1.0,1.0,1.0,1.0,2.0,467.87,725.87,475.07,774.66,91.0,11.65778182,0.3692467466666665
0.0,6.7,3.12,0.73,0.3,403.0,39.0,40.0,2.0,0.0,0.0,0.0,0.0,0.0,2016.6,417.93,1559.79,221.11,80.0,12.28209271,0.18604843091666667
4.0,6.84,4.09,0.55,0.4,333.0,49.0,90.0,1.0,0.0,0.0,0.0,0.0,2.0,500.0,200.0,2866.97,194.21,92.0,11.62043293,0.5773113364999994
3.0,7.38,2.75,0.59,0.3,125.0,39.0,74.0,0.0,1.0,0.0,1.0,0.0,0.0,416.4,174.74,2896.19,194.47,41.0,11.24325011,0.31592390749999977
0.0,6.016624827,3.837582725,0.5395411648,0.1769685441,546.0,32.45835257,59.07753823,1.0,0.0,0.0,1.0,1.0,1.0,1810.22,215.79,77.26,630.9,56.99183487,11.57269946,0.11985484247222242
4.0,5.18,3.3,0.77,0.21,285.0,64.0,79.0,1.0,1.0,2.0,2.0,0.0,0.0,500.0,200.0,2886.28,195.34,83.0,11.88477936,0.19040127475000024
0.0,5.863122627,3.315215707,0.6071944865,0.1569537931,436.0,54.92866521,38.55332702,1.0,0.0,2.0,1.0,1.0,0.0,3599.64,770.47,4445.72,743.68,72.61275786,12.10548653,0.18505859858333337
1.0,6.82,3.14,0.74,0.26,240.0,82.0,21.0,2.0,0.0,0.0,2.0,0.0,0.0,511.53,196.28,1583.38,224.11,72.0,11.54908774,0.10741501100000005
1.0,5.59,2.6,0.56,0.26,251.0,59.0,92.0,2.0,1.0,1.0,2.0,0.0,1.0,378.98,174.24,2432.66,613.06,85.0,12.33874026,0.5545494296666663
0.0,6.39,3.21,0.61,0.27,242.0,90.0,78.0,1.0,1.0,2.0,1.0,0.0,0.0,246.95,120.77,4004.57,246.63,75.0,11.70956329,0.1432426231666668
0.0,6.21,3.36,0.62,0.2,334.0,51.0,64.0,2.0,1.0,0.0,2.0,0.0,0.0,1451.39,625.46,1632.24,272.26,78.0,11.60867361,0.07639399199999994
5.0,7.04,3.54,0.54,0.23,151.0,42.0,83.0,1.0,1.0,1.0,2.0,0.0,1.0,2701.71,193.4,2832.2,200.38,94.0,11.12907862,0.6073935359999997
1.0,5.9,3.15,0.65,0.23,135.0,96.0,30.0,2.0,0.0,1.0,2.0,1.0,2.0,615.86,192.81,1371.8,217.54,95.0,12.28255262,0.40611594666666656
0.0,5.832726095,4.257832155,0.5077860441,0.3331455174,637.0,61.75562985,49.01134372,2.0,1.0,0.0,0.0,1.0,1.0,107.37,392.88,2588.26,228.29,36.3116123,11.60913267,0.24759835583333312
0.0,5.09,3.09,0.73,0.33,211.0,99.0,48.0,0.0,0.0,1.0,1.0,1.0,1.0,3092.65,564.46,4010.89,767.06,42.0,11.22179593,0.17187839450000011
0.0,7.42,2.81,0.72,0.16,232.0,78.0,76.0,1.0,0.0,2.0,2.0,1.0,2.0,314.92,157.46,2292.61,482.03,42.0,11.31400705,0.30439848799999975
0.0,5.48,4.39,0.61,0.26,509.0,89.0,54.0,0.0,1.0,0.0,0.0,0.0,0.0,1880.7,368.9,2208.45,330.22,71.0,11.45492629,0.17033957183333348
0.0,5.428523759,3.207669876,0.5649153489,0.26821115,602.0,97.92951157,65.69694939,1.0,0.0,2.0,2.0,1.0,1.0,283.37,226.93,561.99,775.95,47.28361732,12.17367891,0.2555807529999998
0.0,6.67,2.9,0.73,0.14,404.0,54.0,43.0,0.0,1.0,2.0,0.0,0.0,1.0,179.28,621.78,2626.14,228.42,39.0,11.09931291,0.21327761099999998
0.0,6.81,2.96,0.6,0.22,592.0,35.0,73.0,0.0,1.0,0.0,1.0,0.0,0.0,2823.94,340.35,190.55,268.99,36.0,12.04757798,0.13330864250000007
0.0,5.65,3.24,0.71,0.27,298.0,86.0,80.0,0.0,0.0,1.0,1.0,0.0,0.0,2244.03,465.03,4200.11,792.34,85.0,11.69090956,0.5373898669999996
0.0,6.46,3.1,0.7,0.31,189.0,65.0,70.0,2.0,1.0,1.0,1.0,0.0,2.0,1050.07,179.29,707.5,747.35,83.0,11.39920759,0.04907230000000001
0.0,6.205141165,3.364651665,0.6215800159,0.2023033565,335.0,51.94884363,64.72457966,2.0,1.0,0.0,2.0,0.0,0.0,1451.39,625.46,1632.24,272.26,78.90255449,11.60869804,0.07639399199999994
0.0,7.47,2.19,0.57,0.25,263.0,37.0,59.0,0.0,1.0,0.0,2.0,1.0,1.0,1730.56,164.41,3282.57,257.79,36.0,11.46770648,0.3035608259999998
0.0,6.36,3.68,0.5,0.15,182.0,25.0,98.0,1.0,0.0,2.0,2.0,0.0,0.0,3559.63,167.4,2412.61,597.02,70.0,11.77432966,0.15120275900000013
5.0,6.84,4.09,0.55,0.4,167.0,82.0,90.0,1.0,0.0,0.0,0.0,0.0,2.0,2645.07,182.59,2848.97,194.29,92.0,11.57133498,0.6067299999999995
0.0,5.48,4.39,0.61,0.26,339.0,89.0,54.0,0.0,1.0,0.0,0.0,0.0,0.0,331.56,160.89,2208.45,330.22,71.0,11.40367762,0.15502808133333348
1.0,5.26,3.23,0.66,0.38,276.0,34.0,95.0,2.0,1.0,0.0,0.0,1.0,1.0,663.18,191.04,1802.86,253.79,50.0,12.28037506,0.2257024105
3.0,5.48,2.63,0.65,0.17,178.0,23.0,65.0,0.0,0.0,2.0,0.0,1.0,2.0,487.52,185.31,2874.12,194.38,37.0,11.21125759,0.049915779
0.0,7.23,4.03,0.67,0.2,169.0,49.0,30.0,0.0,0.0,0.0,0.0,0.0,2.0,3009.75,615.6,947.86,795.78,85.0,11.53521621,0.576727390666667
0.0,7.12,3.59,0.53,0.11,287.0,38.0,79.0,0.0,0.0,2.0,1.0,0.0,1.0,2247.97,177.36,176.55,363.53,76.0,11.11290272,0.07632161541666659
4.0,6.82,3.14,0.74,0.26,120.0,82.0,36.0,2.0,0.0,0.0,2.0,0.0,0.0,1100.1,173.71,2913.44,200.43,72.0,11.51347183,0.12227334000000017
0.0,6.258245067,2.384480131,0.7677434414,0.3862462485,471.0,72.45963064,59.46068142,0.0,1.0,2.0,2.0,0.0,0.0,1732.13,371.8,322.29,266.87,92.07693769,12.27885978,0.43009600891666644
0.0,5.085724973,3.094297591,0.7261149756,0.332698219,317.0,99.9358946,48.06482126,0.0,0.0,1.0,1.0,1.0,1.0,3899.4,774.18,4010.89,767.06,42.69068341,11.25365811,0.16825879250000014
0.0,5.09,3.09,0.73,0.33,106.0,99.0,48.0,0.0,0.0,1.0,1.0,1.0,1.0,397.69,160.02,4010.89,767.06,42.0,11.1903523,0.17929528433333344
0.0,5.09,3.09,0.73,0.33,316.0,99.0,48.0,0.0,0.0,1.0,1.0,1.0,1.0,3899.4,774.18,4010.89,767.06,42.0,11.25363673,0.16825879250000014
0.0,7.01,4.45,0.66,0.36,165.0,76.0,75.0,2.0,1.0,2.0,2.0,1.0,1.0,801.43,728.17,364.2,741.87,35.0,11.66750297,0.04907230000000001
0.0,6.66,3.14,0.69,0.31,269.0,36.0,93.0,1.0,1.0,0.0,2.0,1.0,2.0,985.35,180.15,1500.49,362.55,49.0,11.26010404,0.09735746500000012
0.0,5.05,3.94,0.65,0.34,274.0,64.0,53.0,2.0,1.0,0.0,2.0,1.0,0.0,1531.03,480.75,297.23,200.72,91.0,11.55411329,0.4010811936666665
0.0,5.94,4.09,0.55,0.34,616.0,95.0,73.0,2.0,0.0,1.0,1.0,0.0,2.0,1225.98,208.77,1403.17,341.99,44.0,11.44531527,0.14822336733333352
0.0,6.96,2.91,0.59,0.16,381.0,48.0,78.0,1.0,1.0,2.0,0.0,0.0,1.0,1786.86,164.57,1354.43,361.91,33.0,11.47528921,0.09859418175000005
0.0,5.09,2.8,0.68,0.15,230.0,64.0,37.0,1.0,0.0,0.0,0.0,0.0,0.0,326.43,163.21,3028.9,755.84,43.0,11.32688227,0.17189610300000016
0.0,6.7,3.12,0.73,0.3,269.0,39.0,40.0,2.0,0.0,0.0,0.0,0.0,0.0,2016.6,417.93,1559.79,221.11,80.0,12.24112668,0.15655708141666674
0.0,5.15,4.13,0.79,0.11,497.0,51.0,52.0,0.0,0.0,0.0,1.0,1.0,1.0,4368.95,701.34,2229.06,294.91,54.0,12.31845513,0.16614154108333343
0.0,7.42,2.81,0.72,0.16,694.0,78.0,76.0,1.0,0.0,2.0,2.0,1.0,2.0,2011.81,315.73,2292.61,482.03,42.0,11.45020851,0.3293100708333331
5.0,7.04,3.54,0.54,0.23,1.0,42.0,83.0,1.0,1.0,1.0,2.0,0.0,1.0,2701.71,193.4,2832.2,200.38,94.0,11.08597924,0.6073935359999997
0.0,5.32,2.64,0.61,0.36,690.0,56.0,99.0,2.0,0.0,1.0,1.0,0.0,0.0,1466.4,709.97,2587.67,305.43,43.0,11.74909577,0.10238552200000005
0.0,6.09,2.93,0.69,0.2,221.0,72.0,35.0,1.0,1.0,1.0,1.0,1.0,1.0,311.69,155.84,2405.18,406.77,34.0,12.07260295,0.11775928800000006
1.0,7.07,3.85,0.61,0.32,139.0,32.0,55.0,1.0,0.0,2.0,0.0,0.0,1.0,351.05,183.39,1003.85,774.62,95.0,11.40493944,0.38353456433333316
0.0,5.48,4.39,0.61,0.26,339.0,89.0,54.0,0.0,1.0,0.0,0.0,0.0,0.0,331.56,160.89,2208.45,330.22,71.0,11.4036895,0.15502808133333348
0.0,7.01,2.83,0.62,0.11,328.0,37.0,52.0,2.0,0.0,0.0,0.0,1.0,1.0,4178.6,693.29,70.28,534.16,70.0,11.55881977,0.04907230000000001
0.0,5.27,3.48,0.77,0.2,1.0,47.0,42.0,1.0,1.0,0.0,0.0,1.0,2.0,329.08,164.54,4048.1,687.35,45.0,11.15940359,0.1443923491666669
5.0,6.21,3.36,0.62,0.2,1.0,51.0,64.0,2.0,1.0,0.0,2.0,0.0,0.0,2903.14,195.52,2857.59,200.51,78.0,11.50953528,0.10545389200000008
0.0,6.13,4.27,0.73,0.26,458.0,86.0,67.0,1.0,1.0,1.0,1.0,1.0,2.0,467.87,725.87,475.07,774.66,91.0,11.65778182,0.3692467466666665
0.0,5.18,3.3,0.77,0.21,427.0,64.0,79.0,1.0,1.0,2.0,2.0,0.0,0.0,1867.55,234.08,2356.35,560.55,83.0,11.92814216,0.22411306700000005
0.0,6.014230877,3.435197318,0.766638154,0.2419870804,548.0,46.74295068,80.50537916,0.0,1.0,0.0,2.0,0.0,2.0,102.2,276.88,100.8,207.37,40.49494743,11.78923301,0.1914706333333334
0.0,7.12,3.59,0.53,0.11,287.0,38.0,79.0,0.0,0.0,2.0,1.0,0.0,1.0,2149.73,176.05,176.55,363.53,76.0,11.11290891,0.07632161541666659
0.0,5.32,2.64,0.61,0.36,460.0,56.0,99.0,2.0,0.0,1.0,1.0,0.0,0.0,324.43,173.64,2587.67,305.43,43.0,11.67978758,0.8217414690000001
0.0,5.91,4.21,0.71,0.13,440.0,38.0,97.0,0.0,0.0,2.0,1.0,1.0,1.0,2739.9,163.62,1449.88,242.42,60.0,11.12842655,0.2504940117499998
0.0,6.25,2.45,0.64,0.17,237.0,91.0,31.0,1.0,1.0,1.0,1.0,1.0,1.0,310.72,131.25,618.66,271.69,45.0,12.19439132,0.12412673111904779
0.0,6.67,2.59,0.76,0.18,289.0,58.0,76.0,0.0,0.0,2.0,1.0,1.0,1.0,1913.61,326.97,825.52,691.49,69.0,11.40121038,0.08387859483333328
0.0,5.54,3.88,0.66,0.11,210.0,72.0,54.0,1.0,0.0,2.0,1.0,1.0,0.0,272.51,136.17,2652.23,681.42,92.0,11.39069121,0.5206231940555552
0.0,5.89,3.2,0.5,0.18,599.0,65.0,68.0,0.0,0.0,0.0,1.0,1.0,1.0,3059.04,338.15,2547.95,572.69,70.0,11.17753847,0.13285080900000015
0.0,5.03,2.14,0.74,0.25,642.0,73.0,56.0,2.0,1.0,1.0,0.0,1.0,0.0,1467.38,280.01,607.4,734.15,66.0,11.93622719,0.1587742668333335
3.0,5.82,3.94,0.54,0.31,181.0,77.0,78.0,1.0,0.0,0.0,2.0,0.0,0.0,413.7,167.94,2794.45,200.54,99.0,12.17623208,0.5120278343333331
0.0,5.45,3.84,0.55,0.15,695.0,51.0,55.0,1.0,0.0,1.0,0.0,0.0,1.0,2285.24,461.01,1972.2,631.59,38.0,11.25425353,0.11222773000000012
0.0,5.43,2.85,0.5,0.33,169.0,18.0,75.0,0.0,0.0,0.0,2.0,0.0,2.0,148.0,743.6,1777.71,414.59,46.0,11.45510884,0.05281138199999999
0.0,5.274168214,3.718070413,0.5896258305,0.3882719498,441.0,82.8365418,50.88645831,0.0,1.0,1.0,0.0,0.0,1.0,2744.96,374.82,2688.23,307.8,86.18822524,12.05665343,0.5398323681666665
1.0,6.42,3.7,0.53,0.38,389.0,83.0,32.0,2.0,1.0,1.0,2.0,1.0,0.0,110.69,488.87,519.32,262.95,83.0,11.13679604,0.15350033000000013
2.0,6.29,2.76,0.79,0.16,337.0,65.0,57.0,1.0,1.0,1.0,1.0,0.0,1.0,368.17,171.7,1400.0,200.0,31.0,11.525585,0.09814518075000009
0.0,7.23,4.3,0.66,0.24,503.0,61.0,46.0,0.0,1.0,0.0,1.0,0.0,1.0,128.43,521.68,158.09,205.08,98.0,12.08801127,0.509501939
5.0,5.17,4.01,0.52,0.36,162.0,34.0,21.0,0.0,0.0,1.0,2.0,0.0,2.0,2957.69,197.54,2895.71,200.36,40.0,12.02628752,0.19643663949999987
0.0,6.038281112,3.974272181,0.6879580966,0.2923484835,415.0,39.97680539,66.22978009,1.0,1.0,0.0,0.0,1.0,0.0,3123.19,226.18,3147.96,466.79,61.72026878,11.99581296,0.12475760183333344
0.0,5.43,3.21,0.56,0.27,601.0,97.0,65.0,1.0,0.0,2.0,2.0,1.0,1.0,283.37,226.93,561.99,775.95,47.0,12.17363616,0.2775197527619046
1.0,6.21,3.04,0.68,0.27,229.0,43.0,46.0,0.0,1.0,2.0,1.0,1.0,0.0,122.33,376.75,2026.39,188.31,94.0,11.20858266,0.4858512320000001
0.0,5.27,3.48,0.77,0.2,317.0,47.0,42.0,1.0,1.0,0.0,0.0,1.0,2.0,374.45,179.26,4048.1,687.35,45.0,11.25151536,0.14213718041666687
0.0,7.05,2.12,0.74,0.33,372.0,75.0,35.0,2.0,0.0,0.0,2.0,1.0,0.0,3138.2,228.91,1217.09,746.95,32.0,12.19612637,0.18453442383333332
0.0,7.234325502,4.031727664,0.6700039135,0.1975238329,506.0,49.55002966,30.49945038,0.0,0.0,0.0,0.0,0.0,2.0,3009.75,615.6,947.86,795.78,85.15392073,11.63556798,0.5644380683333334
2.0,6.46,3.1,0.7,0.31,94.0,65.0,70.0,2.0,1.0,1.0,1.0,0.0,2.0,367.35,171.6,1637.01,178.96,83.0,11.37072888,0.04907230000000001
0.0,5.44,2.15,0.74,0.24,133.0,96.0,52.0,2.0,1.0,1.0,0.0,1.0,2.0,394.74,767.75,1983.4,299.33,68.0,11.79336932,0.04907230000000001
4.0,5.64,4.07,0.54,0.17,85.0,34.0,57.0,1.0,1.0,2.0,0.0,1.0,0.0,1241.96,193.82,2881.39,201.67,83.0,12.34535941,0.10904244216666667
0.0,5.94,4.09,0.55,0.34,616.0,95.0,73.0,2.0,0.0,1.0,1.0,0.0,2.0,1225.98,208.77,1403.17,341.99,44.0,11.44531527,0.14822336733333352
0.0,5.48,4.39,0.61,0.26,509.0,89.0,54.0,0.0,1.0,0.0,0.0,0.0,0.0,1880.7,368.9,2208.45,330.22,71.0,11.45492629,0.17033957183333348
3.0,6.84,4.09,0.55,0.4,333.0,82.0,90.0,1.0,0.0,0.0,0.0,0.0,2.0,398.01,159.95,2848.97,194.29,92.0,11.62042299,0.5281797029999994
0.0,6.46,3.1,0.7,0.31,284.0,65.0,70.0,2.0,1.0,1.0,1.0,0.0,2.0,3766.18,776.64,707.5,747.35,83.0,11.42799875,0.04907230000000001
5.0,5.43,3.21,0.56,0.27,1.0,97.0,65.0,1.0,0.0,2.0,2.0,1.0,1.0,2924.57,195.02,2878.52,194.36,47.0,11.99912918,0.08694207200000005
1.0,5.41,3.39,0.67,0.11,183.0,32.0,30.0,2.0,1.0,1.0,0.0,1.0,0.0,830.12,209.87,2671.96,177.88,60.0,11.24178958,0.1171067555000001
0.0,5.32,2.64,0.61,0.36,460.0,56.0,99.0,2.0,0.0,1.0,1.0,0.0,0.0,326.49,173.8,2587.67,305.43,43.0,11.67981101,0.7728977969999997
3.0,6.87,3.35,0.59,0.3,339.0,59.0,59.0,0.0,1.0,1.0,2.0,1.0,0.0,428.01,174.36,2876.2,198.24,76.0,12.24877979,0.12310755900000006
0.0,6.42,2.15,0.71,0.12,289.0,51.0,83.0,0.0,0.0,0.0,2.0,1.0,1.0,1976.28,407.9,2528.11,229.78,59.0,12.09755888,0.10197904291666675
0.0,6.81,2.96,0.6,0.22,592.0,35.0,73.0,0.0,1.0,0.0,1.0,0.0,0.0,2823.94,340.35,190.55,268.99,36.0,12.04757798,0.13330864250000007
0.0,5.65,3.24,0.71,0.27,298.0,86.0,80.0,0.0,0.0,1.0,1.0,0.0,0.0,2244.03,465.03,4200.11,792.34,85.0,11.69090956,0.5373898669999996
0.0,5.59,4.24,0.51,0.32,224.0,75.0,87.0,0.0,0.0,2.0,0.0,1.0,1.0,339.56,166.71,1597.98,306.47,53.0,11.36650144,0.05835688499999996
2.0,5.64,4.07,0.54,0.17,171.0,34.0,57.0,1.0,1.0,2.0,0.0,1.0,0.0,365.09,209.39,2038.58,212.48,83.0,12.37086185,0.31400817926190466
0.0,6.01,3.44,0.77,0.24,547.0,46.0,80.0,0.0,1.0,0.0,2.0,0.0,2.0,102.2,276.88,100.8,207.37,40.0,11.78919332,0.1914706333333334
0.0,6.04,3.97,0.69,0.29,414.0,39.0,66.0,1.0,1.0,0.0,0.0,1.0,0.0,3123.19,226.18,3147.96,466.79,61.0,11.99578242,0.12376813433333345
0.0,6.42,2.66,0.55,0.21,343.0,34.0,48.0,2.0,1.0,1.0,2.0,1.0,0.0,3992.77,789.41,1400.13,767.97,92.0,11.19720196,0.43450171899999973
1.0,5.9,3.15,0.65,0.23,270.0,96.0,18.0,2.0,0.0,1.0,2.0,1.0,2.0,615.86,192.81,1142.11,759.64,95.0,12.32227142,0.43117351766666645
0.0,6.38,3.71,0.51,0.3,309.0,99.0,36.0,1.0,1.0,0.0,0.0,0.0,0.0,4347.14,534.45,352.97,220.62,72.0,12.0021403,0.12597363633333347
0.0,5.09,3.09,0.73,0.33,106.0,99.0,48.0,0.0,0.0,1.0,1.0,1.0,1.0,397.69,160.02,4010.89,767.06,42.0,11.19036078,0.17929528433333344
0.0,7.28,2.42,0.76,0.36,233.0,79.0,46.0,2.0,1.0,0.0,1.0,1.0,0.0,2970.74,312.58,403.78,753.84,46.0,11.09023899,0.25879924166666657
0.0,5.48,2.63,0.65,0.17,357.0,23.0,65.0,0.0,0.0,2.0,0.0,1.0,2.0,1404.45,167.09,1329.62,782.03,37.0,11.263237,0.12918604308333348
0.0,6.34,3.61,0.73,0.27,380.0,95.0,38.0,0.0,0.0,1.0,2.0,0.0,0.0,2184.49,263.17,70.15,332.47,30.0,11.47632012,0.1513168585000002
0.0,7.29,2.83,0.65,0.32,289.0,58.0,79.0,1.0,1.0,0.0,2.0,1.0,1.0,3015.77,759.21,4434.23,442.63,78.0,11.80914934,0.2900693549999999
3.0,7.27,3.92,0.51,0.36,335.0,45.0,93.0,2.0,1.0,1.0,0.0,0.0,2.0,458.12,171.75,2889.94,193.49,52.0,12.30781725,0.34994478383333316
4.0,5.41,3.39,0.67,0.11,1.0,32.0,30.0,2.0,1.0,1.0,0.0,1.0,0.0,1320.76,191.06,2954.14,199.97,60.0,11.18747801,0.12120920800000015
5.0,5.83,4.26,0.51,0.33,212.0,61.0,49.0,2.0,1.0,0.0,0.0,1.0,1.0,2933.29,284.53,2911.67,196.77,36.0,11.4839789,0.1255682555000002
0.0,6.34,3.28,0.75,0.26,340.0,83.0,94.0,2.0,1.0,1.0,0.0,0.0,0.0,3035.95,476.62,3222.69,767.67,72.0,11.89449109,0.1364520645000001
5.0,6.21,3.36,0.62,0.2,112.0,51.0,64.0,2.0,1.0,0.0,2.0,0.0,0.0,2763.0,194.76,2857.59,200.51,78.0,11.54176892,0.10545389200000008
0.0,6.813970164,2.959390182,0.6023728521,0.2216156357,593.0,35.04858069,73.10501779,0.0,1.0,0.0,1.0,0.0,0.0,2823.94,340.35,190.55,268.99,36.35893548,12.04762074,0.13330864250000007
0.0,6.25,2.45,0.64,0.17,237.0,91.0,31.0,1.0,1.0,1.0,1.0,1.0,1.0,310.72,131.25,618.66,271.69,45.0,12.19439777,0.12412673111904779
0.0,5.86,3.32,0.61,0.16,290.0,54.0,38.0,1.0,0.0,2.0,1.0,1.0,0.0,1438.45,168.03,4445.72,743.68,72.0,12.06147359,0.15205086908333346
3.0,7.47,2.19,0.57,0.25,131.0,63.0,35.0,0.0,1.0,0.0,2.0,1.0,1.0,428.36,173.65,2898.12,195.96,36.0,11.42917152,0.32951103499999973
4.0,5.94,4.09,0.55,0.34,1.0,95.0,73.0,2.0,0.0,1.0,1.0,0.0,2.0,2903.19,193.58,2906.42,194.69,44.0,11.26618794,0.04907230000000001
0.0,5.82,3.94,0.54,0.31,181.0,77.0,78.0,1.0,0.0,0.0,2.0,0.0,0.0,311.52,155.76,2436.27,221.71,99.0,12.17624068,0.5165002686190474
2.0,6.25,4.12,0.56,0.18,155.0,94.0,24.0,2.0,0.0,0.0,1.0,0.0,0.0,363.25,161.1,1400.0,200.0,55.0,12.10806626,0.14680118166666678
0.0,6.09,2.93,0.69,0.2,441.0,72.0,35.0,1.0,1.0,1.0,1.0,1.0,1.0,302.14,146.98,2405.18,406.77,34.0,12.13607727,0.25921980920238086
0.0,6.34,3.61,0.73,0.27,126.0,95.0,38.0,0.0,0.0,1.0,2.0,0.0,0.0,2184.49,263.17,70.15,332.47,30.0,11.39983005,0.10266173466666674
0.0,6.81,2.96,0.6,0.22,198.0,35.0,73.0,0.0,1.0,0.0,1.0,0.0,0.0,2823.94,340.35,190.55,268.99,36.0,11.93072703,0.08922375300000004
3.0,5.48,2.63,0.65,0.17,178.0,38.0,65.0,0.0,0.0,2.0,0.0,1.0,2.0,471.53,185.7,2874.12,194.38,37.0,11.2112581,0.049915779
0.0,5.41,4.19,0.62,0.26,360.0,22.0,79.0,1.0,1.0,2.0,2.0,1.0,2.0,1909.3,165.27,138.53,411.75,39.0,11.16857676,0.06656753074999991
1.0,5.59,2.6,0.56,0.26,251.0,59.0,92.0,2.0,1.0,1.0,2.0,0.0,1.0,355.63,173.8,2432.66,613.06,85.0,12.33875261,0.5545494296666663
3.0,6.01,3.44,0.77,0.24,365.0,46.0,80.0,0.0,1.0,0.0,2.0,0.0,2.0,421.51,188.29,2868.0,193.51,40.0,11.73433027,0.09140926725
0.0,5.26,3.23,0.66,0.38,414.0,57.0,95.0,2.0,1.0,0.0,0.0,1.0,1.0,3522.42,761.63,2418.01,668.18,50.0,12.32254217,0.18440089441666674
0.0,7.47,2.19,0.57,0.25,263.0,37.0,59.0,0.0,1.0,0.0,2.0,1.0,1.0,1767.56,164.54,3282.57,257.79,36.0,11.46769654,0.3035608259999998
0.0,7.05,2.13,0.64,0.29,466.0,98.0,67.0,0.0,0.0,1.0,1.0,0.0,1.0,3922.46,260.71,1380.68,415.8,82.0,11.65040445,0.1993652061666667
0.0,6.55,3.49,0.51,0.38,156.0,77.0,95.0,1.0,0.0,2.0,1.0,1.0,0.0,299.39,149.62,3537.83,710.51,45.0,12.0804672,0.24107756366666674
0.0,6.34,3.28,0.75,0.26,510.0,83.0,94.0,2.0,1.0,1.0,0.0,0.0,0.0,3035.95,476.62,3222.69,767.67,72.0,11.94573382,0.18187321050000008
0.0,7.44,2.18,0.53,0.19,1.0,65.0,82.0,2.0,0.0,2.0,2.0,1.0,0.0,2250.17,407.14,2381.88,335.87,68.0,12.19691202,0.3139304614999997
0.0,5.43,3.21,0.56,0.27,601.0,97.0,65.0,1.0,0.0,2.0,2.0,1.0,1.0,283.37,226.93,561.99,775.95,47.0,12.17363616,0.2775197527619046
0.0,7.44,2.18,0.53,0.19,241.0,65.0,82.0,2.0,0.0,2.0,2.0,1.0,0.0,2250.17,407.14,2381.88,335.87,68.0,12.26701912,0.3154290834999997
5.0,5.17,4.01,0.52,0.36,1.0,34.0,21.0,0.0,0.0,1.0,2.0,0.0,2.0,2957.69,197.54,2909.61,200.41,40.0,11.98034441,0.19643663949999987
3.0,6.63,2.32,0.64,0.35,201.0,56.0,73.0,1.0,0.0,1.0,1.0,1.0,0.0,394.36,169.53,2869.81,195.09,84.0,11.13854673,0.08743048450000002
0.0,6.42,2.66,0.55,0.21,343.0,34.0,48.0,2.0,1.0,1.0,2.0,1.0,0.0,3992.77,789.41,1400.13,767.97,92.0,11.19720196,0.43450171899999973
0.0,7.17,3.62,0.71,0.16,221.0,69.0,60.0,0.0,0.0,0.0,2.0,0.0,2.0,403.29,171.22,1596.1,315.44,33.0,12.19210188,0.21570912891666663
0.0,6.34,3.61,0.73,0.27,126.0,95.0,38.0,0.0,0.0,1.0,2.0,0.0,0.0,2184.49,263.17,70.15,332.47,30.0,11.39982776,0.10266173466666674
3.0,5.77,3.9,0.74,0.33,353.0,35.0,51.0,2.0,0.0,1.0,0.0,1.0,1.0,611.19,195.22,2910.19,194.33,38.0,11.46636814,0.06910813899999992
0.0,7.272723223,3.917644968,0.5117350012,0.3638522981,503.0,75.77817529,93.48933413,2.0,1.0,1.0,0.0,0.0,2.0,3400.55,234.86,1633.8,357.55,52.18210931,12.35848081,0.4396207330833331
5.0,6.01,3.44,0.77,0.24,1.0,46.0,80.0,0.0,1.0,0.0,2.0,0.0,2.0,2674.31,178.26,2900.51,194.35,40.0,11.62971352,0.07786616399999997
1.0,5.86,3.32,0.61,0.16,145.0,54.0,38.0,1.0,0.0,2.0,1.0,1.0,0.0,659.56,191.21,3070.74,533.09,72.0,12.01883739,0.12942909050000015
0.0,6.81,2.96,0.6,0.22,1.0,35.0,73.0,0.0,1.0,0.0,1.0,0.0,0.0,2823.94,340.35,190.55,268.99,36.0,11.87538553,0.08922375300000004
5.0,7.27,3.92,0.51,0.36,1.0,45.0,93.0,2.0,1.0,1.0,0.0,0.0,2.0,2747.17,193.79,2889.94,193.49,52.0,12.21112706,0.359150266333333
0.0,7.05,2.12,0.74,0.33,372.0,75.0,35.0,2.0,0.0,0.0,2.0,1.0,0.0,3138.2,228.91,1217.09,746.95,32.0,12.19613388,0.18453442383333332
0.0,6.23,3.65,0.64,0.17,219.0,38.0,98.0,0.0,0.0,0.0,0.0,1.0,2.0,244.71,195.46,1495.42,387.52,33.0,12.10531402,0.1638654275000001
0.0,7.29,2.83,0.65,0.32,97.0,58.0,79.0,1.0,1.0,0.0,2.0,1.0,1.0,345.57,151.68,4434.23,442.63,78.0,11.75127865,0.31321815949999965
0.0,6.94,2.46,0.64,0.2,210.0,45.0,83.0,2.0,1.0,1.0,0.0,0.0,1.0,2775.41,236.2,2190.72,647.18,76.0,11.10645457,0.04907230000000001
0.0,5.27,3.72,0.59,0.39,440.0,82.0,50.0,0.0,1.0,1.0,0.0,0.0,1.0,2744.96,374.82,2688.23,307.8,86.0,12.0566229,0.5398323681666665
0.0,7.17,3.62,0.71,0.16,332.0,69.0,60.0,0.0,0.0,0.0,2.0,0.0,2.0,2299.52,471.19,1596.1,315.44,33.0,12.22577255,0.24275092499999995
3.0,7.3,4.14,0.74,0.19,96.0,87.0,82.0,1.0,0.0,2.0,2.0,1.0,0.0,380.29,159.16,2864.51,194.29,50.0,11.4124975,0.31707735149999977
5.0,5.17,4.01,0.52,0.36,162.0,34.0,21.0,0.0,0.0,1.0,2.0,0.0,2.0,2939.18,197.06,2916.71,200.29,40.0,12.02628482,0.19643663949999987
0.0,6.63,2.32,0.64,0.35,603.0,56.0,73.0,1.0,0.0,1.0,1.0,1.0,0.0,104.91,208.84,2206.47,300.61,84.0,11.25777779,0.3279952781666664
0.0,6.39,3.21,0.61,0.27,242.0,90.0,78.0,1.0,1.0,2.0,1.0,0.0,0.0,246.95,120.77,4004.57,246.63,75.0,11.70956403,0.1432426231666668
0.0,5.27,3.48,0.77,0.2,475.0,47.0,42.0,1.0,1.0,0.0,0.0,1.0,2.0,2044.89,611.18,4048.1,687.35,45.0,11.29913046,0.1924787288333334
0.0,7.29,3.03,0.75,0.36,162.0,64.0,74.0,2.0,0.0,1.0,1.0,0.0,1.0,210.64,762.82,1730.07,368.56,52.0,12.16923361,0.21515064966666664
0.0,6.42,2.15,0.71,0.12,433.0,51.0,83.0,0.0,0.0,0.0,2.0,1.0,1.0,1976.28,407.9,2528.11,229.78,59.0,12.14154882,0.13476307741666674
0.0,6.81,2.96,0.6,0.22,395.0,35.0,73.0,0.0,1.0,0.0,1.0,0.0,0.0,2823.94,340.35,190.55,268.99,36.0,11.98789731,0.11438099150000007
0.0,5.27,3.48,0.77,0.2,1.0,47.0,42.0,1.0,1.0,0.0,0.0,1.0,2.0,329.13,164.44,4048.1,687.35,45.0,11.15941426,0.1443923491666669
0.0,7.17,3.62,0.71,0.16,110.0,69.0,60.0,0.0,0.0,0.0,2.0,0.0,2.0,403.29,171.22,1596.1,315.44,33.0,12.15886786,0.21240696066666662
0.0,7.232661496,4.296768802,0.6617945471,0.2424360334,504.0,61.32758451,46.87884502,0.0,1.0,0.0,1.0,0.0,1.0,128.43,521.68,158.09,205.08,98.81005942,12.08804791,0.5012301349999999
0.0,7.12,3.59,0.53,0.11,143.0,38.0,79.0,0.0,0.0,2.0,1.0,0.0,1.0,2149.73,176.05,176.55,363.53,76.0,11.11070556,0.04907230000000001
5.0,5.18,3.3,0.77,0.21,143.0,64.0,79.0,1.0,1.0,2.0,2.0,0.0,0.0,2956.94,197.36,2886.28,195.34,83.0,11.84330907,0.18636954300000005
4.0,5.83,4.26,0.51,0.33,424.0,61.0,49.0,2.0,1.0,0.0,0.0,1.0,1.0,290.24,385.87,2911.67,196.77,36.0,11.54519526,0.24922063899999977
5.0,7.41,3.84,0.78,0.14,172.0,86.0,43.0,1.0,1.0,0.0,2.0,0.0,1.0,2898.65,193.89,2891.13,195.11,42.0,11.58610567,0.3819035319999997
0.0,7.01,2.83,0.62,0.11,219.0,37.0,52.0,2.0,0.0,0.0,0.0,1.0,1.0,2877.59,168.07,70.28,534.16,70.0,11.5257637,0.04907230000000001
0.0,7.38,2.75,0.59,0.3,375.0,65.0,74.0,0.0,1.0,0.0,1.0,0.0,0.0,3681.29,733.16,755.82,276.56,41.0,11.31854472,0.23149689890476186
0.0,6.09,2.93,0.69,0.2,441.0,72.0,35.0,1.0,1.0,1.0,1.0,1.0,1.0,300.94,149.28,2405.18,406.77,34.0,12.13609494,0.25921980920238086
0.0,7.23,4.03,0.67,0.2,1.0,49.0,30.0,0.0,0.0,0.0,0.0,0.0,2.0,3009.75,615.6,947.86,795.78,85.0,11.48764236,0.576727390666667
5.0,5.27,3.72,0.59,0.39,146.0,82.0,50.0,0.0,1.0,1.0,0.0,0.0,1.0,2764.11,194.83,2872.19,201.04,86.0,11.96878263,0.6472054944999998
5.0,5.17,4.01,0.52,0.36,1.0,34.0,21.0,0.0,0.0,1.0,2.0,0.0,2.0,2939.18,197.06,2916.71,200.29,40.0,11.98037462,0.19643663949999987
0.0,7.17,3.62,0.71,0.16,332.0,69.0,60.0,0.0,0.0,0.0,2.0,0.0,2.0,2299.52,471.19,1596.1,315.44,33.0,12.22577255,0.24275092499999995
0.0,7.04,3.54,0.54,0.23,451.0,42.0,83.0,1.0,1.0,1.0,2.0,0.0,1.0,526.6,250.38,305.31,750.11,94.0,11.21870049,0.3794339166666664
5.0,5.77,3.9,0.74,0.33,176.0,35.0,85.0,2.0,0.0,1.0,0.0,1.0,1.0,2535.26,188.57,2842.21,194.08,38.0,11.41497853,0.07802187049999997
0.0,5.21,4.08,0.71,0.34,564.0,38.0,39.0,1.0,1.0,0.0,2.0,1.0,0.0,2574.21,202.37,3436.33,223.66,93.0,11.70058615,0.641678218333333
0.0,7.44,2.18,0.53,0.19,121.0,65.0,82.0,2.0,0.0,2.0,2.0,1.0,0.0,2250.17,407.14,2381.88,335.87,68.0,12.23143697,0.3139304614999997
4.0,5.05,3.94,0.65,0.34,92.0,64.0,53.0,2.0,1.0,0.0,2.0,1.0,0.0,2360.09,171.92,2850.06,197.14,91.0,11.4992673,0.6090742509999996
2.0,5.41,3.39,0.67,0.11,92.0,32.0,30.0,2.0,1.0,1.0,0.0,1.0,0.0,836.12,210.0,2504.14,199.66,60.0,11.21450668,0.1201163946666668
0.0,6.38,2.79,0.6,0.19,1.0,86.0,63.0,0.0,0.0,1.0,2.0,1.0,1.0,1889.35,340.61,631.28,692.81,75.0,11.38437982,0.05125961200000001
5.0,6.87,3.35,0.59,0.3,1.0,59.0,59.0,0.0,1.0,1.0,2.0,1.0,0.0,2700.97,187.68,2876.2,198.24,76.0,12.15095342,0.12160264900000013
0.0,7.29,3.03,0.75,0.36,488.0,64.0,74.0,2.0,0.0,1.0,1.0,0.0,1.0,210.64,762.82,1730.07,368.56,52.0,12.26656823,0.3062973838333331
0.0,5.27,3.48,0.77,0.2,159.0,47.0,42.0,1.0,1.0,0.0,0.0,1.0,2.0,329.13,164.44,4048.1,687.35,45.0,11.20476036,0.1448140886666669
5.0,6.0,2.49,0.69,0.29,196.0,39.0,36.0,0.0,0.0,1.0,0.0,0.0,2.0,2956.35,197.28,2907.69,205.25,66.0,11.09386374,0.12514651600000015
0.0,5.97,3.44,0.76,0.14,693.0,74.0,63.0,2.0,0.0,1.0,1.0,1.0,2.0,2435.56,591.61,1462.01,536.68,79.0,12.00947781,0.10040291150000004
0.0,6.42,2.15,0.71,0.12,433.0,51.0,83.0,0.0,0.0,0.0,2.0,1.0,1.0,1976.28,407.9,2528.11,229.78,59.0,12.14154882,0.13476307741666674
0.0,5.77,3.9,0.74,0.33,530.0,35.0,85.0,2.0,0.0,1.0,0.0,1.0,1.0,3121.12,256.79,4294.02,721.07,38.0,11.52002226,0.11899936505555575
0.0,7.12,3.68,0.6,0.23,192.0,37.0,85.0,0.0,0.0,0.0,0.0,0.0,2.0,2974.93,410.44,3634.84,277.1,61.0,12.24726628,0.09505888174999998
0.0,7.12,3.59,0.53,0.11,143.0,38.0,79.0,0.0,0.0,2.0,1.0,0.0,1.0,2033.75,173.97,176.55,363.53,76.0,11.11186607,0.04907230000000001
0.0,5.91,4.21,0.71,0.13,220.0,38.0,97.0,0.0,0.0,2.0,1.0,1.0,1.0,2701.9,163.62,1449.88,242.42,60.0,11.11012214,0.09120032650000005
3.0,5.05,2.23,0.61,0.13,177.0,33.0,78.0,0.0,1.0,1.0,1.0,0.0,2.0,156.52,242.37,2896.08,198.18,72.0,11.52249754,0.11358814500000008
0.0,5.43,2.85,0.5,0.33,169.0,18.0,75.0,0.0,0.0,0.0,2.0,0.0,2.0,148.0,743.6,1777.71,414.59,46.0,11.45511146,0.05281138199999999
0.0,5.91,4.21,0.71,0.13,440.0,38.0,97.0,0.0,0.0,2.0,1.0,1.0,1.0,2701.9,163.62,1449.88,242.42,60.0,11.12842676,0.2504940117499998
0.0,5.15,4.13,0.79,0.11,331.0,51.0,52.0,0.0,0.0,0.0,1.0,1.0,1.0,367.53,177.39,2229.06,294.91,54.0,12.26842167,0.14795632291666685
0.0,6.87,3.35,0.59,0.3,508.0,59.0,59.0,0.0,1.0,1.0,2.0,1.0,0.0,4332.25,220.93,1623.48,284.73,76.0,12.30002911,0.1672166737500001
0.0,7.44,2.48,0.71,0.13,1.0,51.0,98.0,1.0,1.0,2.0,1.0,1.0,0.0,317.52,158.49,3108.03,421.63,58.0,11.75628741,0.39009891749999964
0.0,5.65,3.24,0.71,0.27,1.0,86.0,80.0,0.0,0.0,1.0,1.0,0.0,0.0,377.77,164.14,4200.11,792.34,85.0,11.60190988,0.5463989064999997
0.0,6.13,4.36,0.74,0.24,332.0,36.0,56.0,0.0,1.0,1.0,0.0,1.0,1.0,402.89,183.86,3785.3,270.22,89.0,11.11924741,0.5147687936666663
0.0,5.71,4.34,0.66,0.26,294.0,48.0,67.0,2.0,0.0,0.0,2.0,1.0,2.0,3313.08,212.76,3635.85,690.65,42.0,12.37029545,0.36520318423412695
0.0,5.437786196,2.152160487,0.7388661164,0.2432223567,398.0,96.01467048,52.1837222,2.0,1.0,1.0,0.0,1.0,2.0,394.74,767.75,1983.4,299.33,68.7539071,11.87287095,0.04907230000000001
0.0,6.42,2.15,0.71,0.12,1.0,51.0,83.0,0.0,0.0,0.0,2.0,1.0,1.0,1976.28,407.9,2528.11,229.78,59.0,12.0141163,0.05007621750000001
0.0,6.42,2.15,0.71,0.12,1.0,51.0,83.0,0.0,0.0,0.0,2.0,1.0,1.0,1976.28,407.9,2528.11,229.78,59.0,12.01412199,0.05007621750000001
0.0,6.96,2.91,0.59,0.16,191.0,80.0,78.0,1.0,1.0,2.0,0.0,0.0,1.0,266.04,133.01,1354.43,361.91,33.0,11.4198241,0.07438360549999994
0.0,6.7,3.12,0.73,0.3,1.0,39.0,40.0,2.0,0.0,0.0,0.0,0.0,0.0,2016.6,417.93,1559.79,221.11,80.0,12.1628886,0.13687504658333344
0.0,5.05,2.23,0.61,0.13,265.0,33.0,78.0,0.0,1.0,1.0,1.0,0.0,2.0,58.26,254.49,1961.04,223.67,72.0,11.54945028,0.12913292600000023
0.0,6.55,3.49,0.51,0.38,468.0,77.0,95.0,1.0,0.0,2.0,1.0,1.0,0.0,3077.84,434.87,3537.83,710.51,45.0,12.17365942,0.2521976385833332
0.0,6.42,2.66,0.55,0.21,343.0,34.0,48.0,2.0,1.0,1.0,2.0,1.0,0.0,3992.77,789.41,1400.13,767.97,92.0,11.19720196,0.43450171899999973
0.0,6.81,2.96,0.6,0.22,395.0,35.0,73.0,0.0,1.0,0.0,1.0,0.0,0.0,2823.94,340.35,190.55,268.99,36.0,11.98789835,0.11438099150000007
2.0,6.8,2.67,0.67,0.24,363.0,54.0,89.0,1.0,1.0,0.0,1.0,1.0,1.0,496.61,196.7,2524.23,202.14,80.0,11.42146666,0.08326575158333327
2.0,6.21,3.04,0.68,0.27,458.0,43.0,77.0,0.0,1.0,2.0,1.0,1.0,0.0,118.87,351.99,2503.55,199.1,94.0,11.27493298,0.5566588229999997
5.0,7.05,2.13,0.64,0.29,156.0,98.0,67.0,0.0,0.0,1.0,1.0,0.0,1.0,2804.38,195.12,2814.54,198.06,82.0,11.55781086,0.09564699100000011
2.0,7.01,2.83,0.62,0.11,110.0,22.0,52.0,2.0,0.0,0.0,0.0,1.0,1.0,545.18,195.08,1400.0,200.0,70.0,11.49312885,0.04907230000000001
0.0,6.46,3.1,0.7,0.31,189.0,65.0,70.0,2.0,1.0,1.0,1.0,0.0,2.0,986.05,181.38,707.5,747.35,83.0,11.39921962,0.04907230000000001
0.0,7.069995441,3.854203389,0.6070530365,0.317443544,420.0,32.78901639,55.22303415,1.0,0.0,2.0,0.0,0.0,1.0,897.86,674.11,1003.85,774.62,95.96575554,11.4886091,0.37855566633333315
3.0,6.75,3.75,0.62,0.36,243.0,45.0,60.0,2.0,0.0,0.0,2.0,1.0,0.0,466.64,180.5,2874.06,201.93,83.0,12.20328957,0.103381442
5.0,5.18,3.3,0.77,0.21,143.0,64.0,79.0,1.0,1.0,2.0,2.0,0.0,0.0,2462.68,187.56,2886.28,195.34,83.0,11.84328215,0.18636954300000005
0.0,5.32,2.64,0.61,0.36,230.0,56.0,99.0,2.0,0.0,1.0,1.0,0.0,0.0,324.43,173.64,2587.67,305.43,43.0,11.61346666,0.20986317800000012
1.0,6.25,4.12,0.56,0.18,310.0,94.0,24.0,2.0,0.0,0.0,1.0,0.0,0.0,363.25,161.1,2891.72,235.12,55.0,12.15363125,0.19476852291666674
0.0,5.45,3.84,0.55,0.15,695.0,51.0,55.0,1.0,0.0,1.0,0.0,0.0,1.0,2285.24,461.01,1972.2,631.59,38.0,11.25425353,0.11222773000000012
0.0,6.02,3.84,0.54,0.18,545.0,32.0,59.0,1.0,0.0,0.0,1.0,1.0,1.0,1810.22,215.79,77.26,630.9,56.0,11.57265976,0.11985484247222242
2.0,5.27,3.48,0.77,0.2,1.0,47.0,42.0,1.0,1.0,0.0,0.0,1.0,2.0,647.35,191.87,2970.5,198.32,45.0,11.15940283,0.1220048506666668
1.0,6.42,3.7,0.53,0.38,195.0,83.0,32.0,2.0,1.0,1.0,2.0,1.0,0.0,110.69,488.87,519.32,262.95,83.0,11.19888415,0.11836621800000004
0.0,5.44,2.15,0.74,0.24,397.0,96.0,52.0,2.0,1.0,1.0,0.0,1.0,2.0,394.74,767.75,1983.4,299.33,68.0,11.87284347,0.04907230000000001
0.0,7.44,2.18,0.53,0.19,361.0,65.0,82.0,2.0,0.0,2.0,2.0,1.0,0.0,2250.17,407.14,2381.88,335.87,68.0,12.30372892,0.31985093883333304
4.0,5.97,3.44,0.76,0.14,462.0,74.0,63.0,2.0,0.0,1.0,1.0,1.0,2.0,2062.0,179.59,2914.33,199.42,79.0,11.94018692,0.12608448041666687
2.0,7.23,4.3,0.66,0.24,335.0,61.0,46.0,0.0,1.0,0.0,1.0,0.0,1.0,104.08,278.9,1676.47,169.83,98.0,12.03736869,0.6407900066666673
0.0,5.44,2.15,0.74,0.24,133.0,96.0,52.0,2.0,1.0,1.0,0.0,1.0,2.0,394.74,767.75,1983.4,299.33,68.0,11.79336932,0.04907230000000001
0.0,5.21,4.08,0.71,0.34,564.0,38.0,39.0,1.0,1.0,0.0,2.0,1.0,0.0,2574.21,202.37,3436.33,223.66,93.0,11.70058615,0.641678218333333
3.0,6.96,2.91,0.59,0.16,191.0,80.0,78.0,1.0,1.0,2.0,0.0,0.0,1.0,400.0,200.0,2876.81,194.16,33.0,11.41982738,0.05007621750000001
0.0,7.29,2.83,0.65,0.32,97.0,58.0,79.0,1.0,1.0,0.0,2.0,1.0,1.0,345.57,151.68,4434.23,442.63,78.0,11.7512735,0.31321815949999965
0.0,7.44,2.48,0.71,0.13,250.0,51.0,98.0,1.0,1.0,2.0,1.0,1.0,0.0,3052.09,573.87,3108.03,421.63,58.0,11.8309645,0.3228315629999998
4.0,5.26,3.23,0.66,0.38,138.0,57.0,95.0,2.0,1.0,0.0,0.0,1.0,1.0,1173.0,171.24,2851.42,193.68,50.0,12.24009332,0.17411176200000014
0.0,6.42,2.66,0.55,0.21,229.0,34.0,48.0,2.0,1.0,1.0,2.0,1.0,0.0,2654.51,164.83,1400.13,767.97,92.0,11.16231468,0.46001871383333315
2.0,7.05,2.13,0.64,0.29,311.0,98.0,67.0,0.0,0.0,1.0,1.0,0.0,1.0,587.31,193.74,2735.55,197.24,82.0,11.60338772,0.11374788266666687
0.0,7.04,3.54,0.54,0.23,451.0,42.0,83.0,1.0,1.0,1.0,2.0,0.0,1.0,526.6,250.38,305.31,750.11,94.0,11.21870049,0.3794339166666664
0.0,5.48,2.63,0.65,0.17,536.0,38.0,65.0,0.0,0.0,2.0,0.0,1.0,2.0,3572.83,278.65,1329.62,782.03,37.0,11.31748321,0.1627234330000001
1.0,5.05,2.23,0.61,0.13,177.0,33.0,78.0,0.0,1.0,1.0,1.0,0.0,2.0,58.26,254.49,1727.25,213.81,72.0,11.52248231,0.11732722700000014
0.0,5.77,3.9,0.74,0.33,530.0,35.0,85.0,2.0,0.0,1.0,0.0,1.0,1.0,3121.12,256.79,4294.02,721.07,38.0,11.52002226,0.11899936505555575
0.0,6.66,3.14,0.69,0.31,404.0,36.0,93.0,1.0,1.0,0.0,2.0,1.0,2.0,3694.11,789.08,1500.49,362.55,49.0,11.30104751,0.14105396800000022
1.0,5.9,3.15,0.65,0.23,135.0,96.0,30.0,2.0,0.0,1.0,2.0,1.0,2.0,519.91,196.0,1371.8,217.54,95.0,12.28256613,0.40611594666666656
1.0,6.29,2.76,0.79,0.16,337.0,65.0,57.0,1.0,1.0,1.0,1.0,0.0,1.0,296.82,143.14,4281.79,292.47,31.0,11.52559094,0.13992323066666681
0.0,6.67,2.59,0.76,0.18,289.0,58.0,76.0,0.0,0.0,2.0,1.0,1.0,1.0,1913.61,326.97,825.52,691.49,69.0,11.40121402,0.08387859483333328
1.0,7.07,3.85,0.61,0.32,139.0,32.0,55.0,1.0,0.0,2.0,0.0,0.0,1.0,352.49,184.13,1003.85,774.62,95.0,11.40491788,0.38353456433333316
0.0,5.48,4.39,0.61,0.26,169.0,89.0,54.0,0.0,1.0,0.0,0.0,0.0,0.0,331.56,160.89,2208.45,330.22,71.0,11.35344167,0.11002332950000002
1.0,5.86,3.32,0.61,0.16,145.0,54.0,23.0,1.0,0.0,2.0,1.0,1.0,0.0,574.86,194.62,4331.73,745.12,72.0,12.01882806,0.13804607316666678
3.0,6.13,4.27,0.73,0.26,152.0,86.0,67.0,1.0,1.0,1.0,1.0,1.0,2.0,451.52,188.38,2802.74,198.55,91.0,11.56638554,0.5075964864999996
1.0,6.42,3.7,0.53,0.38,1.0,83.0,32.0,2.0,1.0,1.0,2.0,1.0,0.0,110.69,488.87,519.32,262.95,83.0,11.26245197,0.11836621800000004
0.0,7.00781474,2.827169072,0.6197504569,0.110899464,329.0,37.66176195,52.59869204,2.0,0.0,0.0,0.0,1.0,1.0,4178.6,693.29,70.28,534.16,70.99928002,11.5588442,0.04907230000000001
4.0,6.82,3.14,0.74,0.26,120.0,82.0,36.0,2.0,0.0,0.0,2.0,0.0,0.0,1672.79,167.53,2955.58,200.16,72.0,11.51348937,0.1252705450000002
0.0,5.89,3.2,0.5,0.18,199.0,65.0,68.0,0.0,0.0,0.0,1.0,1.0,1.0,3059.04,338.15,2547.95,572.69,70.0,11.11414929,0.04907230000000001
1.0,6.25,4.12,0.56,0.18,310.0,94.0,24.0,2.0,0.0,0.0,1.0,0.0,0.0,363.25,161.1,2742.97,198.59,55.0,12.15362665,0.18986854791666674
1.0,5.59,2.6,0.56,0.26,125.0,59.0,92.0,2.0,1.0,1.0,2.0,0.0,1.0,355.63,173.8,2432.66,613.06,85.0,12.30137698,0.5545494296666663
0.0,7.23,4.03,0.67,0.2,337.0,49.0,30.0,0.0,0.0,0.0,0.0,0.0,2.0,3009.75,615.6,947.86,795.78,85.0,11.5848947,0.5797170123333334
0.0,5.82,3.94,0.54,0.31,545.0,77.0,78.0,1.0,0.0,0.0,2.0,0.0,0.0,1808.47,343.5,2436.27,221.71,99.0,12.28424881,0.5218802782499998
0.0,5.15,4.13,0.79,0.11,331.0,51.0,52.0,0.0,0.0,0.0,1.0,1.0,1.0,367.53,177.39,2229.06,294.91,54.0,12.26842183,0.14795632291666685
2.0,7.23,4.3,0.66,0.24,335.0,61.0,46.0,0.0,1.0,0.0,1.0,0.0,1.0,110.16,339.59,2014.25,180.3,98.0,12.03738652,0.7169250416666675
0.0,5.89,3.2,0.5,0.18,599.0,65.0,68.0,0.0,0.0,0.0,1.0,1.0,1.0,3059.04,338.15,2547.95,572.69,70.0,11.17753847,0.13285080900000015
0.0,6.29,2.76,0.79,0.16,168.0,65.0,57.0,1.0,1.0,1.0,1.0,0.0,1.0,324.16,162.08,4338.47,298.47,31.0,11.47591368,0.07481878816666661
0.0,5.59,4.24,0.51,0.32,112.0,75.0,87.0,0.0,0.0,2.0,0.0,1.0,1.0,339.56,166.71,1597.98,306.47,53.0,11.3332773,0.05835688499999996
0.0,6.34,3.28,0.75,0.26,170.0,83.0,94.0,2.0,1.0,1.0,0.0,0.0,0.0,3035.95,476.62,3222.69,767.67,72.0,11.84423621,0.12796557550000007
0.0,7.41,3.84,0.78,0.14,518.0,86.0,72.0,1.0,1.0,0.0,2.0,0.0,1.0,3669.82,251.12,3541.71,676.44,42.0,11.68937762,0.3502783749999997
0.0,6.39,3.21,0.61,0.27,363.0,90.0,78.0,1.0,1.0,2.0,1.0,0.0,0.0,1975.07,415.23,4004.57,246.63,75.0,11.74625508,0.11153259966666676
0.0,5.05,3.72,0.58,0.31,323.0,83.0,85.0,0.0,0.0,0.0,1.0,1.0,1.0,2233.51,464.92,2434.94,304.36,60.0,12.29929284,0.13016700858333338
3.0,7.47,2.19,0.57,0.25,131.0,63.0,59.0,0.0,1.0,0.0,2.0,1.0,1.0,428.36,173.65,2920.11,196.01,36.0,11.4291731,0.28764840999999974
0.0,6.820342512,3.143227346,0.7445399132,0.2646642517,361.0,82.79224972,36.45728809,2.0,0.0,0.0,2.0,0.0,0.0,4060.6,216.13,2338.88,323.46,72.93723236,11.585807,0.16500831508333352
0.0,5.909336011,3.657648996,0.7212683416,0.163330368,370.0,81.54040543,83.2171876,2.0,0.0,0.0,1.0,1.0,0.0,852.89,736.36,4377.75,457.08,79.64097876,11.83702476,0.09953061066666673
0.0,5.26,3.23,0.66,0.38,414.0,57.0,95.0,2.0,1.0,0.0,0.0,1.0,1.0,3522.42,761.63,2418.01,668.18,50.0,12.32254217,0.18440089441666674
3.0,5.77,3.9,0.74,0.33,353.0,35.0,85.0,2.0,0.0,1.0,0.0,1.0,1.0,807.06,186.55,2842.21,194.08,38.0,11.46636967,0.06749267266666659
0.0,7.441103421,2.176920615,0.5282554198,0.1882419054,362.0,65.33099619,82.14520056,2.0,0.0,2.0,2.0,1.0,0.0,2250.17,407.14,2381.88,335.87,68.64537716,12.30375335,0.31985093883333304
0.0,6.75,3.75,0.62,0.36,365.0,45.0,60.0,2.0,0.0,0.0,2.0,1.0,0.0,1535.08,500.33,2499.7,526.28,83.0,12.24060789,0.11282072900000005
0.0,6.34,3.61,0.73,0.27,126.0,95.0,38.0,0.0,0.0,1.0,2.0,0.0,0.0,2184.49,263.17,70.15,332.47,30.0,11.39983978,0.10266173466666674
1.0,5.94,4.09,0.55,0.34,1.0,95.0,73.0,2.0,0.0,1.0,1.0,0.0,2.0,378.77,163.12,1329.85,255.25,44.0,11.26621843,0.051414401000000005
0.0,5.44,2.15,0.74,0.24,133.0,96.0,52.0,2.0,1.0,1.0,0.0,1.0,2.0,394.74,767.75,1983.4,299.33,68.0,11.79395431,0.04907230000000001
2.0,6.25,4.12,0.56,0.18,155.0,94.0,41.0,2.0,0.0,0.0,1.0,0.0,0.0,363.25,161.1,2837.83,199.4,55.0,12.10804148,0.1592636116666669
0.0,6.252903171,2.449610385,0.6397975668,0.1692762312,356.0,91.33779917,31.76570817,1.0,1.0,1.0,1.0,1.0,1.0,751.28,209.26,618.66,271.69,45.72354762,12.23051395,0.1454260152500001
0.0,6.21,3.36,0.62,0.2,334.0,51.0,64.0,2.0,1.0,0.0,2.0,0.0,0.0,1451.39,625.46,1632.24,272.26,78.0,11.60867361,0.07639399199999994
0.0,6.02,3.84,0.54,0.18,363.0,32.0,59.0,1.0,0.0,0.0,1.0,1.0,1.0,349.05,171.56,77.26,630.9,56.0,11.51779531,0.08612989288888889
0.0,5.27,3.48,0.77,0.2,475.0,47.0,42.0,1.0,1.0,0.0,0.0,1.0,2.0,2044.89,611.18,4048.1,687.35,45.0,11.29913046,0.1924787288333334
1.0,7.07,3.85,0.61,0.32,279.0,32.0,55.0,1.0,0.0,2.0,0.0,0.0,1.0,188.14,181.53,1003.85,774.62,95.0,11.44581712,0.3898803909999997
0.0,5.318901744,2.643982491,0.6058907811,0.3594927216,691.0,56.63762947,99.24970389,2.0,0.0,1.0,1.0,0.0,0.0,1466.4,709.97,2587.67,305.43,43.64962802,11.74914463,0.10238552200000005
0.0,6.02,3.84,0.54,0.18,363.0,32.0,59.0,1.0,0.0,0.0,1.0,1.0,1.0,348.33,172.92,77.26,630.9,56.0,11.51779995,0.08612989288888889
0.0,7.23,4.03,0.67,0.2,505.0,49.0,30.0,0.0,0.0,0.0,0.0,0.0,2.0,3009.75,615.6,947.86,795.78,85.0,11.63553134,0.5650296813333334
3.0,5.09,2.8,0.68,0.15,230.0,64.0,37.0,1.0,0.0,0.0,0.0,0.0,0.0,422.56,172.27,2921.78,199.89,43.0,11.32692614,0.16707384200000022
0.0,5.91,3.66,0.72,0.16,123.0,81.0,83.0,2.0,0.0,0.0,1.0,1.0,0.0,267.3,157.62,4377.75,457.08,79.0,11.76288775,0.12173247016666677
0.0,6.7,3.12,0.73,0.3,403.0,39.0,40.0,2.0,0.0,0.0,0.0,0.0,0.0,2016.6,417.93,1559.79,221.11,80.0,12.28209271,0.18604843091666667
4.0,6.63,2.32,0.64,0.35,402.0,56.0,73.0,1.0,0.0,1.0,1.0,1.0,0.0,2905.42,197.49,2796.19,196.66,84.0,11.19686407,0.18419863900000005
0.0,7.05,2.13,0.64,0.29,466.0,98.0,67.0,0.0,0.0,1.0,1.0,0.0,1.0,3922.46,260.71,1380.68,415.8,82.0,11.65040445,0.1993652061666667
1.0,6.42,3.7,0.53,0.38,195.0,83.0,32.0,2.0,1.0,1.0,2.0,1.0,0.0,110.69,488.87,519.32,262.95,83.0,11.19888945,0.11836621800000004
5.0,5.18,3.3,0.77,0.21,1.0,64.0,79.0,1.0,1.0,2.0,2.0,0.0,0.0,2956.94,197.36,2886.28,195.34,83.0,11.80248048,0.18636954300000005
5.0,6.01,3.44,0.77,0.24,183.0,46.0,80.0,0.0,1.0,0.0,2.0,0.0,2.0,2674.31,178.26,2900.51,194.35,40.0,11.68119515,0.08710940800000001
0.0,5.54,3.88,0.66,0.11,315.0,72.0,54.0,1.0,0.0,2.0,1.0,1.0,0.0,833.55,205.47,2652.23,681.42,92.0,11.4225277,0.5030077885555552
0.0,6.25,2.45,0.64,0.17,119.0,91.0,31.0,1.0,1.0,1.0,1.0,1.0,1.0,310.72,131.25,618.66,271.69,45.0,12.15939537,0.12120454661904777
0.0,6.26,2.38,0.77,0.39,470.0,72.0,59.0,0.0,1.0,2.0,2.0,0.0,0.0,1732.13,371.8,322.29,266.87,92.0,12.27882619,0.43009600891666644
2.0,6.8,2.67,0.67,0.24,363.0,54.0,89.0,1.0,1.0,0.0,1.0,1.0,1.0,802.74,186.42,1706.24,205.83,80.0,11.42147295,0.08216602324999993
5.0,5.27,3.72,0.59,0.39,146.0,82.0,50.0,0.0,1.0,1.0,0.0,0.0,1.0,2714.13,193.59,2872.31,200.81,86.0,11.96877681,0.6490466844999997
4.0,6.96,2.91,0.59,0.16,1.0,80.0,78.0,1.0,1.0,2.0,0.0,0.0,1.0,1114.93,151.18,2876.81,194.16,33.0,11.36610405,0.060406132999999966
0.0,5.05,3.72,0.58,0.31,107.0,83.0,85.0,0.0,0.0,0.0,1.0,1.0,1.0,359.71,164.64,2434.94,304.36,60.0,12.23421214,0.12676503900000025
5.0,7.05,2.13,0.64,0.29,1.0,98.0,67.0,0.0,0.0,1.0,1.0,0.0,1.0,2804.38,195.12,2814.54,198.06,82.0,11.51358669,0.08520027000000002
0.0,5.32,2.64,0.61,0.36,690.0,56.0,99.0,2.0,0.0,1.0,1.0,0.0,0.0,1466.4,709.97,2587.67,305.43,43.0,11.74909577,0.10238552200000005
5.0,7.04,3.54,0.54,0.23,151.0,42.0,83.0,1.0,1.0,1.0,2.0,0.0,1.0,2916.74,195.14,2915.39,194.48,94.0,11.12910421,0.6242206009999997
3.0,5.18,3.3,0.77,0.21,285.0,64.0,79.0,1.0,1.0,2.0,2.0,0.0,0.0,489.61,175.89,2886.28,195.34,83.0,11.88476793,0.18998162975000024
0.0,6.12,4.05,0.67,0.23,466.0,47.0,47.0,1.0,0.0,1.0,1.0,1.0,2.0,2679.6,262.09,3458.65,749.55,51.0,11.22602074,0.1741193752222224
0.0,6.38,3.71,0.51,0.3,103.0,99.0,36.0,1.0,1.0,0.0,0.0,0.0,0.0,264.1,117.87,352.97,220.62,72.0,11.94005349,0.16861457500000016
0.0,6.7,3.12,0.73,0.3,269.0,39.0,40.0,2.0,0.0,0.0,0.0,0.0,0.0,2016.6,417.93,1559.79,221.11,80.0,12.24113523,0.15655708141666674
0.0,6.09,2.93,0.69,0.2,1.0,72.0,35.0,1.0,1.0,1.0,1.0,1.0,1.0,300.46,150.23,2405.18,406.77,34.0,12.01123414,0.10512400850000013
0.0,6.25,2.45,0.64,0.17,1.0,91.0,31.0,1.0,1.0,1.0,1.0,1.0,1.0,310.72,131.25,618.66,271.69,45.0,12.12545599,0.12078280711904776
4.0,5.05,3.94,0.65,0.34,92.0,64.0,53.0,2.0,1.0,0.0,2.0,1.0,0.0,2364.23,185.38,2862.26,197.3,91.0,11.49926802,0.6077440889999997
5.0,6.87,3.35,0.59,0.3,1.0,59.0,59.0,0.0,1.0,1.0,2.0,1.0,0.0,2711.96,188.14,2876.2,198.24,76.0,12.15095425,0.12160264900000013
0.0,7.07,3.85,0.61,0.32,139.0,32.0,55.0,1.0,0.0,2.0,0.0,0.0,1.0,354.9,177.76,1003.85,774.62,95.0,11.40492475,0.38353456433333316
3.0,5.43,2.85,0.5,0.33,85.0,31.0,75.0,0.0,0.0,0.0,2.0,0.0,2.0,339.72,186.57,2877.66,195.43,46.0,11.43021253,0.04907230000000001
0.0,5.83,4.26,0.51,0.33,636.0,61.0,49.0,2.0,1.0,0.0,0.0,1.0,1.0,107.37,392.88,2588.26,228.29,36.0,11.60908687,0.24990751449999976
0.0,6.42,2.15,0.71,0.12,433.0,51.0,83.0,0.0,0.0,0.0,2.0,1.0,1.0,1976.28,407.9,2528.11,229.78,59.0,12.14154882,0.13476307741666674
0.0,6.25,4.12,0.56,0.18,465.0,94.0,41.0,2.0,0.0,0.0,1.0,0.0,0.0,1803.78,378.72,2999.74,645.48,55.0,12.20063445,0.24119668674999986
0.0,5.48,2.63,0.65,0.17,357.0,38.0,65.0,0.0,0.0,2.0,0.0,1.0,2.0,1405.24,166.13,1329.62,782.03,37.0,11.26322504,0.1300295220833335
0.0,7.12,3.59,0.53,0.11,431.0,38.0,79.0,0.0,0.0,2.0,1.0,0.0,1.0,3754.34,789.02,176.55,363.53,76.0,11.15689104,0.11128143800000012
0.0,7.29,2.83,0.65,0.32,1.0,58.0,79.0,1.0,1.0,0.0,2.0,1.0,1.0,335.55,167.14,4434.23,442.63,78.0,11.72309303,0.3055693429999997
4.0,5.45,3.84,0.55,0.15,463.0,51.0,55.0,1.0,0.0,1.0,0.0,0.0,1.0,1178.6,170.76,2937.77,196.4,38.0,11.18435369,0.15196104941666685
5.0,5.03,2.14,0.74,0.25,428.0,43.0,56.0,2.0,1.0,1.0,0.0,1.0,0.0,2787.17,195.69,2861.44,198.2,66.0,11.87174274,0.2513154920833332
5.0,6.75,3.75,0.62,0.36,121.0,45.0,60.0,2.0,0.0,0.0,2.0,1.0,0.0,2928.54,196.32,2874.06,201.93,83.0,12.16711466,0.12023247200000016
0.0,6.75,3.75,0.62,0.36,365.0,45.0,60.0,2.0,0.0,0.0,2.0,1.0,0.0,1535.08,500.33,2499.7,526.28,83.0,12.24060789,0.11282072900000005
0.0,5.904024782,3.14790308,0.6546399453,0.2265863975,406.0,96.45239348,30.54255506,2.0,0.0,1.0,2.0,1.0,2.0,4435.4,584.89,110.12,754.44,95.38520697,12.36326458,0.48525237066666654
4.0,5.64,4.07,0.54,0.17,85.0,34.0,57.0,1.0,1.0,2.0,0.0,1.0,0.0,500.0,200.0,2870.51,201.68,83.0,12.34537326,0.13082583441666673
5.0,5.17,4.01,0.52,0.36,162.0,34.0,21.0,0.0,0.0,1.0,2.0,0.0,2.0,2957.69,197.54,2909.61,200.41,40.0,12.02626005,0.19643663949999987
0.0,5.91,4.21,0.71,0.13,220.0,38.0,97.0,0.0,0.0,2.0,1.0,1.0,1.0,2701.9,163.62,1449.88,242.42,60.0,11.11011799,0.09120032650000005
5.0,7.04,3.54,0.54,0.23,1.0,42.0,83.0,1.0,1.0,1.0,2.0,0.0,1.0,2916.74,195.14,2915.39,194.48,94.0,11.08599529,0.6242206009999997
0.0,7.47,2.19,0.57,0.25,395.0,63.0,59.0,0.0,1.0,0.0,2.0,1.0,1.0,3537.6,727.65,3282.57,257.79,36.0,11.5080543,0.28633027299999986
1.0,5.94,4.09,0.55,0.34,206.0,95.0,73.0,2.0,0.0,1.0,1.0,0.0,2.0,378.77,163.12,1329.85,255.25,44.0,11.32375454,0.0518361405
1.0,6.04,3.97,0.69,0.29,276.0,39.0,66.0,1.0,1.0,0.0,0.0,1.0,0.0,827.68,186.19,1954.39,204.2,61.0,11.95361963,0.09473715
0.0,6.936613633,2.458728956,0.6410727249,0.2013826597,629.0,45.97407557,83.79477872,2.0,1.0,1.0,0.0,0.0,1.0,2775.41,236.2,2190.72,647.18,76.95303522,11.23039996,0.1468652540000002
0.0,6.09,2.93,0.69,0.2,1.0,72.0,35.0,1.0,1.0,1.0,1.0,1.0,1.0,364.86,182.43,2405.18,406.77,34.0,12.01125044,0.0802344424999999
5.0,5.18,3.3,0.77,0.21,1.0,64.0,79.0,1.0,1.0,2.0,2.0,0.0,0.0,2462.68,187.56,2886.28,195.34,83.0,11.80246054,0.18636954300000005
5.0,6.01,3.44,0.77,0.24,1.0,46.0,80.0,0.0,1.0,0.0,2.0,0.0,2.0,2692.3,177.57,2868.0,193.51,40.0,11.62967107,0.07786616399999997
1.0,6.38,3.71,0.51,0.3,206.0,59.0,21.0,1.0,1.0,0.0,0.0,0.0,0.0,606.85,192.98,766.89,212.47,72.0,11.97090904,0.12018455750000012
0.0,7.16504967,3.623278396,0.7093333926,0.1604059625,333.0,69.43379188,60.29201027,0.0,0.0,0.0,2.0,0.0,2.0,2299.52,471.19,1596.1,315.44,33.54747828,12.22579698,0.247764365
0.0,5.09,3.09,0.73,0.33,1.0,99.0,48.0,0.0,0.0,1.0,1.0,1.0,1.0,397.69,160.02,4010.89,767.06,42.0,11.15984039,0.1757609298333335
0.0,7.38,2.75,0.59,0.3,375.0,65.0,74.0,0.0,1.0,0.0,1.0,0.0,0.0,3681.29,733.16,755.82,276.56,41.0,11.31854472,0.23149689890476186
1.0,6.12,4.05,0.67,0.23,311.0,47.0,47.0,1.0,0.0,1.0,1.0,1.0,2.0,785.76,188.18,2076.39,195.5,51.0,11.17900699,0.09626584241666675
0.0,5.943471505,4.093672556,0.5509605533,0.3385083947,617.0,95.18748724,73.18213043,2.0,0.0,1.0,1.0,0.0,2.0,1225.98,208.77,1403.17,341.99,44.61729112,11.44536108,0.14822336733333352
5.0,6.0,2.49,0.69,0.29,196.0,39.0,36.0,0.0,0.0,1.0,0.0,0.0,2.0,2933.4,196.73,2937.64,203.55,66.0,11.09389068,0.12514651600000015
0.0,5.64,4.07,0.54,0.17,257.0,34.0,57.0,1.0,1.0,2.0,0.0,1.0,0.0,387.72,259.61,2926.68,408.94,83.0,12.39720755,0.33311267526190463
3.0,5.71,4.34,0.66,0.26,98.0,48.0,67.0,2.0,0.0,0.0,2.0,1.0,2.0,481.36,181.43,2932.82,195.54,42.0,12.31121293,0.04907230000000001
0.0,6.700004551,3.124997996,0.7339788995,0.2976550407,404.0,39.78713543,40.33757967,2.0,0.0,0.0,0.0,0.0,0.0,2016.6,417.93,1559.79,221.11,80.69614811,12.28212019,0.18604843091666667
2.0,6.96,2.91,0.59,0.16,191.0,80.0,78.0,1.0,1.0,2.0,0.0,0.0,1.0,267.51,129.78,1400.0,200.0,33.0,11.41982842,0.07438360549999994
5.0,6.87,3.35,0.59,0.3,1.0,59.0,59.0,0.0,1.0,1.0,2.0,1.0,0.0,2770.91,190.56,2876.2,198.24,76.0,12.15097308,0.12160264900000013
0.0,6.84,4.09,0.55,0.4,499.0,82.0,90.0,1.0,0.0,0.0,0.0,0.0,2.0,2395.67,515.35,2973.66,264.56,92.0,11.67045035,0.5909207749999996
0.0,5.86,3.32,0.61,0.16,290.0,54.0,38.0,1.0,0.0,2.0,1.0,1.0,0.0,1671.4,165.13,4445.72,743.68,72.0,12.06146909,0.15811342925000008
0.0,6.23,3.65,0.64,0.17,329.0,38.0,98.0,0.0,0.0,0.0,0.0,1.0,2.0,1427.61,714.67,1495.42,387.52,33.0,12.138974,0.09960648758333333
0.0,6.120005538,4.047460215,0.6726328575,0.2318341259,467.0,47.61777405,47.50763006,1.0,0.0,1.0,1.0,1.0,2.0,2679.6,262.09,3458.65,749.55,51.50176905,11.22605433,0.1741193752222224
5.0,6.21,3.36,0.62,0.2,1.0,51.0,64.0,2.0,1.0,0.0,2.0,0.0,0.0,2763.0,194.76,2857.59,200.51,78.0,11.50953078,0.10545389200000008
0.0,5.65,3.24,0.71,0.27,298.0,86.0,80.0,0.0,0.0,1.0,1.0,0.0,0.0,2244.03,465.03,4200.11,792.34,85.0,11.69090956,0.5373898669999996
0.0,7.47,2.19,0.57,0.25,395.0,63.0,59.0,0.0,1.0,0.0,2.0,1.0,1.0,3537.6,727.65,3282.57,257.79,36.0,11.5080543,0.28633027299999986
0.0,6.94,2.46,0.64,0.2,628.0,45.0,83.0,2.0,1.0,1.0,0.0,0.0,1.0,2775.41,236.2,2190.72,647.18,76.0,11.23035416,0.1468652540000002
4.0,7.04,3.54,0.54,0.23,301.0,42.0,83.0,1.0,1.0,1.0,2.0,0.0,1.0,500.0,200.0,2882.39,194.49,94.0,11.17290956,0.5426233264999996
0.0,7.27,3.92,0.51,0.36,502.0,75.0,93.0,2.0,1.0,1.0,0.0,0.0,2.0,3400.55,234.86,1633.8,357.55,52.0,12.35844417,0.4396207330833331
0.0,7.42,2.81,0.72,0.16,1.0,78.0,76.0,1.0,0.0,2.0,2.0,1.0,2.0,314.92,157.46,2292.61,482.03,42.0,11.24992863,0.3039767484999998
3.0,6.12,4.05,0.67,0.23,1.0,47.0,28.0,1.0,0.0,1.0,1.0,1.0,2.0,785.76,188.18,2890.4,199.96,51.0,11.10349187,0.09093492499999993
3.0,6.75,3.75,0.62,0.36,243.0,45.0,60.0,2.0,0.0,0.0,2.0,1.0,0.0,426.18,181.46,2874.06,201.93,83.0,12.20329069,0.10488006400000001
0.0,7.23,4.03,0.67,0.2,169.0,49.0,30.0,0.0,0.0,0.0,0.0,0.0,2.0,3009.75,615.6,947.86,795.78,85.0,11.53522143,0.576727390666667
0.0,5.09,2.8,0.68,0.15,230.0,64.0,37.0,1.0,0.0,0.0,0.0,0.0,0.0,285.86,142.93,3028.9,755.84,43.0,11.32693533,0.1983219860000001
0.0,6.13,4.36,0.74,0.24,498.0,36.0,56.0,0.0,1.0,1.0,0.0,1.0,1.0,4261.88,758.2,3785.3,270.22,89.0,11.16926877,0.5193300790952378
0.0,6.669095695,2.900994004,0.7298377939,0.1388972273,607.0,54.70464132,43.33603363,0.0,1.0,2.0,0.0,0.0,1.0,179.28,621.78,2626.14,228.42,39.35002897,11.16023526,0.2261172159999999
0.0,7.23,4.03,0.67,0.2,505.0,49.0,30.0,0.0,0.0,0.0,0.0,0.0,2.0,3009.75,615.6,947.86,795.78,85.0,11.63553134,0.5650296813333334
3.0,5.43,3.21,0.56,0.27,401.0,97.0,65.0,1.0,0.0,2.0,2.0,1.0,1.0,393.08,160.03,2878.52,194.36,47.0,12.11337733,0.1779637311666667
4.0,5.27,3.72,0.59,0.39,293.0,82.0,50.0,0.0,1.0,1.0,0.0,0.0,1.0,1206.57,170.56,2872.19,201.04,86.0,12.01203157,0.5809688164999997
0.0,5.89,3.2,0.5,0.18,399.0,65.0,68.0,0.0,0.0,0.0,1.0,1.0,1.0,3059.04,338.15,2547.95,572.69,70.0,11.11726186,0.07030450483333325
0.0,6.04,3.97,0.69,0.29,276.0,39.0,66.0,1.0,1.0,0.0,0.0,1.0,0.0,1149.51,176.37,3147.96,466.79,61.0,11.95360579,0.08598462800000005
0.0,7.29,3.03,0.75,0.36,325.0,64.0,74.0,2.0,0.0,1.0,1.0,0.0,1.0,210.64,762.82,1730.07,368.56,52.0,12.21714691,0.2396944005
0.0,5.09,2.8,0.68,0.15,692.0,64.0,37.0,1.0,0.0,0.0,0.0,0.0,0.0,3018.71,490.02,3028.9,755.84,43.0,11.46313892,0.1675328926666669
0.0,5.477350438,4.39025495,0.6115713486,0.2595949594,510.0,89.38602648,54.40205586,0.0,1.0,0.0,0.0,0.0,0.0,1880.7,368.9,2208.45,330.22,71.45560139,11.45496294,0.17033957183333348
0.0,6.02,3.84,0.54,0.18,181.0,32.0,59.0,1.0,0.0,0.0,1.0,1.0,1.0,347.83,173.9,77.26,630.9,56.0,11.46465402,0.052302062555555556
5.0,5.17,4.01,0.52,0.36,1.0,34.0,21.0,0.0,0.0,1.0,2.0,0.0,2.0,2957.69,197.54,2895.71,200.36,40.0,11.98035004,0.19643663949999987
3.0,5.77,3.9,0.74,0.33,353.0,35.0,51.0,2.0,0.0,1.0,0.0,1.0,1.0,716.1,190.96,2910.19,194.33,38.0,11.46637082,0.06910813899999992
0.0,7.436063689,2.483989062,0.7057949911,0.1341476736,251.0,51.04320362,98.38220284,1.0,1.0,2.0,1.0,1.0,0.0,3052.09,573.87,3108.03,421.63,58.17177583,11.83098282,0.3228315629999998
0.0,5.91,4.21,0.71,0.13,660.0,38.0,97.0,0.0,0.0,2.0,1.0,1.0,1.0,4329.73,386.37,1449.88,242.42,60.0,11.19472359,0.21530853533333325
1.0,5.41,3.39,0.67,0.11,183.0,32.0,30.0,2.0,1.0,1.0,0.0,1.0,0.0,817.12,209.57,2641.97,178.4,60.0,11.24178579,0.1171067555000001
3.0,5.94,4.09,0.55,0.34,411.0,95.0,73.0,2.0,0.0,1.0,1.0,0.0,2.0,416.85,169.32,2906.42,194.69,44.0,11.3832099,0.12613511566666685
0.0,5.89,3.2,0.5,0.18,599.0,65.0,68.0,0.0,0.0,0.0,1.0,1.0,1.0,3059.04,338.15,2547.95,572.69,70.0,11.17753847,0.13285080900000015
0.0,5.71,4.34,0.66,0.26,196.0,48.0,67.0,2.0,0.0,0.0,2.0,1.0,2.0,813.97,185.77,3635.85,690.65,42.0,12.34028161,0.06613859180555551
2.0,5.05,3.94,0.65,0.34,183.0,64.0,53.0,2.0,1.0,0.0,2.0,1.0,0.0,447.18,199.28,2067.41,181.69,91.0,11.52655709,0.48747031900000004
0.0,7.28,2.42,0.76,0.36,350.0,79.0,46.0,2.0,1.0,0.0,1.0,1.0,0.0,2970.74,312.58,403.78,753.84,46.0,11.10487694,0.29187491833333323
4.0,5.45,3.84,0.55,0.15,463.0,51.0,55.0,1.0,0.0,1.0,0.0,0.0,1.0,604.2,168.72,2937.77,196.4,38.0,11.18434825,0.15345967141666683
4.0,5.27,3.72,0.59,0.39,293.0,82.0,50.0,0.0,1.0,1.0,0.0,0.0,1.0,1107.67,175.16,2852.19,201.21,86.0,12.01203747,0.5760302024999996
4.0,7.04,3.54,0.54,0.23,301.0,42.0,83.0,1.0,1.0,1.0,2.0,0.0,1.0,811.39,239.46,2832.2,200.38,94.0,11.17289756,0.5399519789999997
0.0,6.36,3.68,0.5,0.15,273.0,42.0,98.0,1.0,0.0,2.0,2.0,0.0,0.0,4377.5,337.95,2412.61,597.02,70.0,11.80190255,0.15676288800000013
3.0,6.12,4.05,0.67,0.23,1.0,47.0,47.0,1.0,0.0,1.0,1.0,1.0,2.0,693.8,191.03,2901.64,199.6,51.0,11.08921244,0.09093492499999993
0.0,7.01,4.45,0.66,0.36,165.0,76.0,75.0,2.0,1.0,2.0,2.0,1.0,1.0,801.43,728.17,364.2,741.87,35.0,11.66748126,0.04907230000000001
0.0,6.12,4.05,0.67,0.23,466.0,47.0,47.0,1.0,0.0,1.0,1.0,1.0,2.0,2679.6,262.09,3458.65,749.55,51.0,11.22602074,0.1741193752222224
1.0,5.9,3.15,0.65,0.23,270.0,96.0,18.0,2.0,0.0,1.0,2.0,1.0,2.0,519.91,196.0,1142.11,759.64,95.0,12.32228789,0.43117351766666645
0.0,5.09,2.8,0.68,0.15,692.0,64.0,37.0,1.0,0.0,0.0,0.0,0.0,0.0,3018.71,490.02,3028.9,755.84,43.0,11.46313892,0.1675328926666669
0.0,5.65,3.24,0.71,0.27,199.0,86.0,80.0,0.0,0.0,1.0,1.0,0.0,0.0,327.0,161.77,4200.11,792.34,85.0,11.66090222,0.5676579494999996
0.0,6.0,2.49,0.69,0.29,588.0,39.0,36.0,0.0,0.0,1.0,0.0,0.0,2.0,3689.38,746.45,1523.76,782.97,66.0,11.21015176,0.1915875795
3.0,5.43,3.21,0.56,0.27,201.0,97.0,65.0,1.0,0.0,2.0,2.0,1.0,1.0,283.37,226.93,2878.52,194.36,47.0,12.05501105,0.12059755000000011
0.0,6.04,3.97,0.69,0.29,414.0,39.0,66.0,1.0,1.0,0.0,0.0,1.0,0.0,3123.19,226.18,3147.96,466.79,61.0,11.99578242,0.12376813433333345
2.0,7.3,4.14,0.74,0.19,193.0,87.0,82.0,1.0,0.0,2.0,2.0,1.0,0.0,289.42,161.29,2864.51,194.29,50.0,11.44156637,0.32869128399999975
0.0,6.67,2.59,0.76,0.18,144.0,58.0,76.0,0.0,0.0,2.0,1.0,1.0,1.0,1913.61,326.97,825.52,691.49,69.0,11.35857097,0.05125961200000001
0.0,6.66,3.14,0.69,0.31,404.0,36.0,93.0,1.0,1.0,0.0,2.0,1.0,2.0,3694.11,789.08,1500.49,362.55,49.0,11.30104751,0.14105396800000022
0.0,5.04981153,2.231425853,0.6109599698,0.1269397776,266.0,33.05541893,78.53533449,0.0,1.0,1.0,1.0,0.0,2.0,58.26,254.49,1961.04,223.67,72.04101637,11.5494686,0.12913292600000023
0.0,6.75,3.75,0.62,0.36,365.0,45.0,60.0,2.0,0.0,0.0,2.0,1.0,0.0,1535.08,500.33,2499.7,526.28,83.0,12.24060789,0.11282072900000005
2.0,6.0,2.49,0.69,0.29,392.0,39.0,36.0,0.0,0.0,1.0,0.0,0.0,2.0,715.28,189.11,2188.85,246.16,66.0,11.15107617,0.13265659933333357
0.0,5.27,3.48,0.77,0.2,159.0,47.0,42.0,1.0,1.0,0.0,0.0,1.0,2.0,329.45,163.8,4048.1,687.35,45.0,11.20476706,0.1463127106666669
4.0,7.04,3.54,0.54,0.23,301.0,42.0,83.0,1.0,1.0,1.0,2.0,0.0,1.0,500.0,200.0,2915.39,194.48,94.0,11.17291899,0.5563667514999996
0.0,6.81,2.96,0.6,0.22,395.0,35.0,73.0,0.0,1.0,0.0,1.0,0.0,0.0,2823.94,340.35,190.55,268.99,36.0,11.98790654,0.11438099150000007
3.0,5.94,4.09,0.55,0.34,411.0,95.0,73.0,2.0,0.0,1.0,1.0,0.0,2.0,381.64,155.02,2906.42,194.69,44.0,11.38323759,0.13854583116666686
0.0,5.41,3.39,0.67,0.11,274.0,32.0,30.0,2.0,1.0,1.0,0.0,1.0,0.0,1549.93,226.38,3014.82,769.25,60.0,11.26935267,0.16666065383333348
0.0,5.32,2.64,0.61,0.36,460.0,56.0,99.0,2.0,0.0,1.0,1.0,0.0,0.0,324.43,173.64,2587.67,305.43,43.0,11.67981142,0.8177510189999999
0.0,5.09,3.09,0.73,0.33,211.0,99.0,48.0,0.0,0.0,1.0,1.0,1.0,1.0,3092.65,564.46,4010.89,767.06,42.0,11.22180194,0.17187839450000011
1.0,5.59,2.6,0.56,0.26,125.0,59.0,92.0,2.0,1.0,1.0,2.0,0.0,1.0,378.98,174.24,2432.66,613.06,85.0,12.30137526,0.5545494296666663
2.0,6.0,2.49,0.69,0.29,392.0,39.0,36.0,0.0,0.0,1.0,0.0,0.0,2.0,692.64,190.08,2221.8,244.28,66.0,11.1510929,0.13265659933333357
0.0,6.09,2.93,0.69,0.2,661.0,72.0,35.0,1.0,1.0,1.0,1.0,1.0,1.0,3648.55,292.68,2405.18,406.77,34.0,12.2023861,0.17578041950000006
0.0,6.415831946,3.699055831,0.5267928802,0.3787046167,584.0,83.09573536,32.91093708,2.0,1.0,1.0,2.0,1.0,0.0,110.69,488.87,519.32,262.95,83.57813217,11.10896279,0.2535665813333331
0.0,6.34,3.28,0.75,0.26,170.0,83.0,94.0,2.0,1.0,1.0,0.0,0.0,0.0,3035.95,476.62,3222.69,767.67,72.0,11.84424435,0.12796557550000007
0.0,7.44,2.18,0.53,0.19,361.0,65.0,82.0,2.0,0.0,2.0,2.0,1.0,0.0,2250.17,407.14,2381.88,335.87,68.0,12.30372892,0.31985093883333304
0.0,6.7,3.12,0.73,0.3,135.0,39.0,40.0,2.0,0.0,0.0,0.0,0.0,0.0,2016.6,417.93,1559.79,221.11,80.0,12.20202206,0.13687504658333344
2.0,6.13,4.27,0.73,0.26,305.0,86.0,67.0,1.0,1.0,1.0,1.0,1.0,2.0,278.17,163.22,2583.21,192.59,91.0,11.61137592,0.5046853644999996
0.0,5.05,3.94,0.65,0.34,274.0,64.0,53.0,2.0,1.0,0.0,2.0,1.0,0.0,1531.03,480.75,297.23,200.72,91.0,11.55411329,0.4010811936666665
4.0,5.05,2.23,0.61,0.13,1.0,33.0,78.0,0.0,1.0,1.0,1.0,0.0,2.0,4561.95,81.82,2896.08,198.18,72.0,11.47055917,0.09695427649999995
0.0,7.12,3.68,0.6,0.23,578.0,37.0,85.0,0.0,0.0,0.0,0.0,0.0,2.0,2974.93,410.44,3634.84,277.1,61.0,12.36176512,0.30936780159523813
1.0,6.12,4.05,0.67,0.23,311.0,47.0,47.0,1.0,0.0,1.0,1.0,1.0,2.0,693.8,191.03,3411.67,750.93,51.0,11.17900699,0.11302060897222235
0.0,6.34,3.28,0.75,0.26,510.0,83.0,94.0,2.0,1.0,1.0,0.0,0.0,0.0,3035.95,476.62,3222.69,767.67,72.0,11.94573382,0.18187321050000008
5.0,5.05,3.94,0.65,0.34,1.0,64.0,53.0,2.0,1.0,0.0,2.0,1.0,0.0,2903.45,195.18,2881.35,197.22,91.0,11.47223276,0.6428195129999997
2.0,7.3,4.14,0.74,0.19,193.0,87.0,82.0,1.0,0.0,2.0,2.0,1.0,0.0,294.08,150.42,2864.51,194.29,50.0,11.44156336,0.32869128399999975
0.0,7.29,3.03,0.75,0.36,325.0,64.0,74.0,2.0,0.0,1.0,1.0,0.0,1.0,210.64,762.82,1730.07,368.56,52.0,12.21715198,0.2396944005
3.0,5.17,4.01,0.52,0.36,323.0,34.0,21.0,0.0,0.0,1.0,2.0,0.0,2.0,618.66,195.11,2895.71,200.36,40.0,12.0736205,0.18887418016666682
0.0,7.29,3.03,0.75,0.36,162.0,64.0,74.0,2.0,0.0,1.0,1.0,0.0,1.0,210.64,762.82,1730.07,368.56,52.0,12.16921658,0.21515064966666664
0.0,5.175653568,3.302150545,0.7741291051,0.2077138232,428.0,64.74944434,79.46015426,1.0,1.0,2.0,2.0,0.0,0.0,1867.55,234.08,2356.35,560.55,83.85787568,11.9281727,0.22411306700000005
0.0,6.23,3.65,0.64,0.17,219.0,38.0,98.0,0.0,0.0,0.0,0.0,1.0,2.0,206.72,194.35,1495.42,387.52,33.0,12.10531741,0.1638654275000001
0.0,7.01,4.45,0.66,0.36,330.0,76.0,75.0,2.0,1.0,2.0,2.0,1.0,1.0,801.43,728.17,364.2,741.87,35.0,11.71597905,0.04907230000000001
0.0,6.67,2.59,0.76,0.18,289.0,58.0,76.0,0.0,0.0,2.0,1.0,1.0,1.0,1913.61,326.97,825.52,691.49,69.0,11.40120864,0.08387859483333328
3.0,7.27,3.92,0.51,0.36,335.0,45.0,93.0,2.0,1.0,1.0,0.0,0.0,2.0,487.53,171.67,2889.94,193.49,52.0,12.30781347,0.34994478383333316
0.0,5.43,2.85,0.5,0.33,169.0,18.0,75.0,0.0,0.0,0.0,2.0,0.0,2.0,148.0,743.6,1777.71,414.59,46.0,11.45511668,0.05281138199999999
0.0,5.05,3.72,0.58,0.31,107.0,83.0,85.0,0.0,0.0,0.0,1.0,1.0,1.0,359.71,164.64,2434.94,304.36,60.0,12.23419655,0.12676503900000025
4.0,7.01,2.83,0.62,0.11,1.0,22.0,52.0,2.0,0.0,0.0,0.0,1.0,1.0,1491.47,163.31,2936.78,196.3,70.0,11.46146728,0.051414401000000005
0.0,7.44,2.18,0.53,0.19,121.0,65.0,82.0,2.0,0.0,2.0,2.0,1.0,0.0,2250.17,407.14,2381.88,335.87,68.0,12.23142321,0.3139304614999997
0.0,6.26,2.38,0.77,0.39,470.0,72.0,59.0,0.0,1.0,2.0,2.0,0.0,0.0,1732.13,371.8,322.29,266.87,92.0,12.27882619,0.43009600891666644
0.0,5.59,4.24,0.51,0.32,224.0,75.0,87.0,0.0,0.0,2.0,0.0,1.0,1.0,339.56,166.71,1597.98,306.47,53.0,11.36650278,0.05835688499999996
3.0,5.43,3.21,0.56,0.27,1.0,97.0,65.0,1.0,0.0,2.0,2.0,1.0,1.0,386.67,164.94,2878.52,194.36,47.0,11.99915234,0.05952375299999997
0.0,7.29,2.83,0.65,0.32,289.0,58.0,79.0,1.0,1.0,0.0,2.0,1.0,1.0,3015.77,759.21,4434.23,442.63,78.0,11.80914934,0.2900693549999999
0.0,5.65,3.24,0.71,0.27,199.0,86.0,80.0,0.0,0.0,1.0,1.0,0.0,0.0,377.77,164.14,4200.11,792.34,85.0,11.66089196,0.5553761174999996
0.0,6.81,2.96,0.6,0.22,1.0,35.0,73.0,0.0,1.0,0.0,1.0,0.0,0.0,2823.94,340.35,190.55,268.99,36.0,11.87538803,0.08922375300000004
0.0,5.41,3.39,0.67,0.11,274.0,32.0,30.0,2.0,1.0,1.0,0.0,1.0,0.0,1549.93,226.38,3014.82,769.25,60.0,11.26935267,0.16666065383333348
2.0,6.8,2.67,0.67,0.24,181.0,54.0,89.0,1.0,1.0,0.0,1.0,1.0,1.0,802.74,186.42,2611.23,201.75,80.0,11.36833335,0.04976007250000001
3.0,6.87,3.35,0.59,0.3,339.0,59.0,59.0,0.0,1.0,1.0,2.0,1.0,0.0,428.01,174.36,2876.2,198.24,76.0,12.2488042,0.12310755900000006
5.0,7.04,3.54,0.54,0.23,151.0,42.0,83.0,1.0,1.0,1.0,2.0,0.0,1.0,2892.42,197.83,2882.39,194.49,94.0,11.12908058,0.6077041859999998
0.0,6.25,4.12,0.56,0.18,465.0,94.0,41.0,2.0,0.0,0.0,1.0,0.0,0.0,1803.78,378.72,2999.74,645.48,55.0,12.20063445,0.24119668674999986
0.0,5.91,4.21,0.71,0.13,220.0,38.0,97.0,0.0,0.0,2.0,1.0,1.0,1.0,2739.9,163.62,1449.88,242.42,60.0,11.11014675,0.09120032650000005
0.0,6.226528024,3.852960763,0.5456510819,0.2120635413,514.0,42.15977386,96.89363737,2.0,1.0,0.0,2.0,1.0,1.0,2737.48,327.36,1231.01,749.07,67.59883794,11.97731951,0.19894829488888877
0.0,6.96,2.91,0.59,0.16,381.0,80.0,78.0,1.0,1.0,2.0,0.0,0.0,1.0,843.41,185.28,1354.43,361.91,33.0,11.47528924,0.09787914775000008
0.0,5.44,2.15,0.74,0.24,1.0,96.0,52.0,2.0,1.0,1.0,0.0,1.0,2.0,394.74,767.75,1983.4,299.33,68.0,11.75539159,0.04907230000000001
4.0,6.21,3.04,0.68,0.27,229.0,43.0,77.0,0.0,1.0,2.0,1.0,1.0,0.0,1261.03,308.2,2902.54,199.82,94.0,11.20857187,0.5623244514999997
0.0,5.446872889,3.836962191,0.5478518254,0.1484805581,696.0,51.05960226,55.87108194,1.0,0.0,1.0,0.0,0.0,1.0,2285.24,461.01,1972.2,631.59,38.34061816,11.25430239,0.11222773000000012
5.0,6.23,3.85,0.55,0.21,171.0,42.0,96.0,2.0,1.0,0.0,2.0,1.0,1.0,2949.09,197.0,2828.56,193.77,67.0,11.87518292,0.13266526350000016
0.0,5.82,3.94,0.54,0.31,545.0,77.0,78.0,1.0,0.0,0.0,2.0,0.0,0.0,1808.47,343.5,2436.27,221.71,99.0,12.28424881,0.5218802782499998
0.0,6.377196161,3.712622781,0.5134356351,0.3030923165,310.0,99.80297858,36.07313565,1.0,1.0,0.0,0.0,0.0,0.0,4347.14,534.45,352.97,220.62,72.11091909,12.00216168,0.12597363633333347
5.0,5.97,3.44,0.76,0.14,231.0,74.0,63.0,2.0,0.0,1.0,1.0,1.0,2.0,2727.85,194.08,2914.33,199.42,79.0,11.87325701,0.07802187049999997
0.0,6.09,2.93,0.69,0.2,221.0,72.0,35.0,1.0,1.0,1.0,1.0,1.0,1.0,300.48,150.21,2405.18,406.77,34.0,12.07258916,0.11775928800000006
0.0,5.44,2.15,0.74,0.24,397.0,96.0,52.0,2.0,1.0,1.0,0.0,1.0,2.0,394.74,767.75,1983.4,299.33,68.0,11.87284347,0.04907230000000001
0.0,6.94,2.46,0.64,0.2,210.0,45.0,83.0,2.0,1.0,1.0,0.0,0.0,1.0,2775.41,236.2,2190.72,647.18,76.0,11.10644821,0.04907230000000001
0.0,7.47,2.19,0.57,0.25,395.0,63.0,59.0,0.0,1.0,0.0,2.0,1.0,1.0,3537.6,727.65,3282.57,257.79,36.0,11.5080543,0.28633027299999986
0.0,5.586590684,4.241236845,0.5076539402,0.323453421,337.0,75.82445399,87.0858922,0.0,0.0,2.0,0.0,1.0,1.0,1972.4,260.47,1597.98,306.47,53.47003119,11.40080846,0.06821747683333325
0.0,6.55,3.49,0.51,0.38,312.0,77.0,95.0,1.0,0.0,2.0,1.0,1.0,0.0,307.02,136.11,3537.83,710.51,45.0,12.12664269,0.2842245824523809
0.0,7.28,2.42,0.76,0.36,116.0,79.0,46.0,2.0,1.0,0.0,1.0,1.0,0.0,2970.74,312.58,403.78,753.84,46.0,11.12666509,0.25879924166666657
0.0,6.39,3.21,0.61,0.27,121.0,90.0,78.0,1.0,1.0,2.0,1.0,0.0,0.0,245.91,122.83,4004.57,246.63,75.0,11.67336019,0.1435086531666668
3.0,7.27,3.92,0.51,0.36,335.0,45.0,93.0,2.0,1.0,1.0,0.0,0.0,2.0,458.12,171.75,2889.94,193.49,52.0,12.30780563,0.34994478383333316
0.0,7.12,3.68,0.6,0.23,385.0,37.0,85.0,0.0,0.0,0.0,0.0,0.0,2.0,2974.93,410.44,3634.84,277.1,61.0,12.30328685,0.12874923250000003
4.0,6.26,2.38,0.77,0.39,313.0,72.0,59.0,0.0,1.0,2.0,2.0,0.0,0.0,1464.06,168.08,2909.87,195.39,92.0,12.23122198,0.5496608938333329
5.0,5.83,4.26,0.51,0.33,212.0,61.0,49.0,2.0,1.0,0.0,0.0,1.0,1.0,3005.24,281.77,2931.67,196.75,36.0,11.48400739,0.1255682555000002
0.0,6.29,2.76,0.79,0.16,506.0,65.0,57.0,1.0,1.0,1.0,1.0,0.0,1.0,3013.23,370.06,4338.47,298.47,31.0,11.57682179,0.13564392116666688
4.0,5.94,4.09,0.55,0.34,206.0,95.0,73.0,2.0,0.0,1.0,1.0,0.0,2.0,2903.19,193.58,2906.42,194.69,44.0,11.32373248,0.04907230000000001
3.0,6.84,4.09,0.55,0.4,167.0,82.0,90.0,1.0,0.0,0.0,0.0,0.0,2.0,398.01,159.95,2848.97,194.29,92.0,11.57132366,0.5171713409999995
0.0,5.89,3.2,0.5,0.18,399.0,65.0,68.0,0.0,0.0,0.0,1.0,1.0,1.0,3059.04,338.15,2547.95,572.69,70.0,11.11726489,0.07030450483333325
5.0,7.05,2.13,0.64,0.29,156.0,98.0,67.0,0.0,0.0,1.0,1.0,0.0,1.0,2824.23,195.53,2895.54,198.91,82.0,11.55780657,0.09564699100000011
0.0,6.02,3.84,0.54,0.18,545.0,32.0,59.0,1.0,0.0,0.0,1.0,1.0,1.0,1810.22,215.79,77.26,630.9,56.0,11.57265976,0.11985484247222242
1.0,6.66,3.14,0.69,0.31,269.0,36.0,93.0,1.0,1.0,0.0,2.0,1.0,2.0,761.49,187.5,1500.49,362.55,49.0,11.26011115,0.10690808300000015
0.0,6.26,2.38,0.77,0.39,470.0,72.0,59.0,0.0,1.0,2.0,2.0,0.0,0.0,1732.13,371.8,322.29,266.87,92.0,12.27882619,0.43009600891666644
0.0,6.0,2.49,0.69,0.29,588.0,39.0,36.0,0.0,0.0,1.0,0.0,0.0,2.0,3689.38,746.45,1523.76,782.97,66.0,11.21015176,0.1915875795
0.0,7.38,2.75,0.59,0.3,250.0,39.0,74.0,0.0,1.0,0.0,1.0,0.0,0.0,1814.71,166.29,755.82,276.56,41.0,11.28062366,0.2295721005714285
0.0,5.32,2.64,0.61,0.36,230.0,56.0,99.0,2.0,0.0,1.0,1.0,0.0,0.0,324.43,173.64,2587.67,305.43,43.0,11.61344645,0.20986317800000012
0.0,6.01,3.44,0.77,0.24,547.0,46.0,80.0,0.0,1.0,0.0,2.0,0.0,2.0,102.2,276.88,100.8,207.37,40.0,11.78919332,0.1914706333333334
5.0,7.05,2.13,0.64,0.29,156.0,98.0,67.0,0.0,0.0,1.0,1.0,0.0,1.0,2766.35,194.56,2864.11,197.4,82.0,11.55781884,0.09564699100000011
3.0,5.21,4.08,0.71,0.34,188.0,22.0,39.0,1.0,1.0,0.0,2.0,1.0,0.0,593.41,194.87,2983.08,199.98,93.0,11.58904548,0.5987589284999997
2.0,5.54,3.88,0.66,0.11,105.0,72.0,54.0,1.0,0.0,2.0,1.0,1.0,0.0,393.6,171.93,2783.49,202.53,92.0,11.35922791,0.5160191709999996
0.0,6.38,2.79,0.6,0.19,351.0,86.0,63.0,0.0,0.0,1.0,2.0,1.0,1.0,1889.35,340.61,631.28,692.81,75.0,11.48500788,0.08387859483333328
0.0,5.17,4.01,0.52,0.36,484.0,34.0,35.0,0.0,0.0,1.0,2.0,0.0,2.0,2243.24,545.97,2157.96,672.09,40.0,12.12244509,0.20641301222619046
0.0,7.048757729,2.129006479,0.637046487,0.2855790499,467.0,98.99663376,67.40761188,0.0,0.0,1.0,1.0,0.0,1.0,3922.46,260.71,1380.68,415.8,82.5249439,11.65043804,0.1993652061666667
4.0,7.3,4.14,0.74,0.19,96.0,87.0,82.0,1.0,0.0,2.0,2.0,1.0,0.0,1420.81,162.94,2864.51,194.29,50.0,11.41248231,0.30743742149999975
0.0,6.38,2.79,0.6,0.19,526.0,86.0,63.0,0.0,0.0,1.0,2.0,1.0,1.0,1889.35,340.61,631.28,692.81,75.0,11.53805287,0.1285209803333335
0.0,6.96,2.91,0.59,0.16,1.0,80.0,78.0,1.0,1.0,2.0,0.0,0.0,1.0,266.04,133.02,1354.43,361.91,33.0,11.36611201,0.07396186599999993
0.0,7.053636617,2.123266627,0.7448616758,0.328997449,559.0,75.80858291,35.35162647,2.0,0.0,0.0,2.0,1.0,0.0,3138.2,228.91,1217.09,746.95,32.39636419,12.25223439,0.20195885783333323
0.0,5.09,3.09,0.73,0.33,316.0,99.0,48.0,0.0,0.0,1.0,1.0,1.0,1.0,3899.4,774.18,4010.89,767.06,42.0,11.25363673,0.16825879250000014
5.0,6.01,3.44,0.77,0.24,183.0,46.0,80.0,0.0,1.0,0.0,2.0,0.0,2.0,2692.3,177.57,2868.0,193.51,40.0,11.68120354,0.08710940800000001
1.0,6.04,3.97,0.69,0.29,276.0,23.0,66.0,1.0,1.0,0.0,0.0,1.0,0.0,743.76,188.48,2350.38,207.19,61.0,11.95364206,0.09473715
