ORCH_1_Dstop(%),ORCH_1_Drestart(%),ORCH_1_Fstop(%),ORCH_1_Frestart(%),PSCS__TAU(%),HUM_1_VEL(%),HUM_2_VEL(%),HUM_1_FW,HUM_1_AGE,HUM_1_STA,HUM_2_FW,HUM_2_AGE,HUM_2_STA,HUM_1_POS_X(%),HUM_1_POS_Y(%),HUM_2_POS_X(%),HUM_2_POS_Y(%),ROB_1_VEL(%),ROB_1_CHG(%)
0.012781251209537815,0.07613467933752478,0.029446407156414885,0.00930774121536008,0.0,0.0036447639809245353,0.10213161331611309,0.0,0.0,0.0,0.0,0.0,0.0,0.0,0.0,0.0,0.0,0.10490481139885516,0.0002633769230770281
0.01747092830478749,0.0024293579466144522,0.003090056170983087,0.16056729372943962,0.0,0.16229633238171337,0.0345745630700506,0.0,0.0,0.0,0.0,0.0,0.0,0.0,0.0,0.0,0.0,0.013326066605075125,0.0
0.0158940492245069,0.07122968161175044,0.0770039774117522,0.008573460576427234,0.0,0.047554357908719834,0.10632901921133485,0.0,0.0,0.0,0.0,0.0,0.0,0.02754772727272727,0.012916666666666667,0.011593181818181765,0.00015000000000000568,0.06322932116447767,1.6146153845725683e-05
0.01747092830478749,0.0024293579466144522,0.003090056170983087,0.16056729372943962,0.0,0.16229633238171337,0.0345745630700506,0.0,0.0,0.0,0.0,0.0,0.0,0.09459545454545455,0.04173333333333332,0.09142045454545454,0.009649999999999987,0.013326066605075125,7.2230769235878e-06
0.012781251209537815,0.07613467933752478,0.029446407156414885,0.00930774121536008,0.0,0.0036447639809245353,0.10213161331611309,0.0,0.0,0.0,0.0,0.0,0.0,0.0,0.0,0.0,0.0,0.10490481139885516,0.0
0.012781251209537815,0.07613467933752478,0.029446407156414885,0.00930774121536008,0.0,0.0036447639809245353,0.10213161331611309,0.0,0.0,0.0,0.0,0.0,0.0,0.0,0.0,0.0,0.0,0.10490481139885516,4.076923076741403e-06
0.01747092830478749,0.0024293579466144522,0.003090056170983087,0.16056729372943962,0.0,0.16229633238171337,0.0345745630700506,0.0,0.0,0.0,0.0,0.0,0.0,0.07927045454545455,0.0016166666666666647,0.11273409090909095,0.013483333333333338,0.013326066605075125,8.215384616013698e-06
