PRGS,ORCH_1_Dstop,ORCH_1_Drestart,ORCH_1_Fstop,ORCH_1_Frestart,PSCS__TAU,HUM_1_VEL,HUM_2_VEL,HUM_1_FW,HUM_1_AGE,HUM_1_STA,HUM_2_FW,HUM_2_AGE,HUM_2_STA,HUM_1_POS_X,HUM_1_POS_Y,HUM_2_POS_X,HUM_2_POS_Y,ROB_1_VEL,ROB_1_CHG,SCS,FTG
5.0,7.410856513469294,2.8761788237648265,0.6831816364157502,0.22478217430068723,462.0,95.30213307150609,41.87869077555336,2.0,0.0,1.0,1.0,1.0,2.0,2594.32,190.47,2839.13,209.03,32.2066395531855,11.94019989,0.4289942292499996,0.014563599999999994
0.0,7.216098995146787,2.435232884964209,0.7212830770484405,0.3257100909296389,583.0,59.97692307093629,98.81327405538866,2.0,1.0,1.0,2.0,1.0,0.0,110.69,488.87,519.32,262.95,88.14512496706526,11.10892004,0.528666279,0.2577019392857143
0.0,7.188648936133608,2.9441840762901195,0.6508659851216325,0.22970883635122358,110.0,73.88850012075198,42.92854871876536,0.0,0.0,0.0,2.0,0.0,2.0,345.53,169.44,1596.1,315.44,89.43071134795315,12.1588767,0.5610077093333334,0.010178500000000005
0.0,7.173979365288999,2.9565316372190176,0.6416705272089139,0.23563122864928382,165.0,71.73124593630519,39.085166832433686,2.0,1.0,2.0,2.0,1.0,1.0,801.43,728.17,364.2,741.87,89.90215356935188,11.66748416,0.5115471475714287,0.015312283333333334
5.0,6.962383597707994,4.317501630019309,0.6563302568085144,0.22201068484081474,170.0,77.88441826405729,51.643200903576684,0.0,1.0,1.0,2.0,1.0,0.0,2700.97,187.68,2876.2,198.24,92.32398955396638,12.19910432,0.596697761333333,0.017025307142857136
0.0,7.289122374430048,4.279695123174104,0.6537988104611706,0.38998489233596795,518.0,81.90791141514536,61.56636158902822,1.0,1.0,0.0,2.0,0.0,1.0,3669.82,251.12,3541.71,676.44,90.60084935435894,11.68937762,0.7960923190000004,0.011053407142857144
0.0,7.181197187772481,2.0073114225036495,0.5897157291368358,0.22107266779695797,600.0,97.14209463750299,42.22514133768976,0.0,0.0,0.0,1.0,1.0,1.0,3059.04,338.15,2547.95,572.69,94.3052948667435,11.17758122,0.7671107303333337,0.29480132261904757
0.0,7.207440608053926,2.710494809074156,0.7076967847007942,0.36059018509002444,495.0,90.49905300314863,75.50399854540873,2.0,1.0,2.0,2.0,1.0,1.0,801.43,728.17,364.2,741.87,30.83868914510749,11.76602082,0.19202598783333336,0.00403645
1.0,5.799720647232155,3.174190684528869,0.6552177078412962,0.21738882108380472,1.0,77.06155157002357,46.480240593178976,2.0,1.0,1.0,2.0,1.0,0.0,110.69,488.87,519.32,262.95,91.46822054736617,11.2621159,0.389151327,0.12886174999999994
0.0,5.658088013337926,4.497165295232958,0.6572515096052574,0.37496219204506476,405.0,73.56111796339613,68.17829967031035,2.0,0.0,1.0,2.0,1.0,2.0,4435.4,584.89,110.12,754.44,90.09317657426175,12.36323709,0.46893556217857124,0.014059683333333326
0.0,7.145134248371176,2.1923943426908363,0.5883376672663221,0.3235006369600624,558.0,68.74006232939037,37.79333491363088,2.0,0.0,0.0,2.0,1.0,0.0,3138.2,228.91,1217.09,746.95,91.25324825955434,12.25219469,0.5992809756666666,0.1488893972222222
0.0,6.00861822368135,3.212613771490905,0.6574421653168322,0.227583679896,498.0,89.1863745175099,42.352853288571396,0.0,0.0,0.0,1.0,1.0,1.0,4368.95,701.34,2229.06,294.91,75.83059032417998,12.31849178,0.14815366800000013,0.01627337499999999
0.0,5.860111283996676,2.6410196388789395,0.6757496758868342,0.36336082449241547,431.0,88.76877872052557,32.60926823098393,0.0,0.0,2.0,1.0,0.0,1.0,3754.34,789.02,176.55,363.53,32.17096004971482,11.15689104,0.14279610150000022,0.21596054166666676
0.0,6.983092512253489,2.991883258176948,0.6464813372372682,0.3603155560629767,419.0,94.84642164625627,41.76339785225481,1.0,0.0,2.0,0.0,0.0,1.0,897.86,674.11,1003.85,774.62,84.84499988947636,11.48857856,0.4006823056666665,0.02770563333333333
4.0,6.877621328818403,3.6622614678044463,0.6662251536026591,0.2558839767835255,1.0,95.19220697298665,32.4627194152565,2.0,1.0,1.0,2.0,1.0,0.0,2628.06,190.91,2882.69,209.97,35.99352994053579,11.09797801,0.12420641300000018,0.14301620000000004
0.0,7.116164307237452,2.999492686132998,0.6808677735746,0.22070052511655303,376.0,77.13015859118767,49.237465436010105,0.0,1.0,0.0,1.0,0.0,0.0,3681.29,733.16,755.82,276.56,91.16181553475533,11.31857221,0.42511000199999976,0.08285028333333334
2.0,7.224561399296127,4.414988439785351,0.6582999040758205,0.38085392274807695,171.0,89.16515956784131,40.562014781694394,1.0,1.0,2.0,0.0,1.0,0.0,387.72,259.61,2095.46,212.76,88.19734181608574,12.37086394,0.6881421975000002,0.029612824999999995
0.0,7.229783338669894,2.047806631638434,0.5941329186159895,0.30324454173692894,693.0,64.44672669092597,93.98127369539884,2.0,0.0,1.0,1.0,1.0,2.0,2435.56,591.61,1462.01,536.68,97.84670940761518,12.00947781,0.5302703809999999,0.15947328333333327
0.0,7.200617618026208,2.2830630423117158,0.6536630601233764,0.2072654719999281,662.0,93.33340085430498,43.32320263322299,1.0,1.0,1.0,1.0,1.0,1.0,3648.55,292.68,2405.18,406.77,96.78444493591925,12.20243495,0.7213727070000004,0.19269047380952378
0.0,7.115141771604404,2.5729676820216474,0.6450535132929959,0.22973776238142124,380.0,90.4644857302293,50.35028615986446,0.0,0.0,1.0,2.0,0.0,0.0,2184.49,263.17,70.15,332.47,36.71881689547897,11.47632012,0.13799559050000018,0.020165708333333324
0.0,5.910070871719789,2.4199316161798476,0.6540572140277977,0.22634472367395464,1.0,92.12277058222858,38.63647531316184,2.0,1.0,1.0,0.0,1.0,2.0,394.74,767.75,1983.4,299.33,94.87459211603364,11.75540571,0.4557830776666665,0.0005323333333333333
0.0,5.658088013337926,4.497165295232958,0.6572515096052574,0.37496219204506476,405.0,73.56111796339613,68.17829967031035,2.0,0.0,1.0,2.0,1.0,2.0,4435.4,584.89,110.12,754.44,90.09317657426175,12.36323709,0.46893556217857124,0.014059683333333326
4.0,7.264009069444331,2.9124663036531513,0.7246281642277977,0.22479316906308455,120.0,80.43305720588091,82.75352405141874,2.0,0.0,0.0,2.0,0.0,0.0,1100.11,174.04,2892.44,200.54,89.50157511119038,11.51347202,0.8256634900000003,0.01972349999999999
0.0,7.221032094586524,4.268340203555473,0.6952969810594384,0.362200029609821,316.0,92.67755339285762,78.99852353486912,1.0,0.0,2.0,1.0,1.0,0.0,833.55,205.47,2652.23,681.42,96.2072800197956,11.42254907,0.7209587115555561,0.030396
0.0,7.375822420518,2.660203116143746,0.6477042095703455,0.22551064439014712,378.0,77.4609452619519,39.246612866206945,2.0,1.0,1.0,2.0,0.0,1.0,4161.81,215.39,2432.66,613.06,30.329202842230888,12.37729112,0.5370941248452378,0.010199568253968254
0.0,7.181552505942997,2.3449983975933884,0.6601728561172245,0.22583277466978208,385.0,95.72560229276225,55.48638316745389,0.0,0.0,0.0,0.0,0.0,2.0,2974.93,410.44,3634.84,277.1,92.98827687009502,12.30329733,0.7373522806666669,0.01724724444444443
0.0,7.1717049671493225,3.1680289120158394,0.6497316553984027,0.21678002132932794,415.0,84.21851983392128,40.87671488438157,2.0,1.0,0.0,0.0,1.0,1.0,3522.42,761.63,2418.01,668.18,94.33621324016079,12.32257271,0.7169598693333338,0.007152484920634923
0.0,7.191680515964879,2.8483437807799135,0.5543051220105023,0.3428734631052914,571.0,94.76097076157342,98.59918495592696,1.0,1.0,2.0,0.0,0.0,1.0,4231.44,255.66,1354.43,361.91,96.76209689442226,11.53255844,0.5783098613333333,0.18215093333333332
5.0,7.2188757281171485,3.9274195729840393,0.681642435268929,0.300840796482849,214.0,75.90593351930234,41.678746519123834,2.0,1.0,1.0,0.0,1.0,0.0,2830.16,196.56,2851.44,198.07,96.31017188670093,11.80999021,0.9178470535000004,0.017192749999999993
0.0,7.223917960301035,2.458848325025954,0.5997398945685902,0.21844055434508916,578.0,74.75477873775677,41.214264626543205,0.0,0.0,0.0,0.0,0.0,2.0,2974.93,410.44,3634.84,277.1,95.17037062532373,12.36176512,0.7694921730000002,0.13914966111111104
0.0,7.177871840911973,2.6580826544027376,0.6403316895204415,0.3268020284855989,186.0,79.20547490722147,40.98536031359119,2.0,0.0,0.0,2.0,1.0,0.0,3138.2,228.91,1217.09,746.95,86.953219463631,12.14182164,0.6107537260000001,0.02180880555555555
0.0,7.406467040737839,2.8449335242040044,0.688194764684407,0.32879090638183966,224.0,93.17709037047038,34.82020843823643,0.0,0.0,2.0,0.0,1.0,1.0,339.56,166.71,1597.98,306.47,93.10454102956443,11.36650142,0.5441366443333336,0.026886249999999997
4.0,7.187116148376898,4.290103667979761,0.6849184888685573,0.22505035307552745,1.0,88.45895451149322,47.28878968041178,2.0,1.0,1.0,0.0,1.0,0.0,1409.69,186.85,2930.14,199.95,85.59343546289962,11.18747999,0.8699466370000003,0.16877833333333336
5.0,7.0555927887686,3.7442282871411,0.6611210916423971,0.21334427012635215,214.0,77.83335419284238,76.95117996986878,2.0,1.0,1.0,0.0,1.0,0.0,2916.38,194.9,2874.44,198.37,97.99774038325316,11.80994169,0.6276246674999997,0.016205249999999994
0.0,7.185350856641073,4.35621593549504,0.6482174595064687,0.2373333153660058,275.0,79.6732032363856,46.441864018267054,2.0,1.0,1.0,0.0,1.0,0.0,1549.93,226.38,3014.82,769.25,94.04777732262201,11.26937099,0.8199701402222226,0.20280250000000002
0.0,7.197708362960296,2.3741100230938113,0.603439291262427,0.3168211536030407,588.0,99.46759824097867,98.82987032436958,0.0,0.0,1.0,0.0,0.0,2.0,3689.38,746.45,1523.76,782.97,98.35119829549726,11.21015176,0.5589259761666667,0.2862785476190476
5.0,7.1264335073706535,3.871611995714804,0.7188180225269221,0.3624229083695983,1.0,73.87327010985666,48.70131431544523,2.0,1.0,0.0,2.0,1.0,0.0,2876.22,194.31,2862.26,197.3,33.10130692872814,11.47224932,0.4005173219999997,0.018137499999999994
3.0,7.134708180438348,3.7831378964817413,0.7075300649016479,0.20675047112317335,345.0,74.94373684893682,85.91080205172813,1.0,1.0,0.0,2.0,0.0,1.0,467.72,168.68,2891.13,195.11,36.231048712515175,11.63692741,0.3035999977499998,0.011921000000000005
0.0,6.51758892725083,2.4305220940359447,0.6355583201567541,0.1816535955766901,219.0,76.32456457428617,48.346084161765745,2.0,0.0,0.0,0.0,1.0,1.0,2840.64,167.73,70.28,534.16,97.22475931133259,11.52576789,0.4378448859999998,0.002609
1.0,7.405214710306644,3.4439210217391985,0.6435844995358604,0.3403392991449979,279.0,73.06304214631517,82.28572208648977,1.0,0.0,2.0,0.0,0.0,1.0,352.49,184.13,1003.85,774.62,85.31767582409178,11.44581376,0.5300775893333334,0.022627833333333333
0.0,7.226950724651068,4.495690120634993,0.5665533847604197,0.31556672588231827,463.0,95.77133142371117,74.60406342966769,1.0,0.0,2.0,2.0,1.0,2.0,314.92,157.45,2292.61,482.03,93.19773825330104,11.38093956,0.7253075423333337,0.06722200000000006
5.0,7.483866462165656,4.21365784539886,0.705077094927269,0.10336166422192071,1.0,90.72737549374763,40.56165944248322,1.0,0.0,0.0,0.0,0.0,2.0,2645.07,182.59,2848.97,194.29,36.648496039498426,11.52430929,0.3684707569999997,0.02044699999999999
0.0,7.222177829422339,2.456142953117648,0.6378920987610621,0.22964557814506498,253.0,98.50475848298346,46.548852269269474,0.0,0.0,1.0,2.0,0.0,0.0,2184.49,263.17,70.15,332.47,95.72787727619124,11.43779156,0.5801587025714287,0.24980309999999975
0.0,7.417361849689981,2.9171482510299303,0.7289292826834363,0.22018760577638655,360.0,89.70764245496449,38.47462704148742,2.0,0.0,0.0,2.0,0.0,0.0,4060.6,216.13,2338.88,323.46,30.939436238890593,11.58578257,0.393222509083333,0.023864074999999988
0.0,7.199271765479866,3.855873566032862,0.6569253545658461,0.19427344631468293,285.0,72.48580631922222,48.10453245053891,2.0,1.0,1.0,1.0,0.0,2.0,3766.18,776.64,707.5,747.35,54.422883938448976,11.42801708,0.2403019515714285,0.0052565
3.0,7.310892194669761,4.431446721654705,0.7102937364246417,0.21444385878164848,376.0,96.81165014411138,36.71754621617461,1.0,1.0,0.0,2.0,1.0,0.0,593.41,194.87,2983.08,199.98,94.89709187961125,11.6439177,0.8038093405000004,0.2609079999999997
4.0,5.459028305022307,4.420474691293881,0.6483083157780062,0.34326110113272285,313.0,84.06447266311987,48.54570478176917,0.0,1.0,2.0,2.0,0.0,0.0,1550.08,170.61,2968.74,199.35,30.511987278445744,12.23122002,0.17783868708333345,0.02701961666666667
0.0,7.449725381073775,2.7955785626331124,0.6524892310004589,0.31712520366255115,1.0,92.62788451539298,39.26105962324927,2.0,0.0,2.0,2.0,1.0,0.0,2250.17,407.14,2381.88,335.87,93.76730786453979,12.1969005,0.7481148283333338,0.0446457
0.0,7.423218883020025,2.7671099446122596,0.6826416364700624,0.1586030301107344,181.0,93.35388484417845,52.10462983438584,1.0,0.0,0.0,1.0,1.0,1.0,347.86,173.84,77.26,630.9,39.64323584141626,11.464643,0.2007409919999999,0.0076855000000000005
0.0,7.159283139136943,2.078433937405999,0.592016993145395,0.32323722178720427,695.0,97.23095368922647,95.3622942902964,1.0,0.0,1.0,0.0,0.0,1.0,2285.24,461.01,1972.2,631.59,90.59972325861432,11.25425353,0.6824140878333335,0.2795407809523809
0.0,7.220255994838942,3.542336438746357,0.6600849174263339,0.16608099858879805,366.0,79.41658428854052,38.94292013839297,2.0,0.0,0.0,2.0,1.0,0.0,1535.08,500.33,2499.7,526.28,91.53965065673668,12.24063232,0.7106444793333335,0.023086802777777776
4.0,7.230438009694831,3.455272613700384,0.6616453274929365,0.3280545616343251,168.0,78.64052365361592,36.90355545826708,1.0,1.0,1.0,1.0,0.0,1.0,744.9,157.26,2920.85,196.13,88.80836934833565,11.47591198,0.8508301020000002,0.026788
0.0,7.213763082506499,4.078290571449121,0.6553388203904154,0.22991897665030828,109.0,58.570432539065095,37.450210702298996,0.0,0.0,0.0,0.0,1.0,2.0,362.71,182.8,1495.42,387.52,93.6218301903187,12.07268198,0.5569614233333335,0.014837749999999993
0.0,7.189036466311498,2.405759523456071,0.6858749195695566,0.3985883581282004,687.0,71.46338622979552,91.24880577122582,0.0,1.0,2.0,1.0,1.0,0.0,169.43,713.47,3733.34,215.79,89.64370458942469,11.34362422,0.7331964920000003,0.18086161666666667
0.0,7.120091235162208,2.992136424472536,0.658617632164603,0.18517713322369353,165.0,74.10008638315354,42.537484103326534,0.0,0.0,0.0,1.0,1.0,1.0,367.53,177.39,2229.06,294.91,56.46613062784863,12.21932986,0.30744935633333303,0.013894666666666661
0.0,7.3999036466243435,4.279172302018311,0.6821947240056052,0.35330795536166404,360.0,92.40297803526265,76.86496793409268,1.0,1.0,2.0,2.0,1.0,2.0,548.54,194.9,138.53,411.75,34.88281107437636,11.16858303,0.21543148133333326,0.15892958333333335
0.0,5.538374751534636,4.455241661456064,0.6465224394197804,0.39707050600693705,202.0,72.59633642425077,71.06936541342218,0.0,1.0,2.0,0.0,0.0,1.0,179.28,621.78,2626.14,228.42,30.63618250579578,11.15876268,0.06209596699999997,0.13010824999999998
4.0,5.87038504744564,2.595313721468788,0.7755428476880889,0.19043403996666414,1.0,91.5937546702233,52.93096339605839,0.0,0.0,0.0,2.0,0.0,2.0,1320.74,433.92,2877.66,195.43,36.187790739406545,11.40496677,0.04907230000000001,0.019298166666666644
4.0,7.183549360467921,3.789826851234838,0.7319113882203966,0.22171716199460442,138.0,73.45320292985494,36.972526897880996,1.0,1.0,0.0,0.0,1.0,0.0,1977.09,175.91,2875.56,195.56,91.53313719682775,11.91332962,0.8777186570000004,0.019293916666666654
0.0,7.243175304528163,3.1197509709631692,0.5627067390869646,0.16604966127047974,232.0,47.40117537984616,41.398928218666576,1.0,0.0,2.0,2.0,1.0,2.0,314.92,157.46,2292.61,482.03,90.88484982755944,11.31399812,0.7685750740000004,0.09978649999999996
0.0,7.2250007725545915,2.7825385000222944,0.6047652798751545,0.39988941361822467,694.0,68.13540599787584,99.47309266746677,1.0,0.0,2.0,2.0,1.0,2.0,2011.81,315.73,2292.61,482.03,32.705883122551874,11.45020851,0.40264909933333287,0.192419675
5.0,7.20339621642238,4.079974584690619,0.735319012950023,0.22462286418732205,428.0,74.58793068294314,41.29868211274901,2.0,1.0,1.0,0.0,1.0,0.0,2830.16,196.56,2851.44,198.07,99.84562488828824,11.87175845,0.8711153340000003,0.018157749999999993
0.0,7.1873181356427045,3.8978283979640724,0.6588519462695559,0.36136800276456094,167.0,81.86594167796284,84.92322194198792,1.0,1.0,2.0,1.0,1.0,0.0,1125.36,176.85,3108.03,421.63,33.72701798431706,11.80522631,0.3228083539999998,0.01523774999999999
1.0,7.49861891362725,3.9089777894003896,0.7078594862769081,0.3606583939863366,290.0,77.2727943099596,79.49598824727005,1.0,0.0,2.0,1.0,1.0,0.0,821.47,185.73,4445.72,743.68,35.42141901283934,12.06148302,0.33009021022222207,0.02620286111111111
1.0,7.107651514046357,2.991930862952356,0.653104084927617,0.22302782778853034,135.0,74.18808532798066,37.24783757076292,2.0,0.0,1.0,2.0,1.0,2.0,537.9,195.31,1371.8,217.54,88.66555179908698,12.28256139,0.40611594666666656,0.012423166666666662
0.0,7.251572851342646,2.318841789937121,0.6588598884818024,0.22254796138145402,135.0,69.86989832418953,59.50444967178369,2.0,0.0,0.0,0.0,0.0,0.0,2016.6,417.93,1559.79,221.11,89.47750941820156,12.20201329,0.5539044443333334,0.024753366666666655
5.0,7.120353371833374,3.9436170540755775,0.7412913230719861,0.3649325381287529,1.0,73.52701695575675,61.19453258152737,2.0,1.0,0.0,2.0,0.0,0.0,2672.0,192.59,2857.59,200.51,88.82545509189106,11.50954493,0.8617746470000003,0.01665766666666666
5.0,6.962383597707994,4.317501630019309,0.6563302568085144,0.22201068484081474,170.0,77.88441826405729,51.643200903576684,0.0,1.0,1.0,2.0,1.0,0.0,2770.91,190.56,2876.2,198.24,92.32398955396638,12.19912448,0.596697761333333,0.017025307142857136
0.0,7.1267752505916535,3.6315151054863453,0.708788872419811,0.2058108443493088,274.0,71.05378669776279,82.32235092730798,2.0,1.0,0.0,2.0,1.0,0.0,1531.03,480.75,297.23,200.72,57.442171486706656,11.55411329,0.21700050433333323,0.012879800000000002
5.0,7.137902295072836,3.83078010860937,0.7158639750603826,0.22557390112261894,183.0,94.11122953236706,54.21782214405312,0.0,1.0,0.0,2.0,0.0,2.0,2692.3,177.57,2868.0,193.51,31.31780917087568,11.68118876,0.3355407259999997,0.013297999999999997
3.0,6.945816254759944,3.6931626237872535,0.6502239146095654,0.362861304237091,98.0,85.10828430666284,37.51667564008768,2.0,0.0,0.0,2.0,1.0,2.0,465.57,182.0,2932.81,195.54,98.44989152749453,12.31120974,0.542062298333333,0.00979600000000001
0.0,7.499184935977289,4.494274940448663,0.6854662176871749,0.3924526847827642,336.0,85.39512771194035,46.78577789050092,0.0,0.0,2.0,0.0,1.0,1.0,1972.4,260.47,1597.98,306.47,35.98339619514064,11.40078403,0.25434171583333315,0.026553600000000017
0.0,7.225325005521876,4.386237155298919,0.6606485242626778,0.1776418958726406,242.0,81.59411310777637,35.09243615387211,1.0,1.0,2.0,1.0,0.0,0.0,326.88,162.15,4004.57,246.63,90.18782859913783,11.7095537,0.8170626500000003,0.05766225000000002
0.0,7.215098157200989,2.0928123796845672,0.6567817307033823,0.3387708828530496,564.0,91.90328874627072,41.25133009320727,1.0,1.0,0.0,2.0,1.0,0.0,2574.21,202.37,3436.33,223.66,98.66309652624713,11.70058615,0.808362020666667,0.16182825714285706
0.0,7.1536579352945315,4.3035750148181435,0.7076990211801274,0.21026467638313426,291.0,93.22242507577084,44.710122425785926,1.0,0.0,2.0,2.0,1.0,0.0,139.62,401.64,1959.25,253.99,89.94274028612426,11.47098319,0.6672614457619049,0.041212783333333364
5.0,7.216579424125268,4.223202514623931,0.6866086321900043,0.22796192034403132,462.0,93.4403475323541,35.95820319356321,2.0,0.0,1.0,1.0,1.0,2.0,2713.85,193.87,2911.47,195.6,99.66978056009063,11.94017076,0.8741125390000002,0.015559599999999991
0.0,7.177871840911973,2.6580826544027376,0.6403316895204415,0.3268020284855989,186.0,79.20547490722147,40.98536031359119,2.0,0.0,0.0,2.0,1.0,0.0,3138.2,228.91,1217.09,746.95,86.953219463631,12.14183008,0.6107537260000001,0.02180880555555555
2.0,7.204030419655536,3.590546003992841,0.7090507934637454,0.3629175565936891,94.0,60.27531389644752,47.19113674837136,2.0,1.0,1.0,1.0,0.0,2.0,401.35,199.96,1831.94,174.66,92.77542449192846,11.3707394,0.5499302211666671,0.028241000000000002
2.0,7.196078455083717,3.6412759885040415,0.7704171712887068,0.20715561175892352,92.0,79.81069705243449,48.81930446030731,2.0,1.0,1.0,0.0,1.0,0.0,817.12,209.57,2504.14,199.66,95.92677922513569,11.21449778,0.7807348916666673,0.12895616666666665
0.0,7.466858519041966,2.275928870718296,0.6423725519099918,0.22074688184614882,192.0,92.71496677873631,36.327690806433104,0.0,0.0,0.0,0.0,0.0,2.0,2974.93,410.44,3634.84,277.1,85.36052751425925,12.2472905,0.7994100653333337,0.014908927777777763
0.0,7.224433621885814,2.3435464643544166,0.6118773124870147,0.34522426125405736,628.0,96.84997814560973,42.316353033883345,2.0,1.0,1.0,0.0,0.0,1.0,2775.41,236.2,2190.72,647.18,94.93134980774806,11.23035416,0.7437789283333338,0.294557480952381
0.0,7.223917960301035,2.458848325025954,0.5997398945685902,0.21844055434508916,578.0,74.75477873775677,41.214264626543205,0.0,0.0,0.0,0.0,0.0,2.0,2974.93,410.44,3634.84,277.1,95.17037062532373,12.36176512,0.7694921730000002,0.13914966111111104
0.0,7.146092576544994,2.801184571631312,0.5981422386075127,0.3560151023783911,526.0,70.73262432531926,94.98414734923765,0.0,0.0,1.0,2.0,1.0,1.0,1889.35,340.61,631.28,692.81,64.83142783232411,11.53805287,0.34161617023809504,0.14459212499999993
1.0,7.316394292809127,3.9585958716800516,0.7146047151329151,0.2528207469224801,110.0,43.38443547323192,47.97526805042125,2.0,0.0,0.0,0.0,1.0,1.0,419.22,199.33,1140.8,194.22,91.54007867732483,11.49312296,0.5443462018333336,0.032192250000000006
0.0,7.243175304528163,3.1197509709631692,0.5627067390869646,0.16604966127047974,232.0,47.40117537984616,41.398928218666576,1.0,0.0,2.0,2.0,1.0,2.0,314.92,157.46,2292.61,482.03,90.88484982755944,11.31400422,0.7685750740000004,0.09978649999999996
0.0,7.271674772784815,3.736337571369332,0.6593063652691099,0.21321229226957653,246.0,77.97647435640293,45.59623923884578,2.0,0.0,0.0,1.0,1.0,0.0,267.3,157.62,4377.75,457.08,95.13258753404403,11.79968971,0.8039187190000002,0.05148141666666667
0.0,7.030233195536402,3.6785202132317534,0.5630674954640471,0.3501190445717751,121.0,86.12395478432478,82.63110349790617,1.0,1.0,2.0,1.0,0.0,0.0,245.91,122.83,4004.57,246.63,76.4913697452144,11.67338544,0.15252720516666682,0.051442250000000016
0.0,5.980608764344889,3.035104779484025,0.6586460707232008,0.23015136673373107,250.0,77.92500415068227,48.895970238993144,0.0,1.0,0.0,1.0,0.0,0.0,1853.71,166.59,755.82,276.56,97.03187095130923,11.2806308,0.44413226899999986,0.17385549999999994
5.0,6.1567152046480125,2.9919186855766746,0.6817257931996633,0.17612112581011408,167.0,77.3046228310252,44.799364302164804,0.0,1.0,0.0,1.0,0.0,1.0,5485.22,133.51,2882.08,197.64,94.54027850957324,11.98770016,0.6799289689999998,0.010512
0.0,7.415038104480955,4.339120803823558,0.71304225849951,0.2828485889174337,513.0,94.92767162128366,47.819981185710745,2.0,1.0,0.0,2.0,1.0,1.0,2737.48,327.36,1231.01,749.07,93.8134970904654,11.97728287,0.5744744165555556,0.007286873809523809
0.0,7.420653939298494,2.692449534219325,0.6544896337166829,0.23738348014330624,144.0,90.11829349944988,36.45183007979202,0.0,0.0,2.0,1.0,1.0,1.0,1913.61,326.97,825.52,691.49,31.115852154944605,11.35857658,0.2345710522380951,0.03242400000000001
0.0,7.219203489884678,2.0515474272001915,0.5666215129862339,0.23620394782654425,100.0,80.92201588484396,35.88802030708949,0.0,0.0,1.0,1.0,0.0,0.0,327.0,161.77,4200.11,792.34,91.46407203845388,11.63123172,0.8041847520000003,0.046672500000000026
4.0,7.123893265000156,4.325996856969985,0.5528652895959997,0.3556358215842565,156.0,92.84209987889045,35.86973172274672,0.0,1.0,2.0,2.0,0.0,0.0,2111.92,181.54,2909.87,195.39,36.67650064994375,12.18507066,0.3780836398333331,0.027055950000000002
5.0,7.426155044361054,3.6350993694296223,0.6591511872378394,0.22582976285989387,231.0,74.78237685404392,37.81350825595894,2.0,0.0,1.0,1.0,1.0,2.0,2594.32,190.47,2839.13,209.03,91.50504893523836,11.8732674,0.9049489935000006,0.014175499999999992
0.0,7.146943421224906,2.4151169039448743,0.6603554027267967,0.22552163281945434,329.0,75.11509914476818,47.688416588447446,0.0,0.0,0.0,0.0,1.0,2.0,1427.61,714.67,1495.42,387.52,90.1536061524964,12.138974,0.5234018603333334,0.011255083333333334
0.0,7.497043653891856,2.7836805535010773,0.7063097097578528,0.3719954298250569,273.0,92.47332728570106,51.1644633988121,1.0,0.0,2.0,2.0,0.0,0.0,4377.5,337.95,2412.61,597.02,35.13321838400982,11.80190255,0.3289767429999998,0.030322241666666673
0.0,7.223432974064999,3.8239121868420365,0.6483000012232124,0.2225844882255006,502.0,92.34853986331638,31.821182354994296,2.0,1.0,1.0,0.0,0.0,2.0,3400.55,234.86,1633.8,357.55,90.58597966697255,12.35844417,0.6229704169999999,0.009934864285714287
0.0,7.130941116983979,2.8359065582456573,0.6578213756978525,0.23058382416344225,221.0,97.70438782988103,48.87679093243169,0.0,0.0,0.0,2.0,0.0,2.0,403.29,171.22,1596.1,315.44,88.75762172668844,12.19211041,0.5629218963333334,0.2508604166666665
0.0,7.183137301171548,3.118017091804822,0.6536094214052061,0.17821287082678444,1.0,73.51548519105536,45.957964999665094,1.0,1.0,1.0,1.0,1.0,1.0,310.72,131.25,618.66,271.69,85.82351068328177,12.12544735,0.546463967904762,0.030536973809523815
0.0,7.200617618026208,2.2830630423117158,0.6536630601233764,0.2072654719999281,661.0,93.33340085430498,43.32320263322299,1.0,1.0,1.0,1.0,1.0,1.0,3648.55,292.68,2405.18,406.77,96.78444493591925,12.2023861,0.7213727070000004,0.19269047380952378
0.0,7.026183310837933,2.104786060620466,0.6588178111668659,0.22531661267732175,503.0,71.45245688119064,34.78318753944682,0.0,1.0,0.0,1.0,0.0,1.0,128.43,521.68,158.09,205.08,90.78010455294674,12.08801127,0.41284499508333333,0.004442128571428569
0.0,7.271674772784815,3.736337571369332,0.6593063652691099,0.21321229226957653,246.0,77.97647435640293,45.59623923884578,2.0,0.0,0.0,1.0,1.0,0.0,267.3,157.62,4377.75,457.08,95.13258753404403,11.79967569,0.8039187190000002,0.05148141666666667
0.0,7.419830403853306,2.463962992271998,0.566340514412528,0.18359264407570455,345.0,79.02284739790876,57.56176390270498,1.0,1.0,0.0,2.0,0.0,1.0,268.18,133.1,3541.71,676.44,90.06225444326813,11.63694407,0.7537529840000005,0.04517566666666668
4.0,7.339489773528232,2.351729992645726,0.7296998851416918,0.21614155622686082,206.0,97.7001973675764,39.520759765113915,2.0,0.0,1.0,1.0,0.0,2.0,2865.39,191.72,2906.42,194.69,84.55946900066348,11.32374512,0.9094771190000001,0.2620794499999997
5.0,7.138153750593654,3.7882614815144415,0.689275044476644,0.3592540792436793,171.0,92.64392309383629,42.317110299940076,2.0,1.0,0.0,2.0,1.0,1.0,2924.05,196.39,2828.56,193.77,87.47356752050696,11.87518638,0.8987305185000004,0.015454999999999997
0.0,7.208733723189088,4.307897936045404,0.5644193714313582,0.2200921661919866,337.0,78.15002489421356,42.139632418508796,1.0,1.0,1.0,1.0,0.0,1.0,325.88,158.79,4338.47,298.47,93.75938217200974,11.525585,0.7864306460000003,0.04043750000000001
0.0,7.1907921400811805,2.7953946848458564,0.6586559816957005,0.16766166678822855,1.0,81.90341945489483,50.90012596797359,0.0,0.0,1.0,2.0,1.0,1.0,1889.35,340.61,631.28,692.81,96.60471163865571,11.38438262,0.554105079904762,0.008954
1.0,5.799720647232155,3.174190684528869,0.6552177078412962,0.21738882108380472,195.0,77.06155157002357,46.480240593178976,2.0,1.0,1.0,2.0,1.0,0.0,110.69,488.87,519.32,262.95,91.46822054736617,11.19922654,0.389151327,0.12887524999999994
0.0,5.738037981670456,2.79048993602031,0.7036137827685607,0.13179615129973496,294.0,88.65572304371626,49.96390143259663,2.0,0.0,0.0,2.0,1.0,2.0,3313.08,212.76,3635.85,690.65,34.080111040394584,12.37029545,0.3686802933452381,0.018193527777777777
0.0,7.198428049962541,2.542250363941946,0.6806617212962817,0.32090333036511615,603.0,96.92874820894866,43.68721232652353,1.0,0.0,1.0,1.0,1.0,0.0,104.91,208.84,2206.47,300.61,98.33943102620161,11.25777779,0.7086121156666669,0.2699183726190476
0.0,7.120121813855242,4.175711532205141,0.5650841990762303,0.365838568552861,381.0,74.21631758398392,47.66255654517636,1.0,1.0,2.0,0.0,0.0,1.0,266.63,131.84,1354.43,361.91,97.24023293811938,11.47529288,0.5740402613333334,0.06568395000000002
3.0,7.124998973743711,2.853652010753976,0.7036441054731482,0.35371147493425137,89.0,94.61577824495063,43.65679599771527,0.0,1.0,1.0,1.0,0.0,2.0,453.58,189.26,2790.44,200.64,32.32556778926873,11.49639291,0.32982168499999964,0.008603500000000004
0.0,7.221032094586524,4.268340203555473,0.6952969810594384,0.362200029609821,315.0,92.67755339285762,78.99852353486912,1.0,0.0,2.0,1.0,1.0,0.0,833.55,205.47,2652.23,681.42,96.2072800197956,11.4225277,0.7209587115555561,0.030396
1.0,7.319148826856078,2.8842441290543146,0.6607674735485538,0.18481197944044508,411.0,78.06761580959645,48.34528393007592,2.0,0.0,1.0,1.0,0.0,2.0,378.77,163.12,1329.85,255.25,92.1480050119831,11.38324365,0.5675723993333334,0.0437825
0.0,7.12006067377873,4.079237542042514,0.7074697190870942,0.22073891826002717,508.0,94.25713121893864,34.48883144034071,0.0,1.0,1.0,2.0,1.0,0.0,4332.25,220.93,1623.48,284.73,32.829477630593836,12.30002911,0.30660160941666653,0.01904336428571428
0.0,6.787700484500681,4.059827700876783,0.649767278976115,0.23233089773097768,193.0,80.58599362548347,53.84669514397291,1.0,1.0,0.0,2.0,1.0,1.0,1321.31,169.69,4434.23,442.63,95.12226437452968,11.7797539,0.5280777316666664,0.007223500000000001
0.0,7.189036466311498,2.405759523456071,0.6858749195695566,0.3985883581282004,687.0,71.46338622979552,91.24880577122582,0.0,1.0,2.0,1.0,1.0,0.0,169.43,713.47,3733.34,215.79,89.64370458942469,11.34362422,0.7331964920000003,0.18086161666666667
2.0,7.12079686744186,3.9310410363702695,0.6522251289537087,0.23748466699376147,171.0,80.92404253948823,35.46156141608688,1.0,1.0,2.0,0.0,1.0,0.0,394.58,226.31,2083.46,212.93,94.7153613710696,12.37085047,0.7105581978333336,0.03601368214285714
1.0,7.121234656613623,3.0492904618758656,0.5739678335531986,0.1806379958203776,168.0,78.28592166062224,47.27657297870602,1.0,1.0,1.0,1.0,0.0,1.0,296.82,143.14,1497.72,198.08,92.87666033743751,11.47594115,0.5500343613333336,0.03322150000000001
0.0,7.160683955590495,4.4697153444966276,0.7189207059630999,0.2238689783837318,330.0,69.21434833055983,32.74883922979183,2.0,1.0,2.0,2.0,1.0,1.0,801.43,728.17,364.2,741.87,89.03734479761158,11.71598751,0.5168091364285715,0.02175545
0.0,7.438633847395626,2.3413895727857095,0.6536300718326382,0.10791347748746608,199.0,86.4765109080139,46.60948529848868,0.0,0.0,0.0,1.0,1.0,1.0,3059.04,338.15,2547.95,572.69,96.05376972239326,11.11415792,0.8077509076666671,0.13877620000000002
0.0,7.289122374430048,4.279695123174104,0.6537988104611706,0.38998489233596795,518.0,81.90791141514536,61.56636158902822,1.0,1.0,0.0,2.0,0.0,1.0,3669.82,251.12,3541.71,676.44,90.60084935435894,11.68937762,0.7960923190000004,0.011053407142857144
5.0,7.413728621734875,2.7764818220419762,0.6954589946400687,0.2160777098211689,231.0,93.3342021794605,35.32492042998294,1.0,0.0,1.0,0.0,0.0,1.0,2744.03,193.75,2937.77,196.4,30.34957458951289,11.11744756,0.3762643889999997,0.14205070000000006
0.0,7.120091235162208,2.992136424472536,0.658617632164603,0.18517713322369353,165.0,74.10008638315354,42.537484103326534,0.0,0.0,0.0,1.0,1.0,1.0,367.53,177.39,2229.06,294.91,56.46613062784863,12.21932573,0.30744935633333303,0.013894666666666661
0.0,7.120412090918013,3.0333897569506165,0.6512380893185761,0.36228028092676917,219.0,92.87288747218338,36.08335441000906,0.0,0.0,0.0,0.0,1.0,2.0,206.72,194.35,1495.42,387.52,30.263330880549518,12.10530374,0.24635620891666657,0.012542866666666666
0.0,7.183137301171548,3.118017091804822,0.6536094214052061,0.17821287082678444,1.0,73.51548519105536,45.957964999665094,1.0,1.0,1.0,1.0,1.0,1.0,310.72,131.25,618.66,271.69,85.82351068328177,12.12544273,0.546463967904762,0.030536973809523815
1.0,7.182759965268466,4.3001870591682225,0.6579543797257574,0.21197448109013606,166.0,76.82173419679829,45.9791027742317,0.0,1.0,1.0,0.0,1.0,1.0,402.89,183.86,3785.3,270.22,58.49076718451316,11.09418635,0.3310769249999998,0.0969805833333333
1.0,5.8412752135647334,4.381938729046601,0.6443724184287419,0.21338874019013052,389.0,81.23300407884273,42.706591832374706,2.0,1.0,1.0,2.0,1.0,0.0,110.69,488.87,519.32,262.95,91.80453282926734,11.13677176,0.4131499834285713,0.13844133333333328
0.0,5.7986769435153365,3.8788311780531175,0.659026759460014,0.22364708543906858,396.0,77.23317626958406,49.75006843008439,0.0,1.0,0.0,2.0,1.0,1.0,3537.6,727.65,3282.57,257.79,95.46336664297323,11.50808178,0.5106110559999997,0.0076558833333333345
0.0,6.148140461618001,3.949119717612591,0.6694906023646735,0.39225482672625106,156.0,80.231866853277,83.56683401828566,1.0,0.0,2.0,1.0,1.0,0.0,302.06,149.91,3537.83,710.51,33.570846061792786,12.0804672,0.14860733372222232,0.05861852777777782
0.0,5.936184198701696,2.612517688189347,0.723365363795646,0.3648674778926503,466.0,92.61921177236405,82.83131750067278,0.0,0.0,1.0,1.0,0.0,1.0,3922.46,260.71,1380.68,415.8,53.48881400574733,11.65040445,0.1791671960000001,0.01582609166666666
0.0,7.224399824036983,2.499736119243993,0.7175386259657124,0.2296099075429079,372.0,72.66945272034995,36.4997510140761,2.0,0.0,0.0,2.0,1.0,0.0,3138.2,228.91,1217.09,746.95,95.86943567968575,12.19614013,0.6165704049999999,0.02390337499999999
1.0,7.421474270081329,2.465714295258897,0.633932505798222,0.20662584844718332,305.0,96.12328375319073,51.04938570706441,1.0,1.0,1.0,1.0,1.0,2.0,106.39,414.63,1398.98,761.93,92.12085336722873,11.61138789,0.5299247356666669,0.015311949999999989
1.0,7.493374608560178,3.717319783305289,0.6559214817441894,0.219990095162387,240.0,73.79386697034855,48.864034806672144,2.0,0.0,0.0,2.0,0.0,0.0,626.46,192.2,1562.56,221.38,67.76781800648071,11.54908043,0.24914535433333326,0.02012041666666665
0.0,7.167241319627632,2.8597988710169515,0.699187918113064,0.36235589326696677,427.0,92.75850874550054,52.042312593817385,1.0,1.0,2.0,2.0,0.0,0.0,1867.55,234.08,2356.35,560.55,36.461653483183916,11.92814216,0.3605482534999998,0.02986702777777778
0.0,7.33398999293452,2.5115951540926704,0.6599830092762332,0.3170882184604708,91.0,87.244761247032,36.65654689302186,1.0,0.0,2.0,2.0,0.0,0.0,2152.64,163.55,2412.61,597.02,95.31551706792189,11.74705359,0.8275939646666671,0.08245375000000003
0.0,7.147711557563983,2.7154141363044477,0.6454055327392489,0.3503378655532556,143.0,93.57917592301344,37.17567105243127,0.0,0.0,2.0,1.0,0.0,1.0,2247.97,177.36,176.55,363.53,85.91362626090552,11.11046584,0.5950876745714289,0.1546545
5.0,7.483011442998161,2.399813756662696,0.7123778869487377,0.2569183944276079,201.0,83.6699899707127,35.9565559921692,1.0,0.0,1.0,1.0,1.0,0.0,2760.6,194.51,2840.8,201.48,31.093744811584024,11.13855839,0.3955659514999996,0.1485942
1.0,7.2511272899699915,3.58818914269205,0.7021650067106157,0.2167733979050878,110.0,78.68946545106374,38.410685425594,2.0,0.0,0.0,0.0,1.0,1.0,531.15,195.49,1171.79,194.91,37.460441041621266,11.49311825,0.2172023483333332,0.01866741666666666
0.0,6.919056661211295,3.967428825685851,0.6591679395194943,0.21587422935977602,193.0,93.49850005465424,49.55179850944351,1.0,1.0,0.0,2.0,1.0,1.0,973.5,181.13,4434.23,442.63,93.10042674761499,11.77975685,0.5280777316666664,0.0068175
5.0,7.270506082655904,2.9733363027025224,0.7271515152004203,0.2312075243175078,1.0,73.12938332451309,42.707884620155234,0.0,0.0,1.0,1.0,0.0,1.0,2766.35,194.56,2864.11,197.4,99.5661065913107,11.51361026,0.9039479220000004,0.015885499999999986
4.0,7.200113486514443,3.8473308079196324,0.699728677591714,0.22780102857165457,89.0,59.11525761834645,42.13597129551307,0.0,1.0,1.0,1.0,0.0,2.0,1520.19,198.44,2896.08,198.18,91.16031251045733,11.49640193,0.8727522520000004,0.011156624999999998
0.0,7.201956851948814,4.320422268704093,0.6583057760788378,0.15876425878060768,419.0,94.05356224494068,37.118561662308224,2.0,1.0,1.0,0.0,0.0,1.0,2775.41,236.2,2190.72,647.18,48.1556139491489,11.16707193,0.3586794966666664,0.19420528333333337
0.0,7.2279377904553055,2.282407243370687,0.5648028861194204,0.3266013787059519,434.0,91.26003632519073,38.33480550441122,0.0,0.0,2.0,1.0,1.0,1.0,1913.61,326.97,825.52,691.49,30.55151139312718,11.44520403,0.30712120690476186,0.03052350000000001
0.0,7.13851735557163,2.2994899417721775,0.588305923474229,0.3195422826344306,545.0,82.72833764825786,95.61095256456008,1.0,1.0,0.0,1.0,1.0,1.0,4374.08,403.67,1396.45,718.65,90.85783915429863,11.47632097,0.561256595,0.16272882499999994
5.0,7.121295717912868,4.34215996444576,0.6623800455634398,0.2078790142850064,428.0,88.59855487396521,50.20580005558839,2.0,1.0,1.0,0.0,1.0,0.0,2916.38,194.9,2874.44,198.37,91.91811195833779,11.87171723,0.8397885730000003,0.017155249999999997
5.0,7.163114574072631,3.6385699878891757,0.648670324582011,0.20530984687812218,168.0,72.5850540354777,36.06795796639864,2.0,1.0,1.0,0.0,0.0,2.0,2747.17,193.79,2889.94,193.49,56.000154744303366,12.25871126,0.38108772983333294,0.014514249999999996
5.0,7.165454374183362,3.9013153737796764,0.6825777999561004,0.3516453039290563,112.0,73.02241183089137,79.58993776414853,2.0,1.0,0.0,2.0,0.0,0.0,2903.14,195.52,2857.59,200.51,97.32175877429742,11.54176812,0.8728315170000003,0.01555016666666666
0.0,6.974205804101256,2.850732993776667,0.5832306093743111,0.10422156433324359,237.0,92.57335547876663,52.47109488090092,1.0,1.0,1.0,1.0,1.0,1.0,310.72,131.25,618.66,271.69,78.5153549495043,12.19438684,0.1036883561190477,0.029770557142857146
0.0,7.207440608053926,2.710494809074156,0.7076967847007942,0.36059018509002444,496.0,90.49905300314863,75.50399854540873,2.0,1.0,2.0,2.0,1.0,1.0,801.43,728.17,364.2,741.87,30.83868914510749,11.76605746,0.19202598783333336,0.00403645
2.0,7.2298541269476475,3.8629244374957006,0.6606121916469492,0.3619955195593428,84.0,91.82501261410485,41.79774959851923,1.0,1.0,2.0,1.0,1.0,0.0,448.44,198.69,2493.98,206.95,97.1582681082144,11.78092429,0.7818488486666674,0.02914825
0.0,7.222177829422339,2.456142953117648,0.6378920987610621,0.22964557814506498,253.0,98.50475848298346,46.548852269269474,0.0,0.0,1.0,2.0,0.0,0.0,2184.49,263.17,70.15,332.47,95.72787727619124,11.43778485,0.5801587025714287,0.24980309999999975
2.0,7.16380431438416,2.9347876249772744,0.7242438556313306,0.2180806765255002,345.0,97.03198443599378,31.085368773120663,1.0,1.0,0.0,2.0,0.0,1.0,662.1,191.32,2299.97,199.23,90.53820510149356,11.6369362,0.7630176286666672,0.2577814999999997
0.0,7.484833939508761,4.306192343555121,0.5643738318816848,0.12140711040470119,106.0,51.26682239525569,41.65083062991485,0.0,0.0,1.0,1.0,1.0,1.0,397.69,160.02,4010.89,767.06,93.16276103244665,11.19033435,0.8071882885555559,0.15365183333333332
4.0,5.87038504744564,2.595313721468788,0.7755428476880889,0.19043403996666414,1.0,91.5937546702233,52.93096339605839,0.0,0.0,0.0,2.0,0.0,2.0,1320.74,433.92,2877.66,195.43,36.187790739406545,11.40497128,0.04907230000000001,0.019298166666666644
0.0,7.2139359887376635,4.339314481313706,0.5243682187302179,0.3909430243367713,364.0,77.12791960737954,44.31400256967542,1.0,1.0,2.0,1.0,0.0,0.0,1975.07,415.23,4004.57,246.63,88.47324192764236,11.74627951,0.8020494810952384,0.039801
0.0,7.154986447577644,4.484280380105669,0.6944810559716482,0.2071946140673561,1.0,92.62474737567123,46.616208195115604,2.0,1.0,1.0,0.0,0.0,1.0,2775.41,236.2,2190.72,647.18,33.31935825370343,11.13018774,0.3232242516666664,0.13638053333333336
0.0,7.226950724651068,4.495690120634993,0.5665533847604197,0.31556672588231827,463.0,95.77133142371117,74.60406342966769,1.0,0.0,2.0,2.0,1.0,2.0,314.95,157.39,2292.61,482.03,93.19773825330104,11.38091017,0.7253075423333337,0.06722200000000006
0.0,7.188648936133608,2.9441840762901195,0.6508659851216325,0.22970883635122358,110.0,73.88850012075198,42.92854871876536,0.0,0.0,0.0,2.0,0.0,2.0,403.29,171.22,1596.1,315.44,89.43071134795315,12.15886244,0.5610077093333334,0.010062500000000005
0.0,6.8127685289677204,2.1629086338699923,0.6516567319639816,0.17223588302676796,1.0,80.03126393110902,30.444785281103147,0.0,0.0,0.0,0.0,0.0,2.0,3009.75,615.6,947.86,795.78,91.54807745067511,11.48764389,0.423922971,0.009541966666666667
0.0,7.149924262804701,2.2151057008390467,0.5613608924108654,0.32684863076210413,592.0,58.894092877338174,95.028062358556,0.0,1.0,0.0,1.0,0.0,0.0,2823.94,340.35,190.55,268.99,91.92974547362189,12.04757798,0.5750726385714284,0.16649127261904756
1.0,7.12051199306039,2.809376062067682,0.6507763128540062,0.2192726822314333,270.0,76.47334065738089,38.13642933416844,2.0,0.0,1.0,2.0,1.0,2.0,537.9,195.31,1172.11,759.79,95.80143009721581,12.32227979,0.5712221343333334,0.01325158333333333
2.0,7.184049763115879,3.8680832300557797,0.7166457034238735,0.34282544891943295,183.0,93.56543962272872,45.40486595523954,2.0,1.0,0.0,2.0,1.0,0.0,795.97,198.31,2563.44,189.78,35.76113889996043,11.52654641,0.34572649666666644,0.022158499999999987
3.0,7.295023927356549,3.1209625735427404,0.7401493540476354,0.31973635431527947,178.0,82.92424983337258,42.10957265521759,0.0,0.0,2.0,0.0,1.0,2.0,500.38,185.11,2874.12,194.38,34.715687244818454,11.21125183,0.3276679589999998,0.13420041666666666
0.0,7.2250007725545915,2.7825385000222944,0.6047652798751545,0.39988941361822467,695.0,68.13540599787584,99.47309266746677,1.0,0.0,2.0,2.0,1.0,2.0,2011.81,315.73,2292.61,482.03,32.705883122551874,11.45025736,0.40264909933333287,0.192419675
3.0,7.122767603794669,3.606172358687774,0.697443480187173,0.23646164118620147,223.0,72.86145611671327,41.78141266251628,2.0,1.0,0.0,2.0,0.0,0.0,435.93,181.46,2857.59,200.51,54.81306785517081,11.57500259,0.35794147599999976,0.015053666666666658
0.0,7.172409814080492,2.9197521783352056,0.5592021908203925,0.35601585953772225,404.0,74.66513661856386,84.42687159870852,0.0,1.0,2.0,0.0,0.0,1.0,179.28,621.78,2626.14,228.42,98.01514324595742,11.09931324,0.7222054090000003,0.14393945
0.0,7.213354141698999,2.780976128322291,0.5722632410673332,0.10123840868587725,317.0,87.93465483168261,48.70820877007787,1.0,1.0,0.0,0.0,1.0,2.0,332.06,158.96,4048.1,687.35,95.15840734621035,11.25153054,0.7829108500000004,0.1951234166666667
0.0,7.19314837656234,4.102321031609146,0.554459612422917,0.35318807475597547,435.0,97.57943813533042,45.918987719819576,1.0,0.0,2.0,1.0,1.0,0.0,3599.64,770.47,4445.72,743.68,90.85476845335619,12.105456,0.7307566203333336,0.27536602499999985
3.0,7.155938038189611,4.465797979816065,0.6585879538091035,0.2330293869792986,188.0,59.578480111317006,47.38688305451789,1.0,1.0,0.0,2.0,1.0,0.0,486.05,184.99,2900.07,199.85,92.60249134633347,11.58902486,0.8189157245000004,0.01627866666666666
3.0,7.122767603794669,3.606172358687774,0.697443480187173,0.23646164118620147,223.0,72.86145611671327,41.78141266251628,2.0,1.0,0.0,2.0,0.0,0.0,486.19,181.34,2857.59,200.51,54.81306785517081,11.5750044,0.35794147599999976,0.015053666666666658
0.0,7.167712097853464,2.9956590760784603,0.6454581177381077,0.18346660821681302,97.0,61.048541744765444,41.532521110721426,1.0,1.0,0.0,2.0,1.0,1.0,336.84,164.7,4434.23,442.63,94.89770601871864,11.75126607,0.8037969210000003,0.04190850000000001
0.0,7.163236173068104,4.11825488288513,0.652543116110285,0.36838162525174284,340.0,75.3665853365501,75.78046530509718,2.0,1.0,1.0,0.0,0.0,0.0,3035.95,476.62,3222.69,767.67,61.26332403190763,11.89448811,0.3504384843333331,0.015903227777777768
0.0,7.156982743512741,2.133527732949153,0.674137925533769,0.3197568768945345,636.0,67.15445821755878,95.13921397316305,2.0,1.0,0.0,0.0,1.0,1.0,107.37,392.88,2588.26,228.29,93.60326502252188,11.60908687,0.7357953530000003,0.16674756666666662
0.0,7.198364199292794,4.349507647892269,0.6604644887385333,0.22781698714390447,1.0,59.03468812363424,47.58674076236209,1.0,1.0,0.0,2.0,1.0,1.0,335.34,167.56,4434.23,442.63,94.95245249917127,11.72311379,0.8039585260000004,0.015105249999999994
3.0,7.304817161927533,2.9227108718268,0.5705687577681744,0.18191081976046858,311.0,60.8471347350047,41.62616789399383,0.0,0.0,1.0,1.0,0.0,1.0,398.58,160.42,2814.54,198.06,95.5721193023063,11.60339367,0.7685553500000004,0.040168
0.0,7.144353760040952,3.004079979896795,0.6458732460898786,0.16293405758302082,253.0,78.02776804027226,48.470859539634986,0.0,0.0,0.0,2.0,0.0,2.0,211.87,723.35,1777.71,414.59,85.17395490233206,11.48085857,0.5265378906666668,0.00905116666666667
0.0,7.23381440337529,2.2020953876898894,0.656023831527624,0.22242027250827,121.0,88.8309727751527,44.67641346001853,2.0,0.0,2.0,2.0,1.0,0.0,2250.17,407.14,2381.88,335.87,32.19993931069722,12.23142426,0.34695105749999977,0.04045922777777777
2.0,7.440777978801925,2.9110975887719617,0.6633392169192616,0.3914225669817912,335.0,94.39474772709771,51.7839030432001,0.0,1.0,0.0,1.0,0.0,1.0,110.16,339.59,2850.17,196.58,94.46174503934616,12.03738355,0.7055560275000003,0.020876083333333316
0.0,7.414908182052578,3.0948023867230745,0.5795769589363283,0.15583006590289528,215.0,82.95151631488677,41.65194066034948,0.0,0.0,0.0,1.0,1.0,1.0,359.71,164.64,2434.94,304.36,91.3092595947134,12.26623357,0.737168316666667,0.038579027777777795
0.0,7.221032094586524,4.268340203555473,0.6952969810594384,0.362200029609821,315.0,92.67755339285762,78.99852353486912,1.0,0.0,2.0,1.0,1.0,0.0,833.55,205.47,2652.23,681.42,96.2072800197956,11.4225277,0.7209587115555561,0.030396
0.0,7.178160970397395,2.966118883484043,0.5609673774512496,0.1624902737615616,339.0,78.18706176355974,50.78480488706788,0.0,1.0,0.0,0.0,0.0,0.0,331.56,160.89,2208.45,330.22,89.70291017769947,11.40369547,0.6838262486666669,0.04673975000000003
2.0,7.100446071412046,4.360265393162484,0.661507523453711,0.22235329904105428,159.0,77.98563364970815,43.16246060669212,1.0,1.0,0.0,0.0,1.0,2.0,647.35,191.87,2970.5,198.32,93.577825326596,11.20475649,0.5663443481666663,0.12093966666666665
0.0,7.223610831624123,3.161587583345541,0.6576892414256552,0.2239951850905623,369.0,79.58300044870283,39.96617123960778,2.0,0.0,0.0,1.0,1.0,0.0,852.89,736.36,4377.75,457.08,94.89787731270162,11.83699728,0.7378904990000005,0.021135394444444438
4.0,7.418791010180873,2.7890570118369618,0.6992408622463215,0.2344850447286328,1.0,95.3142990100858,38.66165571844866,2.0,0.0,1.0,1.0,0.0,2.0,2865.39,191.72,2906.42,194.69,34.07683527635788,11.26618748,0.3568487499999997,0.1672883666666667
2.0,7.161413009531314,3.5560857555705336,0.5435110825573296,0.17859008527204812,152.0,74.44432155877519,44.32391378031334,1.0,1.0,1.0,1.0,1.0,2.0,278.17,163.22,2583.21,192.59,89.97090176677682,11.56638934,0.770990069666667,0.04197375000000001
0.0,6.989141490909726,2.405982190872061,0.699128139444812,0.2288357147355152,499.0,76.1753617876005,51.53544923899256,1.0,0.0,0.0,0.0,0.0,2.0,2395.67,515.35,2973.66,264.56,90.33380376967318,11.67045035,0.5458497259999998,0.013291599999999994
0.0,7.207440608053926,2.710494809074156,0.7076967847007942,0.36059018509002444,495.0,90.49905300314863,75.50399854540873,2.0,1.0,2.0,2.0,1.0,1.0,801.43,728.17,364.2,741.87,30.83868914510749,11.76602082,0.19202598783333336,0.00403645
0.0,5.658088013337926,4.497165295232958,0.6572515096052574,0.37496219204506476,405.0,73.56111796339613,68.17829967031035,2.0,0.0,1.0,2.0,1.0,2.0,4435.4,584.89,110.12,754.44,90.09317657426175,12.36323709,0.46893556217857124,0.014059683333333326
0.0,7.181552505942997,2.3449983975933884,0.6601728561172245,0.22583277466978208,385.0,95.72560229276225,55.48638316745389,0.0,0.0,0.0,0.0,0.0,2.0,2974.93,410.44,3634.84,277.1,92.98827687009502,12.30329478,0.7373522806666669,0.01724724444444443
0.0,7.226135098728709,4.398108944496646,0.6433481404818,0.3437791896800969,1.0,90.05556763887608,45.93482881338691,1.0,1.0,2.0,1.0,1.0,0.0,318.71,157.47,3108.03,421.63,88.81856466182965,11.75629253,0.8074546080000001,0.065973
1.0,7.192227274651635,3.651942013432224,0.6992578774231294,0.22053843726606637,183.0,49.100858049128135,39.24917386450352,2.0,1.0,1.0,0.0,1.0,0.0,836.12,210.0,2641.97,178.4,93.95162919418414,11.24179038,0.7561582015000005,0.13856566666666661
0.0,7.497043653891856,2.7836805535010773,0.7063097097578528,0.3719954298250569,273.0,92.47332728570106,51.1644633988121,1.0,0.0,2.0,2.0,0.0,0.0,4377.5,337.95,2412.61,597.02,35.13321838400982,11.80190255,0.3289767429999998,0.030322241666666673
5.0,7.200153290574503,3.785155636752809,0.697392103461176,0.22250317192409685,1.0,70.11666376461571,37.95442920320418,2.0,1.0,0.0,2.0,1.0,0.0,2935.61,195.72,2850.06,197.14,93.68043669984446,11.47226229,0.9147387590000003,0.01878399999999999
0.0,7.0349539016345135,3.4493520525897723,0.7148577944371781,0.34427725962386463,279.0,94.23566903628769,80.55137920051634,1.0,0.0,2.0,0.0,0.0,1.0,353.96,179.72,1003.85,774.62,92.11071277384733,11.44580982,0.38947578599999977,0.021283833333333328
4.0,7.217266519005604,2.8577581940836643,0.65667823770289,0.36156908284445965,156.0,78.00084078147874,42.074489593613926,0.0,1.0,2.0,2.0,0.0,0.0,2197.92,183.41,2849.52,197.29,32.85306859040718,12.18504202,0.3770484783333331,0.028778950000000005
0.0,7.122354566783451,4.226971619931638,0.5766830430465788,0.10036346177019667,119.0,81.57745158432478,46.44804000301689,1.0,1.0,1.0,1.0,1.0,1.0,310.72,131.25,618.66,271.69,91.53411380264336,12.15940477,0.546879532904762,0.02983555714285715
0.0,5.3130169980309745,2.358615934281649,0.6648495328128889,0.3239525490078121,547.0,73.37545952810898,89.82548326779414,0.0,1.0,0.0,2.0,0.0,2.0,102.2,276.88,100.8,207.37,86.79876241060951,11.78919332,0.5873887829999997,0.18024890595238083
3.0,7.234423657256146,3.9842969523772034,0.6730420849611808,0.35959084418378834,96.0,76.95953681221292,73.86611859895477,1.0,0.0,2.0,2.0,1.0,0.0,382.82,157.96,2864.51,194.29,92.6142173302043,11.41248001,0.7301635930000004,0.05591700000000003
0.0,7.040732000553045,2.311196725330522,0.6792099347877671,0.2227309587917048,337.0,89.0982515128783,51.22858775822965,0.0,0.0,0.0,0.0,0.0,2.0,3009.75,615.6,947.86,795.78,82.09254970527219,11.58488579,0.10094294966666667,0.010444266666666669
0.0,7.201956851948814,4.320422268704093,0.6583057760788378,0.15876425878060768,419.0,94.05356224494068,37.118561662308224,2.0,1.0,1.0,0.0,0.0,1.0,2775.41,236.2,2190.72,647.18,48.1556139491489,11.16707625,0.3586794966666664,0.19420528333333337
0.0,6.075682476162429,3.659734470693576,0.6633735791797106,0.21880723885266798,123.0,70.1103774424619,81.2855187667651,2.0,0.0,0.0,1.0,1.0,0.0,267.3,157.62,4377.75,457.08,83.93908289856171,11.7628985,0.12173247016666677,0.05004549999999999
0.0,7.078236226014283,2.7877731814498508,0.6552003427619228,0.17222467773820155,351.0,94.57568758145642,46.57530999370004,0.0,0.0,1.0,2.0,1.0,1.0,1889.35,340.61,631.28,692.81,96.44610257469792,11.48499456,0.4258183209999997,0.010081875
2.0,7.183168533010354,4.250013160176145,0.6677360464158967,0.22492116456153535,125.0,45.04794023482187,38.975287044488134,0.0,1.0,0.0,1.0,0.0,0.0,411.34,199.61,2436.12,189.24,85.39648152160198,11.24326372,0.7631301191666673,0.13722349999999997
0.0,7.223012171070274,2.075434110751282,0.5937916845971056,0.34337678207332906,690.0,76.4398581014927,39.41238016081495,2.0,0.0,1.0,1.0,0.0,0.0,1466.4,709.97,2587.67,305.43,87.9950077771109,11.74909577,0.7023556140000002,0.1411464
0.0,7.172409814080492,2.9197521783352056,0.5592021908203925,0.35601585953772225,404.0,74.66513661856386,84.42687159870852,0.0,1.0,2.0,0.0,0.0,1.0,179.28,621.78,2626.14,228.42,98.01514324595742,11.09930454,0.7222054090000003,0.14393945
0.0,7.189036466311498,2.405759523456071,0.6858749195695566,0.3985883581282004,688.0,71.46338622979552,91.24880577122582,0.0,1.0,2.0,1.0,1.0,0.0,169.43,713.47,3733.34,215.79,89.64370458942469,11.34367308,0.7331964920000003,0.18086161666666667
0.0,7.458216305558225,2.425946764733041,0.6502323141418158,0.3606082225185767,180.0,89.0897902958585,78.2547786794251,1.0,1.0,2.0,2.0,1.0,2.0,355.76,177.88,138.53,411.75,31.81320670612147,11.11601072,0.19856483357142848,0.09344625
0.0,7.176930698102526,3.860859679111769,0.6522041902789313,0.3522984372076715,312.0,68.70211505740957,81.10884558861838,1.0,0.0,2.0,1.0,1.0,0.0,309.89,136.34,3537.83,710.51,89.54580667410909,12.12664269,0.7115442082222225,0.06951902777777783
0.0,7.289857085925736,3.7834514686720464,0.5032711600200308,0.15897116399757769,1.0,59.22561928347517,41.96874089974114,0.0,0.0,1.0,1.0,0.0,0.0,377.77,164.14,4200.11,792.34,89.43737090343001,11.60188574,0.8043289870000003,0.052090500000000046
0.0,7.213763082506499,4.078290571449121,0.6553388203904154,0.22991897665030828,109.0,58.570432539065095,37.450210702298996,0.0,0.0,0.0,0.0,1.0,2.0,362.71,182.8,1495.42,387.52,93.6218301903187,12.07268788,0.5569614233333335,0.014837749999999993
3.0,7.491708012560778,4.269919945853724,0.6606051112474755,0.18433419840569984,323.0,94.9199027132518,38.4046518821373,0.0,0.0,1.0,2.0,0.0,2.0,618.66,195.11,2909.61,200.41,98.9268743308435,12.07361005,0.772320694666667,0.012945499999999993
3.0,7.120238622355751,3.872074078252487,0.7035768324353787,0.19796837232509426,339.0,71.12539624537845,75.56047139450902,0.0,1.0,1.0,2.0,1.0,0.0,428.01,174.36,2876.2,198.24,95.01630351125743,12.24879231,0.7068215656666669,0.017656807142857132
0.0,7.152793837436869,4.474141942543642,0.5394343105915707,0.18146282667344,461.0,58.59147702207445,37.59630664870668,1.0,0.0,0.0,0.0,0.0,0.0,285.87,142.91,3028.9,755.84,91.60308638466672,11.39385073,0.7949905720000002,0.06115233333333337
0.0,7.156211332413486,2.5281246357944696,0.656894567215281,0.21518277954796175,269.0,99.1633326773473,48.1581503508991,1.0,1.0,0.0,2.0,1.0,2.0,3027.28,185.91,1500.49,362.55,91.49234040231914,11.26011433,0.6167377846666668,0.27326828333333314
0.0,7.2139359887376635,4.339314481313706,0.5243682187302179,0.3909430243367713,363.0,77.12791960737954,44.31400256967542,1.0,1.0,2.0,1.0,0.0,0.0,1975.07,415.23,4004.57,246.63,88.47324192764236,11.74625508,0.8020494810952384,0.039801
0.0,7.19530418059922,2.1388604855547495,0.6521924333643978,0.3240703783953911,693.0,73.70858496441592,94.5745261660665,1.0,0.0,0.0,0.0,0.0,0.0,3018.71,490.02,3028.9,755.84,90.44514611138467,11.46318778,0.7631427900000004,0.15698058333333328
5.0,7.471254893489526,2.7835802889855765,0.6884327742829979,0.2287479181038923,196.0,86.35511444845112,37.92039501943204,0.0,0.0,1.0,0.0,0.0,2.0,2956.69,197.29,2922.66,204.4,39.13131031424588,11.09390213,0.3900078139999997,0.14002070000000003
4.0,7.093740499026797,2.8530372872817313,0.7071062009272321,0.3635851123786621,424.0,72.58559461746546,42.96721981543892,2.0,1.0,0.0,0.0,1.0,1.0,351.19,383.53,2931.67,196.75,33.50064203716913,11.54519821,0.2556630429999997,0.010128333333333335
0.0,7.222177829422339,2.456142953117648,0.6378920987610621,0.22964557814506498,253.0,98.50475848298346,46.548852269269474,0.0,0.0,1.0,2.0,0.0,0.0,2184.49,263.17,70.15,332.47,95.72787727619124,11.43778415,0.5801587025714287,0.24980309999999975
5.0,7.420654641910779,2.6084965037609087,0.7142433906254689,0.22939682747944842,231.0,93.46647836062635,33.063774027668394,1.0,0.0,1.0,0.0,0.0,1.0,2463.9,187.38,2937.77,196.4,32.30001270127143,11.11744352,0.3762643889999997,0.14152900000000004
0.0,7.075435234053102,3.927927195496775,0.7358348144744119,0.2219348776419332,506.0,73.62575603902438,43.256122765277716,1.0,1.0,1.0,1.0,0.0,1.0,3013.23,370.06,4338.47,298.47,68.55515576616396,11.57682179,0.15403030683333355,0.008669973809523812
5.0,7.463899732144532,3.8195142460416323,0.7163096786726995,0.20173336472897888,176.0,92.5475297873553,53.257385001919026,2.0,0.0,1.0,0.0,1.0,1.0,2535.23,188.73,2910.19,194.33,98.56180430818561,11.41496523,0.8700764535000002,0.018892499999999993
0.0,5.538374751534636,4.455241661456064,0.6465224394197804,0.39707050600693705,202.0,72.59633642425077,71.06936541342218,0.0,1.0,2.0,0.0,0.0,1.0,179.28,621.78,2626.14,228.42,30.63618250579578,11.15873703,0.06209596699999997,0.13010824999999998
0.0,7.499184935977289,4.494274940448663,0.6854662176871749,0.3924526847827642,336.0,85.39512771194035,46.78577789050092,0.0,0.0,2.0,0.0,1.0,1.0,1972.4,260.47,1597.98,306.47,35.98339619514064,11.40078403,0.25434171583333315,0.026553600000000017
0.0,7.172431343055492,2.606239526226204,0.6071441187742738,0.3839770533679408,643.0,60.20418376940041,95.0907995464116,2.0,1.0,1.0,0.0,1.0,0.0,1467.38,280.01,607.4,734.15,93.93094696684088,11.93627299,0.5020114349047617,0.19164418333333333
0.0,7.120091235162208,2.992136424472536,0.658617632164603,0.18517713322369353,165.0,74.10008638315354,42.537484103326534,0.0,0.0,0.0,1.0,1.0,1.0,367.53,177.39,2229.06,294.91,56.46613062784863,12.21933999,0.30744935633333303,0.013894666666666661
0.0,7.2307197433763815,2.28942733734689,0.550477065858214,0.19850885818164246,469.0,69.89973287043125,44.61681851144789,1.0,0.0,2.0,1.0,1.0,0.0,3077.84,434.87,3537.83,710.51,92.50781915720427,12.17369301,0.7321103333333336,0.05887622777777778
0.0,7.3696072915868465,3.231724248664704,0.6591703490748713,0.22835567826655967,289.0,97.65641888153442,32.667855825622006,0.0,0.0,0.0,2.0,1.0,1.0,1976.28,407.9,2528.11,229.78,90.96061413777377,12.09755946,0.7244016753333338,0.24371306666666648
2.0,7.196078455083717,3.6412759885040415,0.7704171712887068,0.20715561175892352,92.0,79.81069705243449,48.81930446030731,2.0,1.0,1.0,0.0,1.0,0.0,830.12,209.87,2474.14,199.64,95.92677922513569,11.21449771,0.7807348916666673,0.12895616666666665
5.0,7.178047204601368,3.4852979210447557,0.6613673882966813,0.1809628535147079,1.0,77.96599574578966,46.68330652830216,0.0,1.0,1.0,1.0,0.0,2.0,2586.4,157.56,2896.08,198.18,98.81514021932176,11.46998659,0.9363176340000001,0.017786499999999993
2.0,7.468039652005805,4.239223215773507,0.6483873014640263,0.22151367460246038,392.0,81.20377680889938,36.1436957660677,0.0,0.0,1.0,0.0,0.0,2.0,692.29,190.09,2428.46,232.52,88.13450480123196,11.15107921,0.7578808636666672,0.16193883333333337
3.0,7.22405302738207,3.8564889567044687,0.7245298817128983,0.3878995345280952,365.0,91.97534780569114,40.84133809556985,0.0,1.0,0.0,2.0,0.0,2.0,421.51,188.29,2900.51,194.35,92.60129493621973,11.73433259,0.7905283635000003,0.014833999999999996
0.0,5.929521463613346,2.864184362109104,0.6599175278693105,0.3714734742026394,162.0,72.91691481914964,36.15377787898857,2.0,0.0,1.0,1.0,0.0,1.0,210.64,762.82,1730.07,368.56,79.92614328224393,12.1692443,0.11560816678571444,0.010134183333333335
0.0,7.146545004355859,2.9736345589241973,0.6573264878140989,0.20689767322664912,103.0,59.354212430531774,47.99179084759662,1.0,1.0,0.0,0.0,0.0,0.0,258.25,128.81,352.97,220.62,95.51626111077849,11.94007501,0.5475665519047621,0.04764645
0.0,6.983092512253489,2.991883258176948,0.6464813372372682,0.3603155560629767,419.0,94.84642164625627,41.76339785225481,1.0,0.0,2.0,0.0,0.0,1.0,897.86,674.11,1003.85,774.62,84.84499988947636,11.48857856,0.4006823056666665,0.02770563333333333
0.0,7.153190802549934,4.3577250922106066,0.6452776365716958,0.37146170362905706,498.0,94.78799201334895,36.76746576216966,0.0,1.0,1.0,0.0,1.0,1.0,4261.88,758.2,3785.3,270.22,30.77213907047609,11.16926877,0.34321199216666626,0.19429033095238096
0.0,7.143292162275401,4.191740459017583,0.6607426966017202,0.15554713111625545,116.0,61.95051983770771,47.579143439368885,2.0,1.0,0.0,1.0,1.0,0.0,2970.74,312.58,403.78,753.84,97.7332349695091,11.12663797,0.5900166621269843,0.14123803333333332
0.0,6.983363728924364,3.589083060457975,0.64929373562479,0.13170532073360583,1.0,82.70745485524246,46.75388907568499,0.0,1.0,0.0,1.0,0.0,0.0,2823.94,340.35,190.55,268.99,91.04199427971992,11.87538842,0.4363428099999998,0.015211964285714282
0.0,7.13851735557163,2.2994899417721775,0.588305923474229,0.3195422826344306,545.0,82.72833764825786,95.61095256456008,1.0,1.0,0.0,1.0,1.0,1.0,4374.08,403.67,1396.45,718.65,90.85783915429863,11.47632097,0.561256595,0.16272882499999994
0.0,7.375822420518,2.660203116143746,0.6477042095703455,0.22551064439014712,377.0,77.4609452619519,39.246612866206945,2.0,1.0,1.0,2.0,0.0,1.0,4161.81,215.39,2432.66,613.06,30.329202842230888,12.37726363,0.5370941248452378,0.010199568253968254
0.0,7.49033482108546,4.405885653904293,0.5352382585438223,0.36361472089238306,1.0,47.42458064170776,31.40156576939563,1.0,0.0,2.0,2.0,1.0,2.0,314.92,157.46,2292.61,482.03,95.2487523322407,11.24994104,0.7685378890000003,0.18959125000000007
0.0,7.4953515560804576,2.59349579531381,0.6478072514465777,0.35022601324143526,274.0,97.34041828081783,33.54969670377225,1.0,0.0,2.0,2.0,0.0,0.0,4377.5,337.95,2412.61,597.02,87.3055923384649,11.80192087,0.7817614316666672,0.2670937666666664
0.0,7.120887652552174,4.36966232120343,0.6517181598007752,0.21071744087174277,210.0,94.3667762059569,43.970135308808075,2.0,1.0,1.0,0.0,0.0,1.0,2775.41,236.2,2190.72,647.18,34.557271411125654,11.10645673,0.3232242516666664,0.13610428333333333
2.0,7.438899298389268,3.0825537811754398,0.5165037075528699,0.3537453437651583,193.0,58.68054583844758,34.56009531129688,1.0,0.0,2.0,2.0,1.0,0.0,294.08,150.42,2864.51,194.29,96.20272887157078,11.44155639,0.7655334836666671,0.07737500000000003
0.0,7.415038104480955,4.339120803823558,0.71304225849951,0.2828485889174337,513.0,94.92767162128366,47.819981185710745,2.0,1.0,0.0,2.0,1.0,1.0,2737.48,327.36,1231.01,749.07,93.8134970904654,11.97728287,0.5744744165555556,0.007286873809523809
0.0,5.673668248126048,3.3095379879275177,0.658152611152945,0.21126159372739897,325.0,72.26172220210944,31.41815854618562,2.0,0.0,1.0,1.0,0.0,1.0,210.64,762.82,1730.07,368.56,57.442096096998455,12.21712945,0.13212669153571435,0.01157910833333333
0.0,7.153190802549934,4.3577250922106066,0.6452776365716958,0.37146170362905706,498.0,94.78799201334895,36.76746576216966,0.0,1.0,1.0,0.0,1.0,1.0,4261.88,758.2,3785.3,270.22,30.77213907047609,11.16926877,0.34321199216666626,0.19429033095238096
0.0,7.081362074301302,3.0555107125312597,0.6459114334711832,0.23889365974549223,309.0,93.51830205048084,79.56159190636043,1.0,1.0,0.0,0.0,0.0,0.0,4347.14,534.45,352.97,220.62,94.52483501832872,12.0021403,0.39636396016666653,0.01772119999999999
0.0,7.16124406518311,3.9277215892252557,0.5434184578822315,0.1550964796464595,229.0,77.70705783182679,37.41255665835277,2.0,1.0,1.0,2.0,1.0,0.0,2654.51,164.83,1400.13,767.97,90.35646836730942,11.1623174,0.6046330785555558,0.20482670000000003
4.0,7.135914635747124,2.7780675830296464,0.7084695416560576,0.23163865037377127,201.0,92.95872166263129,37.389817313297485,1.0,0.0,1.0,1.0,1.0,0.0,2905.61,193.71,2796.19,196.66,87.92102354373675,11.13852977,0.8784510465000003,0.14952169999999998
0.0,7.122016650199288,2.334856060265008,0.5629767354200916,0.17179617346186601,1.0,83.25329328457106,38.32984195766838,0.0,0.0,1.0,1.0,1.0,1.0,397.69,160.02,4010.89,767.06,95.13769683443799,11.1598665,0.8058399980000004,0.15398750000000003
0.0,5.980608764344889,3.035104779484025,0.6586460707232008,0.23015136673373107,250.0,77.92500415068227,48.895970238993144,0.0,1.0,0.0,1.0,0.0,0.0,1853.71,166.59,755.82,276.56,97.03187095130923,11.28062674,0.44413226899999986,0.17385549999999994
0.0,7.178025687148257,3.8277189139953403,0.540384816205118,0.23441745108784437,441.0,96.80311930961831,40.98393239382488,1.0,1.0,1.0,1.0,1.0,1.0,312.1,155.04,2405.18,406.77,87.2764310365017,12.13610083,0.7015718801666669,0.23509412380952363
0.0,7.121424395286036,4.3430627409899465,0.6499929277531895,0.22519742248670743,169.0,78.65655022480489,41.13379391897201,0.0,1.0,0.0,0.0,0.0,0.0,331.56,160.89,2208.45,330.22,94.05700060592099,11.35341101,0.7249787110000004,0.044153250000000026
0.0,7.215098157200989,2.0928123796845672,0.6567817307033823,0.3387708828530496,565.0,91.90328874627072,41.25133009320727,1.0,1.0,0.0,2.0,1.0,0.0,2574.21,202.37,3436.33,223.66,98.66309652624713,11.70062584,0.808362020666667,0.16182825714285706
0.0,7.198364199292794,4.349507647892269,0.6604644887385333,0.22781698714390447,1.0,59.03468812363424,47.58674076236209,1.0,1.0,0.0,2.0,1.0,1.0,335.34,167.56,4434.23,442.63,94.95245249917127,11.72310558,0.8039585260000004,0.015105249999999994
0.0,7.081766618916378,3.6623092758352023,0.722620284718623,0.20371235968545637,414.0,94.59554505907144,50.751371066483394,1.0,1.0,0.0,0.0,1.0,0.0,3123.19,226.18,3147.96,466.79,68.4794791379952,11.99578242,0.12612119533333346,0.019733727777777765
0.0,7.375822420518,2.660203116143746,0.6477042095703455,0.22551064439014712,377.0,77.4609452619519,39.246612866206945,2.0,1.0,1.0,2.0,0.0,1.0,4161.81,215.39,2432.66,613.06,30.329202842230888,12.37726363,0.5370941248452378,0.010199568253968254
0.0,7.115141771604404,2.5729676820216474,0.6450535132929959,0.22973776238142124,381.0,90.4644857302293,50.35028615986446,0.0,0.0,1.0,2.0,0.0,0.0,2184.49,263.17,70.15,332.47,36.71881689547897,11.4763476,0.13799559050000018,0.020165708333333324
5.0,7.314653086989394,3.8954969954816554,0.6762330193894999,0.22575835432098845,1.0,83.67799392197492,56.179644565939746,0.0,0.0,1.0,1.0,0.0,1.0,2824.23,195.53,2895.54,198.91,42.45558467323836,11.513575,0.3427274619999997,0.013489499999999996
0.0,7.047551541517093,2.240156070066323,0.6518509393984881,0.16171282183182306,169.0,78.64014297791051,33.93616267238019,0.0,0.0,0.0,0.0,0.0,2.0,3009.75,615.6,947.86,795.78,91.09780613127336,11.53520415,0.423922971,0.007253666666666669
2.0,7.182664788837137,3.141857615356702,0.6599536879388812,0.3594240136038638,210.0,96.00965279518604,47.45804001798869,1.0,0.0,2.0,1.0,1.0,0.0,393.6,171.93,2515.51,205.66,93.94539923885011,11.39067774,0.7825366211666672,0.034461500000000006
0.0,7.227589083864919,3.6097676678777986,0.6583640444098401,0.22065599653681478,466.0,79.03907406548927,42.511198095224195,2.0,0.0,0.0,1.0,0.0,0.0,1803.78,378.72,2999.74,645.48,91.36605005456443,12.20066804,0.7541926323333336,0.02503089444444444
0.0,7.499106083537464,2.6020269549508903,0.6551496160663457,0.2348222755807595,1.0,95.4753698057707,42.98861479655537,2.0,0.0,0.0,0.0,0.0,0.0,2016.6,417.93,1559.79,221.11,93.69101892971841,12.16288898,0.5803608060000002,0.02528386666666666
3.0,7.474297787817497,2.8524183657559834,0.6980182964069735,0.36323108341942495,1.0,96.14785126552184,78.14379565495942,1.0,0.0,2.0,2.0,1.0,1.0,283.37,226.93,2878.52,194.36,90.29154312336702,11.99911534,0.7247037345000004,0.029675499999999987
0.0,7.19530418059922,2.1388604855547495,0.6521924333643978,0.3240703783953911,692.0,73.70858496441592,94.5745261660665,1.0,0.0,0.0,0.0,0.0,0.0,3018.71,490.02,3028.9,755.84,90.44514611138467,11.46313892,0.7631427900000004,0.15698058333333328
0.0,7.153684191915373,2.9871222552070784,0.6574962256115503,0.22518618972601298,463.0,77.96536502777317,45.12806995393508,1.0,0.0,1.0,0.0,0.0,1.0,339.38,165.88,1972.2,631.59,94.71620838844369,11.18433783,0.6995566080000001,0.20306429761904762
5.0,7.205761063143826,3.8904706558987874,0.680299121919424,0.24149823610727036,1.0,86.27092501396838,50.52048203557697,0.0,1.0,0.0,2.0,0.0,2.0,2692.3,177.57,2868.0,193.51,38.310474866168285,11.62971641,0.32629748199999975,0.014537499999999997
0.0,7.075435234053102,3.927927195496775,0.7358348144744119,0.2219348776419332,507.0,73.62575603902438,43.256122765277716,1.0,1.0,1.0,1.0,0.0,1.0,3013.23,370.06,4338.47,298.47,68.55515576616396,11.57685844,0.15403030683333355,0.008669973809523812
0.0,5.98157633358453,4.187328283356343,0.6423994181456893,0.36868234279459855,488.0,72.97642758514472,36.923166160076164,2.0,0.0,1.0,1.0,0.0,1.0,210.64,762.82,1730.07,368.56,81.13612475533924,12.26656823,0.24274574678571423,0.01178185833333333
3.0,6.7484712643822755,2.8504459436751337,0.6683875903072679,0.38036911414760416,1.0,92.9632279695033,80.42813512295335,1.0,1.0,2.0,2.0,0.0,0.0,489.61,175.89,2886.28,195.34,36.01572916486428,11.80245882,0.10287625,0.019622249999999987
0.0,7.495099416588535,2.658573484233651,0.7042528551080194,0.21363671478829577,145.0,78.78375515153897,41.17074077259028,0.0,0.0,0.0,2.0,1.0,1.0,1976.28,407.9,2528.11,229.78,36.13773431197312,12.05551266,0.33007104466666637,0.014045394444444432
3.0,7.154631416749854,3.8271214474114075,0.7380882296087488,0.2353417508985796,115.0,75.99057720875597,40.31038223006705,2.0,1.0,1.0,2.0,1.0,0.0,400.0,200.0,2882.69,209.97,90.4314794108233,11.12850168,0.7978025500000006,0.10305449999999997
3.0,7.133818029721242,2.9872475069232336,0.6552918909298304,0.18362257094206724,155.0,58.98718068864914,40.602706533555605,2.0,0.0,0.0,1.0,0.0,0.0,366.74,151.02,2948.98,200.0,90.42241049915683,12.10805174,0.7949224096666672,0.035237249999999984
0.0,5.98157633358453,4.187328283356343,0.6423994181456893,0.36868234279459855,489.0,72.97642758514472,36.923166160076164,2.0,0.0,1.0,1.0,0.0,1.0,210.64,762.82,1730.07,368.56,81.13612475533924,12.26660182,0.24274574678571423,0.01178185833333333
5.0,6.962383597707994,4.317501630019309,0.6563302568085144,0.22201068484081474,170.0,77.88441826405729,51.643200903576684,0.0,1.0,1.0,2.0,1.0,0.0,2711.96,188.14,2876.2,198.24,92.32398955396638,12.19913118,0.596697761333333,0.017025307142857136
0.0,7.075650909621204,3.7907844011904492,0.7214672376287591,0.13456447757606915,511.0,87.95852711799469,39.73792702846578,2.0,1.0,1.0,0.0,0.0,0.0,3035.95,476.62,3222.69,767.67,59.50196983062473,11.94577046,0.18609337183333335,0.016781334920634914
0.0,7.175747591953194,2.2922876119263624,0.6603500867065432,0.23465120769849238,530.0,66.38603173676489,42.764200642083225,2.0,0.0,1.0,0.0,1.0,1.0,3121.12,256.79,4294.02,721.07,89.42367411406718,11.52002226,0.7995478546666671,0.14896304999999999
0.0,7.189036466311498,2.405759523456071,0.6858749195695566,0.3985883581282004,687.0,71.46338622979552,91.24880577122582,0.0,1.0,2.0,1.0,1.0,0.0,169.43,713.47,3733.34,215.79,89.64370458942469,11.34362422,0.7331964920000003,0.18086161666666667
5.0,7.2188757281171485,3.9274195729840393,0.681642435268929,0.300840796482849,214.0,75.90593351930234,41.678746519123834,2.0,1.0,1.0,0.0,1.0,0.0,2787.17,195.69,2861.44,198.2,96.31017188670093,11.80996573,0.9067901835000005,0.017192749999999993
0.0,7.122354566783451,4.226971619931638,0.5766830430465788,0.10036346177019667,119.0,81.57745158432478,46.44804000301689,1.0,1.0,1.0,1.0,1.0,1.0,310.72,131.25,618.66,271.69,91.53411380264336,12.15939302,0.546879532904762,0.02983555714285715
0.0,7.121130080360531,3.673403687882431,0.6537002864038126,0.22575835432098845,440.0,76.39894422790756,42.806515993991546,0.0,1.0,1.0,0.0,0.0,1.0,2744.96,374.82,2688.23,307.8,91.02440077436117,12.0566229,0.7508533446666671,0.007803284920634922
0.0,7.2307197433763815,2.28942733734689,0.550477065858214,0.19850885818164246,468.0,69.89973287043125,44.61681851144789,1.0,0.0,2.0,1.0,1.0,0.0,3077.84,434.87,3537.83,710.51,92.50781915720427,12.17365942,0.7321103333333336,0.05887622777777778
1.0,5.799720647232155,3.174190684528869,0.6552177078412962,0.21738882108380472,1.0,77.06155157002357,46.480240593178976,2.0,1.0,1.0,2.0,1.0,0.0,110.69,488.87,519.32,262.95,91.46822054736617,11.26210042,0.389151327,0.12886174999999994
0.0,7.415038104480955,4.339120803823558,0.71304225849951,0.2828485889174337,513.0,94.92767162128366,47.819981185710745,2.0,1.0,0.0,2.0,1.0,1.0,2737.48,327.36,1231.01,749.07,93.8134970904654,11.97728287,0.5744744165555556,0.007286873809523809
0.0,6.951984353319103,2.449574323098804,0.6599384189853695,0.26747652992572796,176.0,77.20146072965574,55.069334879103586,0.0,0.0,1.0,2.0,1.0,1.0,1889.35,340.61,631.28,692.81,94.33751191366106,11.43420428,0.3962024663333331,0.008636333333333334
0.0,7.188198712429346,3.894178806545582,0.6490361857190882,0.36065765198651845,257.0,80.03464425026768,38.113965793482926,1.0,1.0,2.0,0.0,1.0,0.0,387.72,259.61,2926.68,408.94,32.679449560106285,12.39720755,0.4876524306785712,0.0184610611111111
0.0,7.058871536063159,2.3060451322034363,0.660360633459059,0.21434251950305624,505.0,93.75667700755335,50.22824674082334,0.0,0.0,0.0,0.0,0.0,2.0,3009.75,615.6,947.86,795.78,89.57812084467875,11.63553134,0.4193791833333331,0.010159266666666668
0.0,7.192859064130891,3.0014556416887412,0.5657925333354611,0.22584087341711906,363.0,75.23651535668196,43.020349380383166,1.0,0.0,0.0,2.0,0.0,0.0,311.58,155.65,2436.27,221.71,93.84570264208612,12.22940599,0.735181377666667,0.058426944444444476
5.0,7.1204930162528814,3.9475323489775387,0.6762938661669025,0.19195218385410012,181.0,72.28103145252436,52.84753628794934,1.0,1.0,0.0,1.0,1.0,1.0,2592.91,190.13,2899.42,194.11,86.0690988359923,11.36832511,0.8700764535000002,0.015707499999999996
0.0,7.1536579352945315,4.3035750148181435,0.7076990211801274,0.21026467638313426,290.0,93.22242507577084,44.710122425785926,1.0,0.0,2.0,2.0,1.0,0.0,139.62,401.64,1959.25,253.99,89.94274028612426,11.47096181,0.6672614457619049,0.041212783333333364
0.0,7.16124406518311,3.9277215892252557,0.5434184578822315,0.1550964796464595,229.0,77.70705783182679,37.41255665835277,2.0,1.0,1.0,2.0,1.0,0.0,2654.51,164.83,1400.13,767.97,90.35646836730942,11.16231655,0.6046330785555558,0.20482670000000003
3.0,7.100247785689887,2.991318182483403,0.6446918452631063,0.3551028137639216,98.0,80.78899043172758,41.96351641054654,2.0,0.0,0.0,2.0,1.0,2.0,501.1,181.25,2878.83,195.5,32.414211105659405,12.31123208,0.09920912250000004,0.008321000000000005
0.0,7.154414276460364,2.754626375658724,0.6728752779880968,0.33398585878506437,328.0,72.97023056126879,82.2635229710657,2.0,0.0,0.0,0.0,1.0,1.0,4178.6,693.29,70.28,534.16,90.61445986144135,11.55881977,0.5455070049999999,0.016234183333333322
0.0,7.13851735557163,2.2994899417721775,0.588305923474229,0.3195422826344306,546.0,82.72833764825786,95.61095256456008,1.0,1.0,0.0,1.0,1.0,1.0,4374.08,403.67,1396.45,718.65,90.85783915429863,11.47636067,0.561256595,0.16272882499999994
2.0,7.154456543120657,2.9915045394800526,0.6582339885648653,0.21784185151503332,363.0,74.64005237597873,44.905686926211146,1.0,1.0,0.0,1.0,1.0,1.0,366.29,176.1,2543.23,202.06,88.73984273687516,11.4214838,0.7532437411666671,0.013326666666666653
3.0,7.214155988561189,3.0316560571479316,0.6686097626794891,0.2235749462511638,131.0,48.572770701273065,47.59057201100933,0.0,1.0,0.0,2.0,1.0,1.0,428.36,173.65,2920.11,196.01,94.43228099553752,11.42916953,0.7991114170000004,0.011279000000000004
0.0,7.469430919303947,2.3224415484154,0.7126261330629347,0.31350313987999395,182.0,79.00479981557446,42.99607744533078,1.0,0.0,2.0,2.0,0.0,0.0,3225.64,164.78,2412.61,597.02,32.88033115654322,11.77432966,0.37482051566666635,0.07571753333333336
5.0,6.948226655905562,3.6329989359750936,0.6863635330265708,0.20309902124107648,92.0,75.75041309072871,84.6979251115753,2.0,1.0,0.0,2.0,1.0,0.0,2903.45,195.18,2881.35,197.22,55.697635904585816,11.49924606,0.10518785900000006,0.01510766666666666
2.0,7.408997404015207,2.861857235578954,0.6570894245119095,0.3596285920341796,311.0,91.66886018997484,41.86124219172233,0.0,0.0,1.0,1.0,0.0,1.0,548.34,194.95,2048.26,181.79,38.032218106736266,11.60340964,0.33396373783333316,0.025550000000000007
0.0,7.08030241250616,4.498485013309278,0.658188804225796,0.3321666513852087,167.0,86.30585164139129,79.04210203888478,1.0,1.0,2.0,1.0,1.0,0.0,365.17,177.35,3108.03,421.63,35.38030331161835,11.80522617,0.09336697299999999,0.014885749999999991
3.0,5.988964020282657,2.8470463047406325,0.6753324574292944,0.22575814632680846,94.0,78.58389449833082,47.02275337730904,2.0,1.0,1.0,1.0,0.0,2.0,405.68,174.33,2896.86,198.41,92.57318373016292,11.37072267,0.5709268969999997,0.0063644999999999995
0.0,7.210046993392199,2.3490822604298485,0.7275200649881014,0.3771383665535704,601.0,75.92440746024491,95.2128073068643,1.0,0.0,2.0,2.0,1.0,1.0,283.37,226.93,561.99,775.95,91.67414925550491,12.17363616,0.5354081824999998,0.18003301666666663
0.0,7.19314837656234,4.102321031609146,0.554459612422917,0.35318807475597547,435.0,97.57943813533042,45.918987719819576,1.0,0.0,2.0,1.0,1.0,0.0,3599.64,770.47,4445.72,743.68,90.85476845335619,12.105456,0.7307566203333336,0.27536602499999985
0.0,7.13536282679513,2.7759503429301673,0.6603851648251279,0.3806881420558004,545.0,72.73954053818295,90.73084721830102,1.0,0.0,0.0,1.0,1.0,1.0,1810.22,215.79,77.26,630.9,71.26537468886335,11.57265976,0.34298634723809507,0.15955266666666662
4.0,6.913300610041668,4.339803393775607,0.6596061885687068,0.21207557950428985,293.0,78.62797010632535,37.38991230344226,0.0,1.0,1.0,0.0,0.0,1.0,895.83,183.6,2872.31,200.81,65.9577647168406,12.01202146,0.12233884725000019,0.009130000000000001
0.0,7.210982596111311,2.1472630866347204,0.7083714992786815,0.1320371146927087,466.0,91.61707872767415,34.61166200608036,1.0,0.0,1.0,1.0,1.0,2.0,2679.6,262.09,3458.65,749.55,93.58868710233021,11.22602074,0.791459689666667,0.19979326428571434
0.0,7.145134248371176,2.1923943426908363,0.5883376672663221,0.3235006369600624,558.0,68.74006232939037,37.79333491363088,2.0,0.0,0.0,2.0,1.0,0.0,3138.2,228.91,1217.09,746.95,91.25324825955434,12.25219469,0.5992809756666666,0.1488893972222222
0.0,7.20384301488347,2.7313397713778094,0.5902651201891634,0.3226516852971908,606.0,78.70015583999125,40.320597709061786,0.0,1.0,2.0,0.0,0.0,1.0,179.28,621.78,2626.14,228.42,91.99652443625489,11.16019251,0.7203507250000004,0.30229455476190487
3.0,7.154631416749854,3.8271214474114075,0.7380882296087488,0.2353417508985796,115.0,75.99057720875597,40.31038223006705,2.0,1.0,1.0,2.0,1.0,0.0,400.0,200.0,2882.69,209.97,90.4314794108233,11.12850757,0.7978025500000006,0.10305449999999997
0.0,7.417361849689981,2.9171482510299303,0.7289292826834363,0.22018760577638655,360.0,89.70764245496449,38.47462704148742,2.0,0.0,0.0,2.0,0.0,0.0,4060.6,216.13,2338.88,323.46,30.939436238890593,11.58578257,0.393222509083333,0.023864074999999988
4.0,7.120232684005073,2.8419652129743445,0.6571624114855372,0.22609291970826373,138.0,79.4444603718848,41.70719076167082,2.0,1.0,0.0,0.0,1.0,1.0,1161.81,171.92,2851.42,193.68,94.75967975085729,12.2400855,0.784944647166667,0.018480749999999987
4.0,6.265945893911129,2.8904701563016246,0.5334825844281673,0.18400117515705192,402.0,73.96536041893383,38.22835072321501,1.0,0.0,1.0,1.0,1.0,0.0,772.96,165.67,2840.8,201.48,98.49955896544621,11.19690482,0.6229166539999996,0.19099454166666663
3.0,7.165758085305186,3.885012720747965,0.7422878761774396,0.34504295598226026,138.0,74.17400423778068,40.94802968822845,1.0,1.0,0.0,0.0,1.0,0.0,493.4,185.08,2851.4,200.13,55.83256270462501,11.91332028,0.3653638359999997,0.015861999999999987
0.0,7.191931145639447,4.214138657342349,0.6430126088813019,0.3948207848208062,180.0,58.43056574425873,47.198479660969376,1.0,1.0,2.0,2.0,1.0,2.0,373.78,183.02,138.53,411.75,93.55141662469917,11.11602763,0.5391524829047621,0.10497908333333329
3.0,7.206777392809762,4.45190424651826,0.6855970993861354,0.23479724692645396,305.0,97.54128263635857,43.10877508328354,1.0,1.0,1.0,1.0,1.0,2.0,451.52,188.38,2802.74,198.55,91.20396777606821,11.61138623,0.7698550485000004,0.2571534999999997
0.0,7.20384301488347,2.7313397713778094,0.5902651201891634,0.3226516852971908,606.0,78.70015583999125,40.320597709061786,0.0,1.0,2.0,0.0,0.0,1.0,179.28,621.78,2626.14,228.42,91.99652443625489,11.16019251,0.7203507250000004,0.30229455476190487
0.0,7.154414276460364,2.754626375658724,0.6728752779880968,0.33398585878506437,328.0,72.97023056126879,82.2635229710657,2.0,0.0,0.0,0.0,1.0,1.0,4178.6,693.29,70.28,534.16,90.61445986144135,11.55881977,0.5455070049999999,0.016234183333333322
4.0,7.107967289270309,4.003559864802372,0.7113425119214536,0.23807394779451524,1.0,85.30638203742325,82.84933276399838,2.0,1.0,1.0,2.0,1.0,0.0,2498.07,187.41,2882.69,209.97,68.01775296397945,11.09506722,0.07666002799999996,0.14221550000000005
0.0,6.989141490909726,2.405982190872061,0.699128139444812,0.2288357147355152,499.0,76.1753617876005,51.53544923899256,1.0,0.0,0.0,0.0,0.0,2.0,2395.67,515.35,2973.66,264.56,90.33380376967318,11.67045035,0.5458497259999998,0.013291599999999994
4.0,7.123103105274898,3.8604199284880907,0.7476619352829594,0.23856431038708412,89.0,72.655284887023,46.30418291633713,0.0,1.0,1.0,1.0,0.0,2.0,1660.08,193.08,2896.08,198.18,91.237890779248,11.49639324,0.9160381620000001,0.007074499999999999
3.0,7.120802554926876,3.1471298226083326,0.6558510641828927,0.2311971657718624,243.0,75.69295954623892,44.65996935269861,2.0,0.0,0.0,2.0,1.0,0.0,466.64,180.5,2874.06,201.93,93.42687118384737,12.20329313,0.764994392166667,0.019040416666666653
0.0,7.144353760040952,3.004079979896795,0.6458732460898786,0.16293405758302082,253.0,78.02776804027226,48.470859539634986,0.0,0.0,0.0,2.0,0.0,2.0,211.87,723.35,1777.71,414.59,85.17395490233206,11.48085857,0.5265378906666668,0.00905116666666667
0.0,7.146943421224906,2.4151169039448743,0.6603554027267967,0.22552163281945434,330.0,75.11509914476818,47.688416588447446,0.0,0.0,0.0,0.0,1.0,2.0,1427.61,714.67,1495.42,387.52,90.1536061524964,12.13899843,0.5234018603333334,0.011255083333333334
1.0,7.196901212469366,3.8648882706235543,0.5214338947213009,0.16880462209802338,310.0,86.46230071118245,41.783621667126255,2.0,0.0,0.0,1.0,0.0,0.0,363.25,161.1,3018.72,499.71,95.88043749392193,12.15363419,0.7464442286666668,0.052157111111111126
0.0,7.2250007725545915,2.7825385000222944,0.6047652798751545,0.39988941361822467,694.0,68.13540599787584,99.47309266746677,1.0,0.0,2.0,2.0,1.0,2.0,2011.81,315.73,2292.61,482.03,32.705883122551874,11.45020851,0.40264909933333287,0.192419675
0.0,7.319030241001594,3.5499254874575112,0.5076856261257932,0.10059046353764296,181.0,80.4861567277534,60.1217525421069,1.0,0.0,0.0,2.0,0.0,0.0,311.52,155.76,2436.27,221.71,86.11557620065821,12.17626041,0.716652579166667,0.04802402777777779
0.0,7.165975830767065,2.743914864704937,0.6590611197101301,0.21680315550147425,500.0,98.30892095632207,35.2887824628222,1.0,0.0,0.0,0.0,0.0,2.0,2395.67,515.35,2973.66,264.56,95.0649584517279,11.67048699,0.7861654116666671,0.24631884999999978
5.0,7.137971182500194,4.022764668851381,0.7494367847819482,0.3281164776242939,112.0,95.85238659607823,84.74244649672066,2.0,1.0,0.0,2.0,0.0,0.0,2672.0,192.59,2857.59,200.51,57.564605109331396,11.54176717,0.3505504149999997,0.014931166666666662
3.0,7.396818087672731,4.094369164415445,0.7094197085098704,0.23082033701882912,156.0,87.00539272456547,30.7270043895171,1.0,0.0,1.0,1.0,1.0,2.0,400.0,200.0,2890.4,199.96,85.19246192457622,11.13342642,0.8182950615000004,0.10185499999999999
3.0,7.1882945256251105,2.857447046451714,0.6737217872229352,0.34041238526790685,365.0,74.71174820704927,84.92804948889834,0.0,1.0,0.0,2.0,0.0,2.0,421.51,188.29,2868.0,193.51,32.950752949736525,11.73434709,0.3242718214999997,0.014718833333333332
0.0,7.328747678526126,2.315784327688664,0.7045541624731018,0.3687101386340309,312.0,78.17794459743654,82.5659703819136,1.0,0.0,2.0,1.0,1.0,0.0,335.83,165.76,3537.83,710.51,34.37509624375528,12.12664765,0.3681433949999999,0.06919602777777782
0.0,7.49033482108546,4.405885653904293,0.5352382585438223,0.36361472089238306,1.0,47.42458064170776,31.40156576939563,1.0,0.0,2.0,2.0,1.0,2.0,314.92,157.46,2292.61,482.03,95.2487523322407,11.24995631,0.7685378890000003,0.18959125000000007
0.0,7.202705981366366,2.033478003312793,0.660494531393194,0.34593366806200015,545.0,72.60325502944328,95.00073975676969,1.0,0.0,0.0,2.0,0.0,0.0,1808.47,343.5,2436.27,221.71,86.76986724897266,12.28424881,0.7008004173333334,0.12917258611111107
5.0,7.120183755630445,3.8749264141174686,0.6542974486739517,0.33969929241556474,146.0,77.15227461038027,47.08181160609414,0.0,1.0,1.0,0.0,0.0,1.0,2665.08,191.99,2852.19,201.21,37.299958559179444,11.96880433,0.38608431599999965,0.007909500000000003
0.0,5.737756459389321,2.9254368198766745,0.6552294852181794,0.17614660033769963,1.0,76.96296471908472,31.713534429778775,1.0,1.0,1.0,1.0,1.0,1.0,311.69,155.84,2405.18,406.77,97.91846969703079,12.01124283,0.5424170789999998,0.03665002777777779
0.0,6.951984353319103,2.449574323098804,0.6599384189853695,0.26747652992572796,176.0,77.20146072965574,55.069334879103586,0.0,0.0,1.0,2.0,1.0,1.0,1889.35,340.61,631.28,692.81,94.33751191366106,11.43420088,0.3962024663333331,0.008636333333333334
1.0,7.220014883008024,4.266147181938958,0.6781507796654148,0.23829823234014105,311.0,72.04891847592873,45.211335219537396,1.0,0.0,1.0,1.0,1.0,2.0,693.95,190.17,3411.67,750.93,58.430263275581275,11.17901294,0.34152260830555536,0.16006068333333334
0.0,7.145134248371176,2.1923943426908363,0.5883376672663221,0.3235006369600624,558.0,68.74006232939037,37.79333491363088,2.0,0.0,0.0,2.0,1.0,0.0,3138.2,228.91,1217.09,746.95,91.25324825955434,12.25219469,0.5992809756666666,0.1488893972222222
0.0,5.738037981670456,2.79048993602031,0.7036137827685607,0.13179615129973496,294.0,88.65572304371626,49.96390143259663,2.0,0.0,0.0,2.0,1.0,2.0,3313.08,212.76,3635.85,690.65,34.080111040394584,12.37029545,0.3686802933452381,0.018193527777777777
0.0,7.2279377904553055,2.282407243370687,0.5648028861194204,0.3266013787059519,435.0,91.26003632519073,38.33480550441122,0.0,0.0,2.0,1.0,1.0,1.0,1913.61,326.97,825.52,691.49,30.55151139312718,11.44523457,0.30712120690476186,0.03052350000000001
0.0,6.8127685289677204,2.1629086338699923,0.6516567319639816,0.17223588302676796,1.0,80.03126393110902,30.444785281103147,0.0,0.0,0.0,0.0,0.0,2.0,3009.75,615.6,947.86,795.78,91.54807745067511,11.48766383,0.423922971,0.009541966666666667
0.0,6.921262774943056,3.2411328637224965,0.6582719755324061,0.20928289418043178,434.0,69.51268782384781,40.00629500585739,0.0,0.0,0.0,2.0,1.0,1.0,1976.28,407.9,2528.11,229.78,82.15949855188447,12.14157935,0.16861910141666678,0.015324352777777765
0.0,7.040732000553045,2.311196725330522,0.6792099347877671,0.2227309587917048,337.0,89.0982515128783,51.22858775822965,0.0,0.0,0.0,0.0,0.0,2.0,3009.75,615.6,947.86,795.78,82.09254970527219,11.58488282,0.10094294966666667,0.010444266666666669
0.0,7.441223316934231,4.413066683774837,0.7015964168909112,0.3284507044308589,357.0,87.98097421763009,47.53479093725939,0.0,0.0,2.0,0.0,1.0,2.0,1360.47,168.56,1329.62,782.03,88.4951758233614,11.26323948,0.561174374888889,0.22493185000000004
3.0,7.133347762895887,4.470840254849271,0.7059971052025198,0.22098045171267028,376.0,73.2283634730903,75.55702217196455,1.0,1.0,0.0,2.0,1.0,0.0,597.38,193.24,2900.07,199.85,98.67059885126467,11.64391232,0.7616360265000004,0.014233499999999996
3.0,7.132098317629962,3.9308302034147453,0.7373087458613301,0.29366681343332945,223.0,99.7825045896621,41.69154317218152,2.0,1.0,0.0,2.0,0.0,0.0,435.94,179.22,2857.59,200.51,90.18457717662046,11.57500354,0.7899548200000004,0.25933349999999966
3.0,7.092318490719407,3.72333353659856,0.6707781942905038,0.20354150975817092,103.0,73.60282993573902,43.07044163889818,1.0,1.0,0.0,0.0,0.0,0.0,508.06,199.47,2924.19,198.26,95.04996102614068,11.94005141,0.5891886959999997,0.013623666666666662
5.0,7.3227651622642576,3.445763673209442,0.6404401314688397,0.22301265245934415,121.0,73.90967865421209,40.37437574738349,2.0,0.0,0.0,2.0,1.0,0.0,2937.57,196.57,2874.06,201.93,57.83839338928088,12.16710847,0.40595445283333303,0.02048241666666666
0.0,7.4379065199421905,2.3458734532619756,0.653662833966377,0.19060252871609493,241.0,87.31157772731055,33.28701511893686,2.0,0.0,2.0,2.0,1.0,0.0,2250.17,407.14,2381.88,335.87,90.3148686256416,12.26700896,0.7505282983333338,0.049911727777777776
4.0,7.0564440400108905,4.389026496361122,0.7026166144555687,0.3474104884519115,156.0,95.0593123116305,77.66851949902463,0.0,1.0,2.0,2.0,0.0,0.0,2197.95,183.74,2968.74,199.35,93.44067468451351,12.18505657,0.5986056303333328,0.031592949999999995
0.0,6.983092512253489,2.991883258176948,0.6464813372372682,0.3603155560629767,419.0,94.84642164625627,41.76339785225481,1.0,0.0,2.0,0.0,0.0,1.0,897.86,674.11,1003.85,774.62,84.84499988947636,11.48857856,0.4006823056666665,0.02770563333333333
0.0,7.172431343055492,2.606239526226204,0.6071441187742738,0.3839770533679408,642.0,60.20418376940041,95.0907995464116,2.0,1.0,1.0,0.0,1.0,0.0,1467.38,280.01,607.4,734.15,93.93094696684088,11.93622719,0.5020114349047617,0.19164418333333333
0.0,7.499106083537464,2.6020269549508903,0.6551496160663457,0.2348222755807595,1.0,95.4753698057707,42.98861479655537,2.0,0.0,0.0,0.0,0.0,0.0,2016.6,417.93,1559.79,221.11,93.69101892971841,12.16288082,0.5803608060000002,0.02528386666666666
5.0,7.47242279117211,4.3769916518168,0.7011576101788667,0.20724636184660766,167.0,92.53299030664107,34.740160077465895,1.0,0.0,0.0,0.0,0.0,2.0,2607.15,190.86,2866.97,194.21,96.1069732928771,11.57133473,0.8982641620000003,0.019367999999999986
0.0,7.186419093391182,2.988841276839391,0.6444973907352244,0.22984890898407553,363.0,77.5626996094504,46.393043786973045,1.0,0.0,0.0,2.0,0.0,0.0,393.38,167.95,2436.27,221.71,90.31649040372596,12.2293918,0.731162825666667,0.023241694444444433
0.0,7.228131027490202,2.999155228580262,0.6467621111681158,0.22967641820003126,221.0,79.43923337537967,48.919372210332625,0.0,0.0,0.0,2.0,0.0,2.0,345.53,169.44,1596.1,315.44,88.75326656263687,12.19210441,0.5614232743333334,0.010317500000000004
0.0,7.117472705409677,2.3131985155222603,0.6430391767318252,0.2196430365669226,231.0,85.2533492284496,42.273114438982304,1.0,0.0,1.0,0.0,0.0,1.0,337.82,168.86,1972.2,631.59,91.48609546136953,11.1174384,0.4900723559999998,0.10608949999999999
0.0,7.151259317319986,3.8190732346247667,0.6716043089080648,0.3628586965180442,84.0,90.85908344303623,35.81522680408726,1.0,1.0,2.0,1.0,1.0,0.0,365.83,177.38,3108.03,421.63,34.32117714177675,11.78094462,0.3666190759999997,0.01837524999999999
4.0,7.120232684005073,2.8419652129743445,0.6571624114855372,0.22609291970826373,138.0,79.4444603718848,41.70719076167082,2.0,1.0,0.0,0.0,1.0,1.0,1242.55,168.56,2851.42,193.68,94.75967975085729,12.24008656,0.784944647166667,0.018480749999999987
0.0,7.420653939298494,2.692449534219325,0.6544896337166829,0.23738348014330624,144.0,90.11829349944988,36.45183007979202,0.0,0.0,2.0,1.0,1.0,1.0,1913.61,326.97,825.52,691.49,31.115852154944605,11.35856617,0.2345710522380951,0.03242400000000001
5.0,7.180147014110964,3.7437803542936394,0.6615562444639221,0.23264978606395667,167.0,77.96150688987734,37.82456385102165,0.0,1.0,0.0,1.0,0.0,1.0,2925.1,231.67,2924.15,198.27,94.90590500924378,11.98768624,0.9544327960000003,0.0050569999999999955
0.0,7.133164131946306,3.724388357535124,0.6526347167590262,0.2432566630964317,198.0,83.78090447054413,58.27410353132211,0.0,1.0,0.0,1.0,0.0,0.0,2823.94,340.35,190.55,268.99,93.62643247397017,11.93073276,0.565427574904762,0.014599797619047611
0.0,7.199271765479866,3.855873566032862,0.6569253545658461,0.19427344631468293,284.0,72.48580631922222,48.10453245053891,2.0,1.0,1.0,1.0,0.0,2.0,3766.18,776.64,707.5,747.35,54.422883938448976,11.42799875,0.2403019515714285,0.0052565
0.0,5.538374751534636,4.455241661456064,0.6465224394197804,0.39707050600693705,202.0,72.59633642425077,71.06936541342218,0.0,1.0,2.0,0.0,0.0,1.0,179.28,621.78,2626.14,228.42,30.63618250579578,11.1587862,0.06209596699999997,0.13010824999999998
5.0,7.1207875671055545,4.08319422000991,0.687120115621075,0.39858774600246083,181.0,93.74244464178298,46.20553241696389,1.0,0.0,0.0,1.0,1.0,1.0,2964.44,197.78,2878.99,197.35,31.698449010188213,11.46465434,0.3877429984999997,0.012697
0.0,7.041914785489885,4.318169952741487,0.645562008900117,0.35846608958957255,84.0,94.91588293014692,36.79559357408331,1.0,1.0,2.0,1.0,1.0,0.0,363.85,179.88,3108.03,421.63,94.01138449968707,11.7809397,0.5655216229999998,0.02655674999999999
0.0,7.154986447577644,4.484280380105669,0.6944810559716482,0.2071946140673561,1.0,92.62474737567123,46.616208195115604,2.0,1.0,1.0,0.0,0.0,1.0,2775.41,236.2,2190.72,647.18,33.31935825370343,11.13009093,0.3232242516666664,0.13638053333333336
0.0,7.116294935410593,4.450032208959644,0.6819088585431634,0.36411750664341097,170.0,92.37444410726161,85.17966053439643,2.0,1.0,1.0,0.0,0.0,0.0,3035.95,476.62,3222.69,767.67,68.4606764161746,11.84425212,0.12150392266666668,0.01567027777777777
0.0,6.538894377956049,2.104423054363626,0.6524827393921225,0.2154667160116125,323.0,70.19790647000553,42.61094696993359,0.0,0.0,0.0,1.0,1.0,1.0,2233.51,464.92,2434.94,304.36,80.45294716209604,12.29929284,0.1271326269166668,0.014530894444444437
0.0,6.538894377956049,2.104423054363626,0.6524827393921225,0.2154667160116125,324.0,70.19790647000553,42.61094696993359,0.0,0.0,0.0,1.0,1.0,1.0,2233.51,464.92,2434.94,304.36,80.45294716209604,12.29931422,0.1271326269166668,0.014530894444444437
0.0,7.466858519041966,2.275928870718296,0.6423725519099918,0.22074688184614882,192.0,92.71496677873631,36.327690806433104,0.0,0.0,0.0,0.0,0.0,2.0,2974.93,410.44,3634.84,277.1,85.36052751425925,12.24726915,0.7994100653333337,0.014908927777777763
0.0,7.097137867175103,3.835534672528918,0.6804736796410161,0.21346084249274652,193.0,72.69842392553477,36.80643848661159,1.0,1.0,0.0,2.0,1.0,1.0,857.57,184.95,4434.23,442.63,33.60736231402068,11.77975038,0.09056017066666656,0.006717999999999998
5.0,7.201435088861933,3.6817654031031357,0.6575669939698091,0.236299582320614,1.0,93.15685574788876,37.44481339682589,2.0,1.0,1.0,0.0,0.0,2.0,2762.19,194.35,2889.94,193.49,98.48265554617605,12.21115737,0.886723536666667,0.016906249999999987
0.0,7.198428049962541,2.542250363941946,0.6806617212962817,0.32090333036511615,604.0,96.92874820894866,43.68721232652353,1.0,0.0,1.0,1.0,1.0,0.0,104.91,208.84,2206.47,300.61,98.33943102620161,11.25782055,0.7086121156666669,0.2699183726190476
0.0,5.860111283996676,2.6410196388789395,0.6757496758868342,0.36336082449241547,431.0,88.76877872052557,32.60926823098393,0.0,0.0,2.0,1.0,0.0,1.0,3754.34,789.02,176.55,363.53,32.17096004971482,11.15689104,0.14279610150000022,0.21596054166666676
0.0,7.160683955590495,4.4697153444966276,0.7189207059630999,0.2238689783837318,330.0,69.21434833055983,32.74883922979183,2.0,1.0,2.0,2.0,1.0,1.0,801.43,728.17,364.2,741.87,89.03734479761158,11.71599643,0.5168091364285715,0.02175545
2.0,7.468229510638616,2.8598416093269403,0.7078459084433059,0.3629476262188967,167.0,91.04211399130436,48.285151063776816,0.0,1.0,0.0,1.0,0.0,1.0,104.08,278.9,1676.47,169.83,31.40667169154554,11.98768747,0.23075630216666665,0.028256500000000004
0.0,7.160445166785606,2.8482330513440273,0.7087745610288593,0.357997379258953,536.0,70.36151010361638,95.68406541976564,0.0,0.0,2.0,0.0,1.0,2.0,3572.83,278.65,1329.62,782.03,95.3298100012275,11.31748321,0.5624315663333332,0.25078638333333336
0.0,7.216098995146787,2.435232884964209,0.7212830770484405,0.3257100909296389,583.0,59.97692307093629,98.81327405538866,2.0,1.0,1.0,2.0,1.0,0.0,110.69,488.87,519.32,262.95,88.14512496706526,11.10892004,0.528666279,0.2577019392857143
0.0,7.116164307237452,2.999492686132998,0.6808677735746,0.22070052511655303,375.0,77.13015859118767,49.237465436010105,0.0,1.0,0.0,1.0,0.0,0.0,3681.29,733.16,755.82,276.56,91.16181553475533,11.31854472,0.42511000199999976,0.08285028333333334
0.0,7.386696196857124,2.987476873390981,0.5745089280631851,0.17783742820304071,221.0,93.02960854200137,33.07795938399604,1.0,1.0,1.0,1.0,1.0,1.0,300.46,150.23,2405.18,406.77,85.09456608201688,12.0726099,0.741893888666667,0.03712938492063493
5.0,7.138153750593654,3.7882614815144415,0.689275044476644,0.3592540792436793,171.0,92.64392309383629,42.317110299940076,2.0,1.0,0.0,2.0,1.0,1.0,2924.32,196.38,2828.56,193.77,87.47356752050696,11.87519281,0.8987305185000004,0.015454999999999997
0.0,7.227589083864919,3.6097676678777986,0.6583640444098401,0.22065599653681478,465.0,79.03907406548927,42.511198095224195,2.0,0.0,0.0,1.0,0.0,0.0,1803.78,378.72,2999.74,645.48,91.36605005456443,12.20063445,0.7541926323333336,0.02503089444444444
0.0,7.212201825484211,3.01190096075783,0.6555182191683869,0.20041685230587927,355.0,81.71096219915607,46.03558731467119,1.0,1.0,1.0,1.0,1.0,1.0,751.28,209.26,618.66,271.69,84.51808543334099,12.23048952,0.5429675815714284,0.006770223809523811
0.0,7.223917960301035,2.458848325025954,0.5997398945685902,0.21844055434508916,579.0,74.75477873775677,41.214264626543205,0.0,0.0,0.0,0.0,0.0,2.0,2974.93,410.44,3634.84,277.1,95.17037062532373,12.36180787,0.7694921730000002,0.13914966111111104
4.0,7.1200769658784875,3.9235109843736518,0.7030141822650481,0.3205363783998435,1.0,79.13319092182206,50.46251777995745,0.0,1.0,1.0,1.0,0.0,2.0,1916.89,183.23,2790.44,200.64,52.56012761518468,11.47056211,0.30692645999999973,0.009339000000000002
0.0,7.149985932098672,2.37019568242348,0.632739264384063,0.21905159583919184,399.0,96.79450957223202,41.74311092980827,0.0,0.0,0.0,1.0,1.0,1.0,3059.04,338.15,2547.95,572.69,85.87237197344137,11.11727229,0.7772817066666668,0.2693494666666665
0.0,7.212201825484211,3.01190096075783,0.6555182191683869,0.20041685230587927,355.0,81.71096219915607,46.03558731467119,1.0,1.0,1.0,1.0,1.0,1.0,751.28,209.26,618.66,271.69,84.51808543334099,12.23048952,0.5429675815714284,0.006770223809523811
3.0,7.102711540935179,2.920216334370998,0.704977929142383,0.2039224847026603,177.0,72.87505272372528,35.332530379766474,0.0,1.0,1.0,1.0,0.0,2.0,156.52,242.37,2896.08,198.18,48.65791261302744,11.52249568,0.09971535,0.005980150000000002
0.0,7.08443422042117,3.736157237567775,0.5413341449439928,0.15405239333330364,100.0,83.97351554937937,54.02597247744292,0.0,0.0,1.0,1.0,0.0,0.0,377.77,164.14,4200.11,792.34,68.97396129777783,11.63124338,0.1357986628333334,0.04385150000000002
0.0,7.421700664430092,4.439690365537368,0.6946517067601525,0.3560617245572874,287.0,92.61832868930166,35.97705960980383,0.0,0.0,2.0,1.0,0.0,1.0,2033.75,173.97,176.55,363.53,90.59088976464525,11.11291743,0.5921654470000002,0.18977693333333337
0.0,7.182386803558737,4.322462721820491,0.5604224185062667,0.3218991875924606,105.0,79.86827122825329,74.94221261974415,1.0,0.0,2.0,1.0,1.0,0.0,272.48,136.23,2652.23,681.42,83.15692768495619,11.35924282,0.3394478825555553,0.056593500000000026
0.0,7.3696072915868465,3.231724248664704,0.6591703490748713,0.22835567826655967,289.0,97.65641888153442,32.667855825622006,0.0,0.0,0.0,2.0,1.0,1.0,1976.28,407.9,2528.11,229.78,90.96061413777377,12.09756576,0.7244016753333338,0.24371306666666648
4.0,7.286625923865318,2.0097497466295553,0.7803293239942911,0.2082382693343909,1.0,80.31832514742554,51.10399712551552,0.0,0.0,0.0,2.0,0.0,2.0,1253.73,400.55,2877.66,195.43,94.49080744261906,11.40496291,0.7563920170000002,0.01967366666666665
1.0,7.183945517108266,4.389753018867904,0.7021949708768332,0.19615650969975482,317.0,72.3080331536564,34.732504247327356,1.0,1.0,0.0,0.0,1.0,2.0,647.35,191.87,3922.45,696.76,64.98197290132897,11.25152727,0.3383073896388886,0.15537275000000003
0.0,7.201956851948814,4.320422268704093,0.6583057760788378,0.15876425878060768,419.0,94.05356224494068,37.118561662308224,2.0,1.0,1.0,0.0,0.0,1.0,2775.41,236.2,2190.72,647.18,48.1556139491489,11.16707318,0.3586794966666664,0.19420528333333337
0.0,7.212201825484211,3.01190096075783,0.6555182191683869,0.20041685230587927,355.0,81.71096219915607,46.03558731467119,1.0,1.0,1.0,1.0,1.0,1.0,751.28,209.26,618.66,271.69,84.51808543334099,12.23048952,0.5429675815714284,0.006770223809523811
4.0,7.191362285643555,2.920257768185415,0.7094814830176344,0.3648365745962812,458.0,73.03136140478864,81.03094426745768,0.0,1.0,2.0,1.0,1.0,0.0,313.23,326.62,2871.27,197.78,91.29401186685861,11.27493409,0.7945092190000002,0.17142471428571426
3.0,7.484569131978676,4.436954861255226,0.676481459471078,0.23174301385515858,1.0,80.90586854097114,44.1747146791806,1.0,0.0,1.0,1.0,1.0,2.0,462.51,182.17,2874.59,199.5,92.33808590668811,11.10224885,0.7986703520000005,0.10185233333333336
0.0,7.167904747641973,4.297251748518525,0.6579037604991139,0.15232110544379407,351.0,76.83446010832647,49.41863000324672,2.0,1.0,0.0,1.0,1.0,0.0,2970.74,312.58,403.78,753.84,95.75691907647544,11.10490137,0.5779866587936509,0.1747168666666667
3.0,7.202542822345663,4.223263532615319,0.6510202877561972,0.22616029711047306,115.0,86.29864271515288,45.641732683674086,2.0,1.0,1.0,2.0,1.0,0.0,676.97,190.41,2882.69,209.97,89.39918529564072,11.12849979,0.7979641550000004,0.10235283333333331
0.0,7.158617931565417,2.450459270868695,0.5373609817005369,0.3877442135788694,540.0,97.03534614749036,34.9439701560951,1.0,1.0,2.0,2.0,1.0,2.0,3115.69,584.43,138.53,411.75,90.09161160407984,11.22282963,0.5599069355714286,0.35021267261904754
0.0,7.188198712429346,3.894178806545582,0.6490361857190882,0.36065765198651845,257.0,80.03464425026768,38.113965793482926,1.0,1.0,2.0,0.0,1.0,0.0,387.72,259.61,2926.68,408.94,32.679449560106285,12.39720755,0.4876524306785712,0.0184610611111111
0.0,7.024712780200352,2.802781159707603,0.6609071817866934,0.37015474274504445,361.0,70.50347362377089,40.086315244933,2.0,0.0,2.0,2.0,1.0,0.0,2250.17,407.14,2381.88,335.87,91.30064739262598,12.30372892,0.5279149954166666,0.046312625
3.0,7.154348165550039,3.049690050622447,0.7082724181592942,0.3951518974341447,143.0,71.04693915335164,40.91134066813318,1.0,1.0,2.0,2.0,0.0,0.0,489.61,175.89,2886.28,195.34,30.639037902351127,11.8433051,0.37187590799999964,0.019163249999999986
0.0,7.163236173068104,4.11825488288513,0.652543116110285,0.36838162525174284,340.0,75.3665853365501,75.78046530509718,2.0,1.0,1.0,0.0,0.0,0.0,3035.95,476.62,3222.69,767.67,61.26332403190763,11.89449703,0.3504384843333331,0.015903227777777768
5.0,7.332343451797155,2.4460369259133983,0.7159330326957534,0.2188961934566735,231.0,73.82786349696309,51.51819779617669,2.0,0.0,1.0,1.0,1.0,2.0,2713.85,193.87,2911.47,195.6,54.018259102926976,11.87323844,0.32913974349999975,0.013766999999999995
0.0,7.172431343055492,2.606239526226204,0.6071441187742738,0.3839770533679408,642.0,60.20418376940041,95.0907995464116,2.0,1.0,1.0,0.0,1.0,0.0,1467.38,280.01,607.4,734.15,93.93094696684088,11.93622719,0.5020114349047617,0.19164418333333333
0.0,5.98157633358453,4.187328283356343,0.6423994181456893,0.36868234279459855,488.0,72.97642758514472,36.923166160076164,2.0,0.0,1.0,1.0,0.0,1.0,210.64,762.82,1730.07,368.56,81.13612475533924,12.26656823,0.24274574678571423,0.01178185833333333
3.0,7.208120566908697,4.355931282888439,0.6591127523143272,0.22433519157011012,134.0,94.45713657218393,37.313571348145956,1.0,1.0,0.0,2.0,1.0,2.0,443.39,183.36,2889.94,193.5,93.51336050108286,11.22039518,0.7991785265000004,0.12573466666666666
0.0,7.229783338669894,2.047806631638434,0.5941329186159895,0.30324454173692894,693.0,64.44672669092597,93.98127369539884,2.0,0.0,1.0,1.0,1.0,2.0,2435.56,591.61,1462.01,536.68,97.84670940761518,12.00947781,0.5302703809999999,0.15947328333333327
0.0,7.121130080360531,3.673403687882431,0.6537002864038126,0.22575835432098845,440.0,76.39894422790756,42.806515993991546,0.0,1.0,1.0,0.0,0.0,1.0,2744.96,374.82,2688.23,307.8,91.02440077436117,12.0566229,0.7508533446666671,0.007803284920634922
0.0,7.414908182052578,3.0948023867230745,0.5795769589363283,0.15583006590289528,215.0,82.95151631488677,41.65194066034948,0.0,0.0,0.0,1.0,1.0,1.0,359.71,164.64,2434.94,304.36,91.3092595947134,12.26623598,0.737168316666667,0.038579027777777795
4.0,7.40445307551531,3.952429289621605,0.6868392293479326,0.11224280710014967,1.0,76.47332857775046,40.18537423448761,2.0,0.0,0.0,0.0,1.0,1.0,1579.49,164.77,2865.33,197.52,90.48486949005891,11.46147624,0.8860889720000003,0.030637500000000015
4.0,7.238240017664705,2.854464324464327,0.6620985009872946,0.18935144562163184,1.0,74.1215280417085,46.12897695696113,2.0,0.0,0.0,0.0,1.0,1.0,1246.61,167.61,2853.8,196.58,57.694679690585936,11.46147317,0.3295110349999997,0.020453999999999986
3.0,7.1485044092941274,2.987822761058754,0.6836003900612738,0.225799731897863,461.0,95.24213264444387,48.28975971352328,1.0,0.0,0.0,0.0,0.0,0.0,422.56,172.27,2921.78,199.89,94.86343473213724,11.39383945,0.7992622160000004,0.022581833333333322
0.0,7.499184935977289,4.494274940448663,0.6854662176871749,0.3924526847827642,336.0,85.39512771194035,46.78577789050092,0.0,0.0,2.0,0.0,1.0,1.0,1972.4,260.47,1597.98,306.47,35.98339619514064,11.40078403,0.25434171583333315,0.026553600000000017
0.0,5.860111283996676,2.6410196388789395,0.6757496758868342,0.36336082449241547,432.0,88.76877872052557,32.60926823098393,0.0,0.0,2.0,1.0,0.0,1.0,3754.34,789.02,176.55,363.53,32.17096004971482,11.15692158,0.14279610150000022,0.21596054166666676
5.0,7.227639886514572,3.8679916057050363,0.7392267625576762,0.3674906186999188,138.0,76.6027800367482,47.77291267555873,1.0,1.0,0.0,0.0,1.0,0.0,2523.94,188.48,2839.4,200.1,57.78225477217822,11.91334252,0.4033646679999997,0.016318749999999993
3.0,7.236274877279238,2.895429040839677,0.705404852105128,0.32440900932176325,85.0,57.855796723025364,47.816739295997124,0.0,0.0,0.0,2.0,0.0,2.0,278.08,184.17,2877.66,195.43,90.33181154761768,11.43021602,0.7799084470000004,0.015386500000000001
0.0,7.438633847395626,2.3413895727857095,0.6536300718326382,0.10791347748746608,199.0,86.4765109080139,46.60948529848868,0.0,0.0,0.0,1.0,1.0,1.0,3059.04,338.15,2547.95,572.69,96.05376972239326,11.11418245,0.8077509076666671,0.13877620000000002
0.0,7.078236226014283,2.7877731814498508,0.6552003427619228,0.17222467773820155,351.0,94.57568758145642,46.57530999370004,0.0,0.0,1.0,2.0,1.0,1.0,1889.35,340.61,631.28,692.81,96.44610257469792,11.48501085,0.4258183209999997,0.010081875
2.0,7.183168533010354,4.250013160176145,0.6677360464158967,0.22492116456153535,125.0,45.04794023482187,38.975287044488134,0.0,1.0,0.0,1.0,0.0,0.0,411.34,199.61,2861.15,194.03,85.39648152160198,11.24324212,0.7654278891666673,0.13722349999999997
3.0,7.187927542541197,3.179445030898932,0.5417529054197618,0.1833586626357174,1.0,73.60096061039542,44.08982113462079,1.0,0.0,0.0,0.0,0.0,2.0,398.01,159.95,2848.97,194.29,91.97665990893547,11.52431184,0.7690736300000005,0.03862350000000001
0.0,7.146092576544994,2.801184571631312,0.5981422386075127,0.3560151023783911,526.0,70.73262432531926,94.98414734923765,0.0,0.0,1.0,2.0,1.0,1.0,1889.35,340.61,631.28,692.81,64.83142783232411,11.53805287,0.34161617023809504,0.14459212499999993
0.0,6.933384326713749,2.9676827926402622,0.7402799504798034,0.363213851419628,167.0,92.0899290784277,31.936168465608517,1.0,1.0,2.0,1.0,1.0,0.0,1153.18,179.67,3108.03,421.63,93.06487664372756,11.80522533,0.5651984129999997,0.03187474999999999
3.0,7.420184200288896,2.861320263974886,0.7014841198849386,0.3605204590369778,401.0,93.60925976248889,34.77633494304186,1.0,0.0,2.0,2.0,1.0,1.0,400.0,200.0,2878.52,194.36,32.52004617050449,12.11335617,0.37010530891666654,0.02690216666666666
1.0,7.411850322222931,3.9673027677592287,0.6444826429567972,0.3863411942153863,145.0,74.12986227818269,43.92863175785057,1.0,0.0,2.0,1.0,1.0,0.0,527.93,195.84,3419.8,756.67,87.3711440552635,12.01883034,0.7816419635555559,0.031822527777777776
3.0,7.38197991464429,2.847160985696932,0.6845225840398147,0.1648868733344326,201.0,80.1852369873151,78.50141362207583,1.0,0.0,2.0,2.0,1.0,1.0,386.67,164.94,2878.52,194.36,91.02817192747668,12.05502496,0.7225488260000003,0.05456750000000001
0.0,7.182386803558737,4.322462721820491,0.5604224185062667,0.3218991875924606,105.0,79.86827122825329,74.94221261974415,1.0,0.0,2.0,1.0,1.0,0.0,272.51,136.17,2652.23,681.42,83.15692768495619,11.35922609,0.3394478825555553,0.056593500000000026
0.0,7.213763082506499,4.078290571449121,0.6553388203904154,0.22991897665030828,109.0,58.570432539065095,37.450210702298996,0.0,0.0,0.0,0.0,1.0,2.0,362.71,182.8,1495.42,387.52,93.6218301903187,12.07265469,0.5569614233333335,0.014837749999999993
0.0,7.156982743512741,2.133527732949153,0.674137925533769,0.3197568768945345,636.0,67.15445821755878,95.13921397316305,2.0,1.0,0.0,0.0,1.0,1.0,107.37,392.88,2588.26,228.29,93.60326502252188,11.60908687,0.7357953530000003,0.16674756666666662
0.0,6.51758892725083,2.4305220940359447,0.6355583201567541,0.1816535955766901,219.0,76.32456457428617,48.346084161765745,2.0,0.0,0.0,0.0,1.0,1.0,2877.59,168.07,70.28,534.16,97.22475931133259,11.52576348,0.4378448859999998,0.002609
0.0,7.216098995146787,2.435232884964209,0.7212830770484405,0.3257100909296389,583.0,59.97692307093629,98.81327405538866,2.0,1.0,1.0,2.0,1.0,0.0,110.69,488.87,519.32,262.95,88.14512496706526,11.10892004,0.528666279,0.2577019392857143
3.0,6.057265532200284,2.995064023809663,0.646948610551784,0.21626370522290653,402.0,75.18546648735672,44.63889887042701,1.0,0.0,1.0,1.0,1.0,0.0,394.36,169.53,2869.81,195.09,87.60194384031635,11.19688161,0.5810798489999996,0.1743170416666667
0.0,7.158617931565417,2.450459270868695,0.5373609817005369,0.3877442135788694,540.0,97.03534614749036,34.9439701560951,1.0,1.0,2.0,2.0,1.0,2.0,3115.69,584.43,138.53,411.75,90.09161160407984,11.22282963,0.5599069355714286,0.35021267261904754
0.0,7.167904747641973,4.297251748518525,0.6579037604991139,0.15232110544379407,350.0,76.83446010832647,49.41863000324672,2.0,1.0,0.0,1.0,1.0,0.0,2970.74,312.58,403.78,753.84,95.75691907647544,11.10487694,0.5779866587936509,0.1747168666666667
0.0,7.100843694804721,2.891870736583324,0.5651151637978079,0.1820933747540721,107.0,76.60397963203265,42.35568920607806,0.0,0.0,0.0,1.0,1.0,1.0,359.71,164.64,2434.94,304.36,84.74122765358972,12.23420016,0.5197636558333332,0.03825827777777779
3.0,7.1955171423125925,2.9743376349465103,0.7056852474272188,0.3458514692813909,1.0,91.87528390975515,42.66146849841304,1.0,1.0,2.0,0.0,0.0,1.0,297.59,133.19,2876.81,194.16,32.79080353557841,11.36612177,0.35704758149999977,0.04935325000000001
0.0,7.202545979183091,3.234116564626297,0.6672575533346496,0.3648485366655523,265.0,73.49652208366057,57.86106153910082,0.0,1.0,1.0,1.0,0.0,2.0,58.26,254.49,1961.04,223.67,60.693277585811686,11.54945028,0.29895598599999973,0.014191783333333326
0.0,6.995809698380646,3.198537489850832,0.6576716313829571,0.2231273207743103,289.0,69.68579010476137,37.352984281444606,1.0,1.0,0.0,2.0,1.0,1.0,3015.77,759.21,4434.23,442.63,86.28548729332127,11.80914934,0.554209713333333,0.005929333333333332
0.0,7.229783338669894,2.047806631638434,0.5941329186159895,0.30324454173692894,694.0,64.44672669092597,93.98127369539884,2.0,0.0,1.0,1.0,1.0,2.0,2435.56,591.61,1462.01,536.68,97.84670940761518,12.00952667,0.5302703809999999,0.15947328333333327
5.0,7.163114574072631,3.6385699878891757,0.648670324582011,0.20530984687812218,168.0,72.5850540354777,36.06795796639864,2.0,1.0,1.0,0.0,0.0,2.0,2762.19,194.35,2889.94,193.49,56.000154744303366,12.25874085,0.38108772983333294,0.014514249999999996
0.0,7.115141771604404,2.5729676820216474,0.6450535132929959,0.22973776238142124,380.0,90.4644857302293,50.35028615986446,0.0,0.0,1.0,2.0,0.0,0.0,2184.49,263.17,70.15,332.47,36.71881689547897,11.47632012,0.13799559050000018,0.020165708333333324
0.0,5.707975789811555,2.788127798295254,0.722937039534286,0.22043149780498877,485.0,80.0618877661062,40.90550160605601,0.0,0.0,1.0,2.0,0.0,2.0,2243.24,545.97,2157.96,672.09,94.00439492475319,12.12247868,0.5033318768333335,0.01192051666666666
0.0,7.153190802549934,4.3577250922106066,0.6452776365716958,0.37146170362905706,499.0,94.78799201334895,36.76746576216966,0.0,1.0,1.0,0.0,1.0,1.0,4261.88,758.2,3785.3,270.22,30.77213907047609,11.16930542,0.34321199216666626,0.19429033095238096
1.0,7.2595659066219085,2.999905968051683,0.6592215113177152,0.20486748793140305,251.0,55.98644401271148,31.21825820996763,2.0,1.0,1.0,2.0,0.0,1.0,402.49,174.57,2432.66,613.06,95.56579483925474,12.33875025,0.746821828666667,0.01742880158730158
5.0,7.304507168875237,4.379342983149479,0.7061875053423172,0.36210243190200697,201.0,91.26152541297007,42.24405577482232,1.0,0.0,2.0,2.0,1.0,1.0,2924.57,195.02,2878.52,194.36,33.00050322248771,12.05502026,0.37308353499999974,0.02716750000000001
0.0,7.159452596419646,2.879561697753255,0.6554245765203555,0.22290415974917566,476.0,88.51030123445014,32.76214776924448,1.0,1.0,0.0,0.0,1.0,2.0,2044.89,611.18,4048.1,687.35,65.33922215073258,11.29916405,0.36134755416666636,0.17470496428571425
0.0,7.4379065199421905,2.3458734532619756,0.653662833966377,0.19060252871609493,241.0,87.31157772731055,33.28701511893686,2.0,0.0,2.0,2.0,1.0,0.0,2250.17,407.14,2381.88,335.87,90.3148686256416,12.26700875,0.7505282983333338,0.049911727777777776
0.0,7.081362074301302,3.0555107125312597,0.6459114334711832,0.23889365974549223,309.0,93.51830205048084,79.56159190636043,1.0,1.0,0.0,0.0,0.0,0.0,4347.14,534.45,352.97,220.62,94.52483501832872,12.0021403,0.39636396016666653,0.01772119999999999
0.0,7.082745067929697,3.76371824963118,0.7056049203401786,0.2301536803618799,196.0,92.35798709864335,36.3324539441837,2.0,0.0,0.0,2.0,1.0,2.0,813.97,186.0,3635.85,690.65,97.66717417617963,12.34027502,0.5473319454999998,0.012409027777777769
0.0,7.167241319627632,2.8597988710169515,0.699187918113064,0.36235589326696677,427.0,92.75850874550054,52.042312593817385,1.0,1.0,2.0,2.0,0.0,0.0,1867.55,234.08,2356.35,560.55,36.461653483183916,11.92814216,0.3605482534999998,0.02986702777777778
0.0,7.2279377904553055,2.282407243370687,0.5648028861194204,0.3266013787059519,434.0,91.26003632519073,38.33480550441122,0.0,0.0,2.0,1.0,1.0,1.0,1913.61,326.97,825.52,691.49,30.55151139312718,11.44520403,0.30712120690476186,0.03052350000000001
0.0,7.289122374430048,4.279695123174104,0.6537988104611706,0.38998489233596795,519.0,81.90791141514536,61.56636158902822,1.0,1.0,0.0,2.0,0.0,1.0,3669.82,251.12,3541.71,676.44,90.60084935435894,11.68941426,0.7960923190000004,0.011053407142857144
0.0,7.417361849689981,2.9171482510299303,0.7289292826834363,0.22018760577638655,360.0,89.70764245496449,38.47462704148742,2.0,0.0,0.0,2.0,0.0,0.0,4060.6,216.13,2338.88,323.46,30.939436238890593,11.58578257,0.393222509083333,0.023864074999999988
0.0,7.121706231385116,4.281405362930008,0.6516725049227327,0.23059668008964268,166.0,77.51433117524654,32.03077437473345,0.0,1.0,1.0,0.0,1.0,1.0,402.89,183.86,3785.3,270.22,59.07361861096809,11.09324407,0.3310769249999998,0.0969805833333333
0.0,7.495099416588535,2.658573484233651,0.7042528551080194,0.21363671478829577,145.0,78.78375515153897,41.17074077259028,0.0,0.0,0.0,2.0,1.0,1.0,1976.28,407.9,2528.11,229.78,36.13773431197312,12.0555069,0.33007104466666637,0.014045394444444432
0.0,7.042857581996531,3.159791700503923,0.6419450043306432,0.3728575871718141,112.0,92.97648863085142,74.59630778866179,0.0,0.0,2.0,0.0,1.0,1.0,339.56,166.71,1597.98,306.47,98.77859826996745,11.33327319,0.3730273399999999,0.021920749999999996
0.0,7.2279377904553055,2.282407243370687,0.5648028861194204,0.3266013787059519,434.0,91.26003632519073,38.33480550441122,0.0,0.0,2.0,1.0,1.0,1.0,1913.61,326.97,825.52,691.49,30.55151139312718,11.44520403,0.30712120690476186,0.03052350000000001
0.0,6.043709013225837,4.013722602492559,0.539522460359886,0.232597393503521,263.0,78.09049940438172,47.440948566423934,0.0,1.0,0.0,2.0,1.0,1.0,1730.56,164.41,3282.57,257.79,96.11553477963432,11.46770676,0.5745589721666664,0.03836708333333336
0.0,7.028285594626708,2.0858797832185454,0.6602480243775672,0.13983380912060997,451.0,96.08556332700132,42.73849997811276,1.0,1.0,1.0,2.0,0.0,1.0,526.6,250.38,305.31,750.11,91.1630798613199,11.21870049,0.40102009499999985,0.15359371428571428
0.0,7.1725738978107545,2.1351048216884276,0.6091621427153414,0.3276889419326323,616.0,43.63625796911972,47.05562870867412,2.0,0.0,1.0,1.0,0.0,2.0,1225.98,208.77,1403.17,341.99,93.58572213455085,11.44531527,0.5486647720000001,0.16873894999999994
3.0,7.21256812657713,4.328474655604974,0.7270062482320272,0.20236371654424617,134.0,80.42642929800562,42.475681525991725,1.0,1.0,0.0,2.0,1.0,2.0,484.15,186.27,2889.94,193.5,89.35260638401684,11.22038642,0.7991785265000004,0.12618766666666664
0.0,5.832048419603304,2.0422069018094016,0.6580568509841654,0.23240346612856067,265.0,77.47820211409775,41.5747937981853,2.0,1.0,1.0,0.0,1.0,2.0,394.74,767.75,1983.4,299.33,94.90912470491875,11.83250579,0.4449042593333331,0.0005323333333333333
0.0,5.833502641222619,4.331408815064829,0.6600127624047281,0.22680186960275647,405.0,75.79189736488586,39.488233108940676,1.0,1.0,0.0,2.0,1.0,2.0,3694.11,789.08,1500.49,362.55,97.30183105413155,11.301075,0.4288763717619046,0.16640036666666666
0.0,7.197708362960296,2.3741100230938113,0.603439291262427,0.3168211536030407,589.0,99.46759824097867,98.82987032436958,0.0,0.0,1.0,0.0,0.0,2.0,3689.38,746.45,1523.76,782.97,98.35119829549726,11.21019451,0.5589259761666667,0.2862785476190476
0.0,7.075435234053102,3.927927195496775,0.7358348144744119,0.2219348776419332,506.0,73.62575603902438,43.256122765277716,1.0,1.0,1.0,1.0,0.0,1.0,3013.23,370.06,4338.47,298.47,68.55515576616396,11.57682179,0.15403030683333355,0.008669973809523812
0.0,7.271674772784815,3.736337571369332,0.6593063652691099,0.21321229226957653,246.0,77.97647435640293,45.59623923884578,2.0,0.0,0.0,1.0,1.0,0.0,267.3,157.62,4377.75,457.08,95.13258753404403,11.79969421,0.8039187190000002,0.05148141666666667
4.0,7.19094822840133,4.046503912440962,0.7146602625431617,0.35941118784182347,85.0,93.10509980908506,43.79874600754114,1.0,1.0,2.0,0.0,1.0,0.0,752.38,229.39,2836.39,202.31,31.82238254122213,12.34536229,0.37053677516666644,0.023807950000000005
0.0,7.220023904323602,3.892111396606761,0.6608633233217486,0.20757325297559606,230.0,77.13294918242747,84.62344643327447,2.0,0.0,1.0,1.0,0.0,0.0,326.49,173.8,2587.67,305.43,91.41983057844863,11.61347477,0.7454650790000005,0.021350749999999984
3.0,7.216666497294791,3.946236765310661,0.7049465923374627,0.23344707728897668,376.0,72.23231649287384,80.20982547035663,1.0,1.0,0.0,2.0,1.0,0.0,476.17,185.49,2951.08,199.94,94.10292322233869,11.64393331,0.7616360265000004,0.014924499999999993
0.0,7.191032929517249,2.035310206881424,0.5264153666167767,0.34089172262630507,660.0,98.08881346199543,96.75835499245309,0.0,0.0,2.0,1.0,1.0,1.0,4329.73,386.37,1449.88,242.42,34.191580369916416,11.19472359,0.3519100073333331,0.30192635595238093
0.0,7.202705981366366,2.033478003312793,0.660494531393194,0.34593366806200015,546.0,72.60325502944328,95.00073975676969,1.0,0.0,0.0,2.0,0.0,0.0,1808.47,343.5,2436.27,221.71,86.76986724897266,12.28428851,0.7008004173333334,0.12917258611111107
0.0,6.075682476162429,3.659734470693576,0.6633735791797106,0.21880723885266798,123.0,70.1103774424619,81.2855187667651,2.0,0.0,0.0,1.0,1.0,0.0,267.3,157.62,4377.75,457.08,83.93908289856171,11.76289693,0.12173247016666677,0.05004549999999999
0.0,7.495099416588535,2.658573484233651,0.7042528551080194,0.21363671478829577,145.0,78.78375515153897,41.17074077259028,0.0,0.0,0.0,2.0,1.0,1.0,1976.28,407.9,2528.11,229.78,36.13773431197312,12.05550181,0.33007104466666637,0.014045394444444432
0.0,7.177871840911973,2.6580826544027376,0.6403316895204415,0.3268020284855989,186.0,79.20547490722147,40.98536031359119,2.0,0.0,0.0,2.0,1.0,0.0,3138.2,228.91,1217.09,746.95,86.953219463631,12.14184336,0.6107537260000001,0.02180880555555555
0.0,7.124206202926269,2.6373451598431172,0.5432966876706435,0.3236237686570875,440.0,63.51528407629665,40.73244470210485,0.0,0.0,2.0,1.0,1.0,1.0,2701.9,163.62,1449.88,242.42,92.28771593783895,11.12844566,0.594238061,0.2385122000000001
4.0,7.453033537981539,3.135409806643133,0.5403144244986651,0.18144763214634047,333.0,78.33720102882486,45.66149030352861,1.0,0.0,0.0,0.0,0.0,2.0,1498.45,126.34,2848.97,194.29,98.91196891285391,11.62042621,0.8056780695000004,0.043689500000000006
0.0,7.191680515964879,2.8483437807799135,0.5543051220105023,0.3428734631052914,571.0,94.76097076157342,98.59918495592696,1.0,1.0,2.0,0.0,0.0,1.0,4231.44,255.66,1354.43,361.91,96.76209689442226,11.53255844,0.5783098613333333,0.18215093333333332
5.0,7.3227651622642576,3.445763673209442,0.6404401314688397,0.22301265245934415,121.0,73.90967865421209,40.37437574738349,2.0,0.0,0.0,2.0,1.0,0.0,2950.52,196.89,2874.06,201.93,57.83839338928088,12.16710585,0.40595445283333303,0.02048241666666666
0.0,7.07285589951745,4.358370662311586,0.6760749236519675,0.21342999883564345,344.0,95.88304315277739,46.76819101338061,2.0,1.0,1.0,2.0,1.0,0.0,3992.77,789.41,1400.13,767.97,87.42203269539331,11.19722639,0.4345835970952379,0.20104611666666672
0.0,6.93604207982678,2.34274842766725,0.6454462029405392,0.22093178650963535,1.0,79.57004113734813,41.58593448523271,0.0,0.0,0.0,2.0,1.0,1.0,1976.28,407.9,2528.11,229.78,37.53261556471716,12.01411345,0.08503178416666657,0.016902344444444432
4.0,7.355231065450035,4.204376101232444,0.7102152812979717,0.23801623320939433,342.0,58.56191867508567,38.496499326544026,2.0,1.0,0.0,2.0,1.0,1.0,992.71,180.36,2828.56,193.77,98.2970176569773,11.92544315,0.7971698540000004,0.02565066666666665
0.0,7.160445166785606,2.8482330513440273,0.7087745610288593,0.357997379258953,536.0,70.36151010361638,95.68406541976564,0.0,0.0,2.0,0.0,1.0,2.0,3572.83,278.65,1329.62,782.03,95.3298100012275,11.31748321,0.5624315663333332,0.25078638333333336
0.0,7.223610831624123,3.161587583345541,0.6576892414256552,0.2239951850905623,369.0,79.58300044870283,39.96617123960778,2.0,0.0,0.0,1.0,1.0,0.0,852.89,736.36,4377.75,457.08,94.89787731270162,11.83699728,0.7378904990000005,0.021135394444444438
0.0,7.105096532802523,3.0580182166141445,0.6460011088453872,0.10328708248918908,334.0,72.9115644242764,80.9891722929095,2.0,1.0,0.0,2.0,0.0,0.0,1451.39,625.46,1632.24,272.26,60.03618122828378,11.60867361,0.07639399199999994,0.013427916666666666
0.0,5.832048419603304,2.0422069018094016,0.6580568509841654,0.23240346612856067,265.0,77.47820211409775,41.5747937981853,2.0,1.0,1.0,0.0,1.0,2.0,394.74,767.75,1983.4,299.33,94.90912470491875,11.83249701,0.4449042593333331,0.0005323333333333333
0.0,7.159452596419646,2.879561697753255,0.6554245765203555,0.22290415974917566,475.0,88.51030123445014,32.76214776924448,1.0,1.0,0.0,0.0,1.0,2.0,2044.89,611.18,4048.1,687.35,65.33922215073258,11.29913046,0.36134755416666636,0.17470496428571425
3.0,7.419990984077129,4.301565897636556,0.704252270563344,0.36133930126655106,401.0,93.76609335657533,83.22159613152607,1.0,0.0,2.0,2.0,1.0,1.0,386.67,164.94,2878.52,194.36,92.45722651874111,12.11336319,0.6882099901666667,0.057238500000000025
1.0,7.215510695940919,3.057025753828387,0.6594610489163344,0.2286612418632474,276.0,77.0140928957897,47.16682402761589,2.0,1.0,0.0,0.0,1.0,1.0,595.02,193.39,1708.7,241.22,95.21642415585242,12.28037109,0.5694503873333333,0.011115557142857143
0.0,7.458216305558225,2.425946764733041,0.6502323141418158,0.3606082225185767,180.0,89.0897902958585,78.2547786794251,1.0,1.0,2.0,2.0,1.0,2.0,358.94,176.6,138.53,411.75,31.81320670612147,11.1160083,0.19856483357142848,0.09344625
0.0,7.130718272517041,3.912146679727513,0.575453050164852,0.10310233932196955,461.0,84.33389243250346,51.078417287359514,1.0,0.0,0.0,0.0,0.0,0.0,326.74,162.59,3028.9,755.84,97.15747394256528,11.39382917,0.7730171043333336,0.05351450000000003
0.0,7.146943421224906,2.4151169039448743,0.6603554027267967,0.22552163281945434,329.0,75.11509914476818,47.688416588447446,0.0,0.0,0.0,0.0,1.0,2.0,1427.61,714.67,1495.42,387.52,90.1536061524964,12.138974,0.5234018603333334,0.011255083333333334
2.0,7.210687490475268,2.976536711881779,0.6894538539903449,0.21685211327331083,183.0,94.02477663198924,44.30755441542783,2.0,1.0,0.0,2.0,1.0,0.0,379.75,173.27,2161.19,183.99,94.7204252206945,11.5265558,0.7166091506666672,0.026047500000000005
5.0,7.201435088861933,3.6817654031031357,0.6575669939698091,0.236299582320614,1.0,93.15685574788876,37.44481339682589,2.0,1.0,1.0,0.0,0.0,2.0,2822.18,195.74,2889.94,193.49,98.48265554617605,12.21114747,0.897234186666667,0.016906249999999987
0.0,7.158617931565417,2.450459270868695,0.5373609817005369,0.3877442135788694,540.0,97.03534614749036,34.9439701560951,1.0,1.0,2.0,2.0,1.0,2.0,3115.69,584.43,138.53,411.75,90.09161160407984,11.22282963,0.5599069355714286,0.35021267261904754
0.0,7.144353760040952,3.004079979896795,0.6458732460898786,0.16293405758302082,254.0,78.02776804027226,48.470859539634986,0.0,0.0,0.0,2.0,0.0,2.0,211.87,723.35,1777.71,414.59,85.17395490233206,11.48087689,0.5265378906666668,0.00904766666666667
0.0,7.207440608053926,2.710494809074156,0.7076967847007942,0.36059018509002444,495.0,90.49905300314863,75.50399854540873,2.0,1.0,2.0,2.0,1.0,1.0,801.43,728.17,364.2,741.87,30.83868914510749,11.76602082,0.19202598783333336,0.00403645
2.0,7.490655514234956,3.7088842353184073,0.7077467075389634,0.22827145502821608,363.0,50.961886446240825,36.14070822374923,1.0,0.0,0.0,1.0,1.0,1.0,934.2,182.37,2621.05,191.71,95.10666123076385,11.51780791,0.7438770906666672,0.03374509999999999
0.0,7.026183310837933,2.104786060620466,0.6588178111668659,0.22531661267732175,503.0,71.45245688119064,34.78318753944682,0.0,1.0,0.0,1.0,0.0,1.0,128.43,521.68,158.09,205.08,90.78010455294674,12.08801127,0.41284499508333333,0.004442128571428569
0.0,7.258120368031293,4.11059173532362,0.5335743093694838,0.3699690031626728,210.0,80.42393536658392,44.42889064361483,1.0,0.0,2.0,1.0,1.0,0.0,272.51,136.17,2652.23,681.42,87.74046938166924,11.3906929,0.7789203095555558,0.06351350000000001
1.0,5.8412752135647334,4.381938729046601,0.6443724184287419,0.21338874019013052,389.0,81.23300407884273,42.706591832374706,2.0,1.0,1.0,2.0,1.0,0.0,110.69,488.87,519.32,262.95,91.80453282926734,11.13776221,0.4131499834285713,0.13844133333333328
0.0,7.185350856641073,4.35621593549504,0.6482174595064687,0.2373333153660058,274.0,79.6732032363856,46.441864018267054,2.0,1.0,1.0,0.0,1.0,0.0,1549.93,226.38,3014.82,769.25,94.04777732262201,11.26935267,0.8199701402222226,0.20280250000000002
0.0,7.1907921400811805,2.7953946848458564,0.6586559816957005,0.16766166678822855,1.0,81.90341945489483,50.90012596797359,0.0,0.0,1.0,2.0,1.0,1.0,1889.35,340.61,631.28,692.81,96.60471163865571,11.38434619,0.554105079904762,0.008954
0.0,7.158617931565417,2.450459270868695,0.5373609817005369,0.3877442135788694,541.0,97.03534614749036,34.9439701560951,1.0,1.0,2.0,2.0,1.0,2.0,3115.69,584.43,138.53,411.75,90.09161160407984,11.22286933,0.5599069355714286,0.3506012226190476
0.0,5.44769382008357,2.0440536936075016,0.6593397455282524,0.16369257021489553,211.0,95.9727771561195,37.68247666120143,0.0,0.0,1.0,1.0,1.0,1.0,3092.65,564.46,4010.89,767.06,95.54464912658148,11.22179293,0.5826069199999998,0.16315436666666663
0.0,7.3861534785141885,4.48693757545749,0.5604081286293405,0.1566132155142506,1.0,60.174003856296096,42.03076852753783,0.0,0.0,1.0,1.0,0.0,0.0,327.0,161.77,4200.11,792.34,90.59535674602347,11.6018948,0.8047566250000002,0.05150150000000003
0.0,6.538894377956049,2.104423054363626,0.6524827393921225,0.2154667160116125,323.0,70.19790647000553,42.61094696993359,0.0,0.0,0.0,1.0,1.0,1.0,2233.51,464.92,2434.94,304.36,80.45294716209604,12.29929284,0.1271326269166668,0.014530894444444437
0.0,7.2307197433763815,2.28942733734689,0.550477065858214,0.19850885818164246,468.0,69.89973287043125,44.61681851144789,1.0,0.0,2.0,1.0,1.0,0.0,3077.84,434.87,3537.83,710.51,92.50781915720427,12.17365942,0.7321103333333336,0.05887622777777778
0.0,7.145336048617853,3.002906962443288,0.6458105951304143,0.34198460727191515,458.0,92.10144012303799,47.23827025867934,1.0,1.0,1.0,1.0,1.0,2.0,467.87,725.87,475.07,774.66,97.00424608831942,11.65778182,0.49853015323809513,0.0014712833333333337
0.0,7.178037313506719,3.0520003699591456,0.6858712241193305,0.2260141515144854,403.0,79.36404189431511,59.00041639411385,2.0,0.0,0.0,0.0,0.0,0.0,2016.6,417.93,1559.79,221.11,93.34523817145086,12.28209271,0.5681717263333332,0.02631466666666666
4.0,7.3914294003370795,2.902225652523279,0.7743099433492704,0.36625916418629184,333.0,91.21677950137432,75.36507884518277,1.0,0.0,0.0,0.0,0.0,2.0,500.0,200.0,2866.97,194.21,31.347639836441775,11.62043293,0.3244651141666664,0.023508333333333326
3.0,7.121047343613419,4.323683244196283,0.6654263087678859,0.22575835432098845,125.0,80.8768737236567,41.02947067650855,0.0,1.0,0.0,1.0,0.0,0.0,416.4,174.74,2896.19,194.47,97.83366262741849,11.24325011,0.7994445595000005,0.13184616666666663
0.0,7.13536282679513,2.7759503429301673,0.6603851648251279,0.3806881420558004,546.0,72.73954053818295,90.73084721830102,1.0,0.0,0.0,1.0,1.0,1.0,1810.22,215.79,77.26,630.9,71.26537468886335,11.57269946,0.34298634723809507,0.15955266666666662
4.0,7.208022391052651,2.997116159090065,0.6685202773991127,0.32038215686395766,285.0,74.45940302362249,37.17737674000171,1.0,1.0,2.0,2.0,0.0,0.0,500.0,200.0,2886.28,195.34,93.8683024145263,11.88477936,0.8199663240000002,0.03300675
0.0,7.19314837656234,4.102321031609146,0.554459612422917,0.35318807475597547,436.0,97.57943813533042,45.918987719819576,1.0,0.0,2.0,1.0,1.0,0.0,3599.64,770.47,4445.72,743.68,90.85476845335619,12.10548653,0.7307566203333336,0.27536602499999985
1.0,7.438634626082284,3.925572440685974,0.7107902408985542,0.3592488372235602,240.0,95.8294935972321,35.664094872995236,2.0,0.0,0.0,2.0,0.0,0.0,511.53,196.28,1583.38,224.11,32.02567621013311,11.54908774,0.24821931933333324,0.019952249999999984
1.0,7.2595659066219085,2.999905968051683,0.6592215113177152,0.20486748793140305,251.0,55.98644401271148,31.21825820996763,2.0,1.0,1.0,2.0,0.0,1.0,378.98,174.24,2432.66,613.06,95.56579483925474,12.33874026,0.746821828666667,0.01742880158730158
0.0,7.17888959772183,3.6852714267984497,0.5180615339305277,0.3196047502313702,242.0,81.43626392932289,82.37432162846984,1.0,1.0,2.0,1.0,0.0,0.0,246.95,120.77,4004.57,246.63,85.8758898692317,11.70956329,0.7817854210000001,0.051882750000000005
0.0,7.105096532802523,3.0580182166141445,0.6460011088453872,0.10328708248918908,334.0,72.9115644242764,80.9891722929095,2.0,1.0,0.0,2.0,0.0,0.0,1451.39,625.46,1632.24,272.26,60.03618122828378,11.60867361,0.07639399199999994,0.013427916666666666
5.0,7.210700628524183,4.271562333484274,0.737626523198717,0.2317113388863091,151.0,79.8131695084306,47.76099637569687,1.0,1.0,1.0,2.0,0.0,1.0,2701.71,193.4,2832.2,200.38,95.39318196868929,11.12907862,0.9063684440000004,0.13606753333333332
1.0,7.4666005439325005,3.8783268290714896,0.6459352339945796,0.23274900657568776,135.0,75.45068377457162,46.84384798525242,2.0,0.0,1.0,2.0,1.0,2.0,615.86,192.81,1371.8,217.54,94.9998353318865,12.28255262,0.5567152073333336,0.012848916666666656
0.0,7.156982743512741,2.133527732949153,0.674137925533769,0.3197568768945345,637.0,67.15445821755878,95.13921397316305,2.0,1.0,0.0,0.0,1.0,1.0,107.37,392.88,2588.26,228.29,93.60326502252188,11.60913267,0.7357953530000003,0.16674756666666662
0.0,5.44769382008357,2.0440536936075016,0.6593397455282524,0.16369257021489553,211.0,95.9727771561195,37.68247666120143,0.0,0.0,1.0,1.0,1.0,1.0,3092.65,564.46,4010.89,767.06,95.54464912658148,11.22179593,0.5826069199999998,0.16315436666666663
0.0,7.243175304528163,3.1197509709631692,0.5627067390869646,0.16604966127047974,232.0,47.40117537984616,41.398928218666576,1.0,0.0,2.0,2.0,1.0,2.0,314.92,157.46,2292.61,482.03,90.88484982755944,11.31400705,0.7685750740000004,0.09978649999999996
0.0,7.183712010111117,4.402679688200681,0.6524236593149656,0.2119888812265623,509.0,98.64306814875361,33.50284349095698,0.0,1.0,0.0,0.0,0.0,0.0,1880.7,368.9,2208.45,330.22,86.80140032630507,11.45492629,0.7162141463333336,0.2505611499999998
0.0,7.217633065679799,2.1452685736549437,0.7090163744594004,0.32258072215066186,602.0,70.96534506455981,99.9982391025267,1.0,0.0,2.0,2.0,1.0,1.0,283.37,226.93,561.99,775.95,96.38518780742902,12.17367891,0.5350020858333331,0.18075858333333328
0.0,7.172409814080492,2.9197521783352056,0.5592021908203925,0.35601585953772225,404.0,74.66513661856386,84.42687159870852,0.0,1.0,2.0,0.0,0.0,1.0,179.28,621.78,2626.14,228.42,98.01514324595742,11.09931291,0.7222054090000003,0.14393945
0.0,7.149924262804701,2.2151057008390467,0.5613608924108654,0.32684863076210413,592.0,58.894092877338174,95.028062358556,0.0,1.0,0.0,1.0,0.0,0.0,2823.94,340.35,190.55,268.99,91.92974547362189,12.04757798,0.5750726385714284,0.16649127261904756
0.0,7.087975906913793,3.8997393422205437,0.660734120444533,0.23315772242515928,298.0,90.01941383411778,42.663038368937436,0.0,0.0,1.0,1.0,0.0,0.0,2244.03,465.03,4200.11,792.34,94.33500963988818,11.69090956,0.5751309036666662,0.020489249999999987
0.0,7.210460522134636,2.6101076143652078,0.6339940219579974,0.21219854796256235,189.0,73.65188372346603,48.45312450950332,2.0,1.0,1.0,1.0,0.0,2.0,1050.07,179.29,707.5,747.35,32.2985589318849,11.39920759,0.21986922357142846,0.006006499999999999
0.0,7.105096532802523,3.0580182166141445,0.6460011088453872,0.10328708248918908,335.0,72.9115644242764,80.9891722929095,2.0,1.0,0.0,2.0,0.0,0.0,1451.39,625.46,1632.24,272.26,60.03618122828378,11.60869804,0.07639399199999994,0.013427916666666666
0.0,6.043709013225837,4.013722602492559,0.539522460359886,0.232597393503521,263.0,78.09049940438172,47.440948566423934,0.0,1.0,0.0,2.0,1.0,1.0,1730.56,164.41,3282.57,257.79,96.11553477963432,11.46770648,0.5745589721666664,0.03836708333333336
0.0,7.401835594549322,2.734805383402713,0.6978208910097755,0.31885881052895676,182.0,88.60364864612728,31.643993089906875,1.0,0.0,2.0,2.0,0.0,0.0,3559.63,167.4,2412.61,597.02,33.54572455076783,11.77432966,0.37397703666666643,0.029317700000000002
5.0,7.120337407416921,2.846169516213156,0.7183322493239177,0.20368234407299474,167.0,75.60355388901955,34.64521837771694,1.0,0.0,0.0,0.0,0.0,2.0,2645.07,182.59,2848.97,194.29,31.400754735634656,11.57133498,0.3684707569999997,0.01928099999999999
0.0,7.178160970397395,2.966118883484043,0.5609673774512496,0.1624902737615616,339.0,78.18706176355974,50.78480488706788,0.0,1.0,0.0,0.0,0.0,0.0,331.56,160.89,2208.45,330.22,89.70291017769947,11.40367762,0.6838262486666669,0.04673975000000003
1.0,7.186067121695759,3.678713484025773,0.6540379370584887,0.22575835432098845,276.0,94.14175380554497,32.55006948976927,2.0,1.0,0.0,0.0,1.0,1.0,663.18,191.04,1802.86,253.79,33.565998594813266,12.28037506,0.2592990454166666,0.010247807142857144
3.0,7.295023927356549,3.1209625735427404,0.7401493540476354,0.31973635431527947,178.0,82.92424983337258,42.10957265521759,0.0,0.0,2.0,0.0,1.0,2.0,487.52,185.31,2874.12,194.38,34.715687244818454,11.21125759,0.3276679589999998,0.13420041666666666
0.0,7.047551541517093,2.240156070066323,0.6518509393984881,0.16171282183182306,169.0,78.64014297791051,33.93616267238019,0.0,0.0,0.0,0.0,0.0,2.0,3009.75,615.6,947.86,795.78,91.09780613127336,11.53521621,0.423922971,0.007253666666666669
0.0,5.868322865790319,2.7877056117402415,0.7221227408992755,0.3432684320460386,287.0,72.58944012682555,83.01608733282869,0.0,0.0,2.0,1.0,0.0,1.0,2247.97,177.36,176.55,363.53,93.53297538167838,11.11290272,0.4065067969999997,0.19358697500000005
4.0,7.232762000212347,2.9864201304213944,0.7159547425345074,0.22674245914460653,120.0,70.40218685878448,72.36012939942849,2.0,0.0,0.0,2.0,0.0,0.0,1100.1,173.71,2913.44,200.43,90.7750819361287,11.51347183,0.8259295230000002,0.02081549999999999
0.0,7.422815028036234,4.480435603814695,0.5100465143638948,0.359506097711095,471.0,92.9150802948383,31.192683239144017,0.0,1.0,2.0,2.0,0.0,0.0,1732.13,371.8,322.29,266.87,32.58673632903836,12.27885978,0.32734486565476173,0.027593616666666668
0.0,7.203423956886233,4.1920017617482195,0.6563415597090252,0.2372717550152338,317.0,70.53156598298743,44.257863532234154,0.0,0.0,1.0,1.0,1.0,1.0,3899.4,774.18,4010.89,767.06,92.81486080397556,11.25365811,0.789062870666667,0.20055995
0.0,7.484833939508761,4.306192343555121,0.5643738318816848,0.12140711040470119,106.0,51.26682239525569,41.65083062991485,0.0,0.0,1.0,1.0,1.0,1.0,397.69,160.02,4010.89,767.06,93.16276103244665,11.1903523,0.8071882885555559,0.15365183333333332
0.0,7.203423956886233,4.1920017617482195,0.6563415597090252,0.2372717550152338,316.0,70.53156598298743,44.257863532234154,0.0,0.0,1.0,1.0,1.0,1.0,3899.4,774.18,4010.89,767.06,92.81486080397556,11.25363673,0.789062870666667,0.20055995
0.0,7.173979365288999,2.9565316372190176,0.6416705272089139,0.23563122864928382,165.0,71.73124593630519,39.085166832433686,2.0,1.0,2.0,2.0,1.0,1.0,801.43,728.17,364.2,741.87,89.90215356935188,11.66750297,0.5115471475714287,0.015312283333333334
0.0,7.345173074791873,2.5530809048430085,0.7126576611016336,0.22193734608982094,269.0,96.21862930413224,48.37740598754759,1.0,1.0,0.0,2.0,1.0,2.0,985.35,180.15,1500.49,362.55,30.140270668112752,11.26010404,0.23784195533333324,0.12040566666666663
0.0,7.1267752505916535,3.6315151054863453,0.708788872419811,0.2058108443493088,274.0,71.05378669776279,82.32235092730798,2.0,1.0,0.0,2.0,1.0,0.0,1531.03,480.75,297.23,200.72,57.442171486706656,11.55411329,0.21700050433333323,0.012879800000000002
0.0,7.1725738978107545,2.1351048216884276,0.6091621427153414,0.3276889419326323,616.0,43.63625796911972,47.05562870867412,2.0,0.0,1.0,1.0,0.0,2.0,1225.98,208.77,1403.17,341.99,93.58572213455085,11.44531527,0.5486647720000001,0.16873894999999994
0.0,7.177936093815366,4.366882534103061,0.687513601382663,0.3936932469441772,381.0,94.52310406094736,74.03928920789244,1.0,1.0,2.0,0.0,0.0,1.0,1786.86,164.57,1354.43,361.91,30.159321847510427,11.47528921,0.24408680149999995,0.06932700000000003
0.0,7.264082126083136,4.36956614158129,0.5746326216627293,0.24065646121268477,230.0,73.572050195161,42.60425618957846,1.0,0.0,0.0,0.0,0.0,0.0,326.43,163.21,3028.9,755.84,92.3110667085291,11.32688227,0.8043463570000001,0.05051350000000003
0.0,7.177164977947611,2.6456592366726355,0.6604687725604735,0.2293989650864211,269.0,98.88411344785747,47.16084740853473,2.0,0.0,0.0,0.0,0.0,0.0,2016.6,417.93,1559.79,221.11,90.91289714678865,12.24112668,0.5839241946666668,0.24281601666666652
0.0,6.00861822368135,3.212613771490905,0.6574421653168322,0.227583679896,497.0,89.1863745175099,42.352853288571396,0.0,0.0,0.0,1.0,1.0,1.0,4368.95,701.34,2229.06,294.91,75.83059032417998,12.31845513,0.14815366800000013,0.01627337499999999
0.0,7.2250007725545915,2.7825385000222944,0.6047652798751545,0.39988941361822467,694.0,68.13540599787584,99.47309266746677,1.0,0.0,2.0,2.0,1.0,2.0,2011.81,315.73,2292.61,482.03,32.705883122551874,11.45020851,0.40264909933333287,0.192419675
5.0,7.189924832551895,4.3026938604685885,0.6511409445470816,0.25227544766720733,1.0,81.54108752310552,33.09627345652519,1.0,1.0,1.0,2.0,0.0,1.0,2701.71,193.4,2832.2,200.38,93.35836015110601,11.08597924,0.9063684440000004,0.13584253333333335
0.0,7.223012171070274,2.075434110751282,0.5937916845971056,0.34337678207332906,690.0,76.4398581014927,39.41238016081495,2.0,0.0,1.0,1.0,0.0,0.0,1466.4,709.97,2587.67,305.43,87.9950077771109,11.74909577,0.7023556140000002,0.1411464
0.0,7.386696196857124,2.987476873390981,0.5745089280631851,0.17783742820304071,221.0,93.02960854200137,33.07795938399604,1.0,1.0,1.0,1.0,1.0,1.0,311.69,155.84,2405.18,406.77,85.09456608201688,12.07260295,0.741893888666667,0.03712938492063493
1.0,7.436221962017881,3.557842024155736,0.6603159293718834,0.3688948073921905,139.0,90.68730277769987,47.61560828457962,1.0,0.0,2.0,0.0,0.0,1.0,351.05,183.39,1003.85,774.62,98.12733189408254,11.40493944,0.5425752443333336,0.025849499999999997
0.0,7.178160970397395,2.966118883484043,0.5609673774512496,0.1624902737615616,339.0,78.18706176355974,50.78480488706788,0.0,1.0,0.0,0.0,0.0,0.0,331.56,160.89,2208.45,330.22,89.70291017769947,11.4036895,0.6838262486666669,0.04673975000000003
0.0,7.154414276460364,2.754626375658724,0.6728752779880968,0.33398585878506437,328.0,72.97023056126879,82.2635229710657,2.0,0.0,0.0,0.0,1.0,1.0,4178.6,693.29,70.28,534.16,90.61445986144135,11.55881977,0.5455070049999999,0.016234183333333322
0.0,7.224575400815356,4.063058839026174,0.5715349948028577,0.16387586146256292,1.0,60.303161318206705,40.08106654559111,1.0,1.0,0.0,0.0,1.0,2.0,329.08,164.54,4048.1,687.35,89.41559206201542,11.15940359,0.8107657655555559,0.15769875
5.0,7.157012741598636,3.735733529188934,0.73546654956537,0.3693707050091418,1.0,77.58442627347988,76.40589962243375,2.0,1.0,0.0,2.0,0.0,0.0,2903.14,195.52,2857.59,200.51,85.71797516681872,11.50953528,0.8728315170000003,0.01679366666666666
0.0,7.145336048617853,3.002906962443288,0.6458105951304143,0.34198460727191515,458.0,92.10144012303799,47.23827025867934,1.0,1.0,1.0,1.0,1.0,2.0,467.87,725.87,475.07,774.66,97.00424608831942,11.65778182,0.49853015323809513,0.0014712833333333337
0.0,7.167241319627632,2.8597988710169515,0.699187918113064,0.36235589326696677,427.0,92.75850874550054,52.042312593817385,1.0,1.0,2.0,2.0,0.0,0.0,1867.55,234.08,2356.35,560.55,36.461653483183916,11.92814216,0.3605482534999998,0.02986702777777778
0.0,5.3130169980309745,2.358615934281649,0.6648495328128889,0.3239525490078121,548.0,73.37545952810898,89.82548326779414,0.0,1.0,0.0,2.0,0.0,2.0,102.2,276.88,100.8,207.37,86.79876241060951,11.78923301,0.5873887829999997,0.18024890595238083
0.0,7.038246096195697,2.8572046459563745,0.6773198809242179,0.33650049774821567,287.0,93.15312377746915,48.92075752934011,0.0,0.0,2.0,1.0,0.0,1.0,2149.73,176.05,176.55,363.53,33.19209293024993,11.11290891,0.11553971033333356,0.18434335000000004
0.0,6.060877444380868,2.920404431520635,0.6582787334745974,0.1607041238248994,460.0,74.15968162238553,55.03319841335285,2.0,0.0,1.0,1.0,0.0,0.0,324.43,173.64,2587.67,305.43,88.87995027588926,11.67978758,0.6003349766666664,0.028597624999999995
0.0,7.124206202926269,2.6373451598431172,0.5432966876706435,0.3236237686570875,440.0,63.51528407629665,40.73244470210485,0.0,0.0,2.0,1.0,1.0,1.0,2739.9,163.62,1449.88,242.42,92.28771593783895,11.12842655,0.594238061,0.2385122000000001
0.0,6.974205804101256,2.850732993776667,0.5832306093743111,0.10422156433324359,237.0,92.57335547876663,52.47109488090092,1.0,1.0,1.0,1.0,1.0,1.0,310.72,131.25,618.66,271.69,78.5153549495043,12.19439132,0.1036883561190477,0.029770557142857146
0.0,7.339085930021055,4.3929810353949685,0.7138068277955336,0.3177445566872472,289.0,88.68550050631897,70.60393981517937,0.0,0.0,2.0,1.0,1.0,1.0,1913.61,326.97,825.52,691.49,31.741380842543798,11.40121038,0.2289610617222221,0.024076433333333345
0.0,7.258120368031293,4.11059173532362,0.5335743093694838,0.3699690031626728,210.0,80.42393536658392,44.42889064361483,1.0,0.0,2.0,1.0,1.0,0.0,272.51,136.17,2652.23,681.42,87.74046938166924,11.39069121,0.7789203095555558,0.06351350000000001
0.0,7.181197187772481,2.0073114225036495,0.5897157291368358,0.22107266779695797,599.0,97.14209463750299,42.22514133768976,0.0,0.0,0.0,1.0,1.0,1.0,3059.04,338.15,2547.95,572.69,94.3052948667435,11.17753847,0.7671107303333337,0.29480132261904757
0.0,7.172431343055492,2.606239526226204,0.6071441187742738,0.3839770533679408,642.0,60.20418376940041,95.0907995464116,2.0,1.0,1.0,0.0,1.0,0.0,1467.38,280.01,607.4,734.15,93.93094696684088,11.93622719,0.5020114349047617,0.19164418333333333
3.0,7.158169297828144,2.965324573985307,0.6490188883931735,0.19334942407988798,181.0,74.69331747952997,40.09560615987366,1.0,0.0,0.0,2.0,0.0,0.0,413.7,167.94,2794.45,200.54,90.34927604065194,12.17623208,0.7680118546666672,0.021999999999999978
0.0,7.159283139136943,2.078433937405999,0.592016993145395,0.32323722178720427,695.0,97.23095368922647,95.3622942902964,1.0,0.0,1.0,0.0,0.0,1.0,2285.24,461.01,1972.2,631.59,90.59972325861432,11.25425353,0.6824140878333335,0.2795407809523809
0.0,7.1311307476403405,4.320681107927081,0.6910376718168986,0.16417199221346443,169.0,79.63798619204937,48.6355304191457,0.0,0.0,0.0,2.0,0.0,2.0,148.0,743.6,1777.71,414.59,92.8515456081205,11.45510884,0.5192443674285717,0.00879591666666667
0.0,7.121130080360531,3.673403687882431,0.6537002864038126,0.22575835432098845,441.0,76.39894422790756,42.806515993991546,0.0,1.0,1.0,0.0,0.0,1.0,2744.96,374.82,2688.23,307.8,91.02440077436117,12.05665343,0.7508533446666671,0.007803284920634922
1.0,5.8412752135647334,4.381938729046601,0.6443724184287419,0.21338874019013052,389.0,81.23300407884273,42.706591832374706,2.0,1.0,1.0,2.0,1.0,0.0,110.69,488.87,519.32,262.95,91.80453282926734,11.13679604,0.4131499834285713,0.13844133333333328
2.0,7.36499899282564,2.9946851347790315,0.6815671855464486,0.22780610669636675,337.0,68.97054797648819,47.74998011651804,1.0,1.0,1.0,1.0,0.0,1.0,368.17,171.7,1400.0,200.0,93.34976942804722,11.525585,0.5880437350000001,0.013118999999999992
0.0,7.026183310837933,2.104786060620466,0.6588178111668659,0.22531661267732175,503.0,71.45245688119064,34.78318753944682,0.0,1.0,0.0,1.0,0.0,1.0,128.43,521.68,158.09,205.08,90.78010455294674,12.08801127,0.41284499508333333,0.004442128571428569
5.0,7.120286400890719,4.050647544700478,0.6650275825638788,0.23505861511033593,162.0,78.5760214829345,44.4578174049239,0.0,0.0,1.0,2.0,0.0,2.0,2957.69,197.54,2895.71,200.36,97.00507758845487,12.02628752,0.9309718660000005,0.012171000000000001
0.0,7.081766618916378,3.6623092758352023,0.722620284718623,0.20371235968545637,415.0,94.59554505907144,50.751371066483394,1.0,1.0,0.0,0.0,1.0,0.0,3123.19,226.18,3147.96,466.79,68.4794791379952,11.99581296,0.12612119533333346,0.019733727777777765
0.0,7.210046993392199,2.3490822604298485,0.7275200649881014,0.3771383665535704,601.0,75.92440746024491,95.2128073068643,1.0,0.0,2.0,2.0,1.0,1.0,283.37,226.93,561.99,775.95,91.67414925550491,12.17363616,0.5354081824999998,0.18003301666666663
1.0,7.127967531121239,4.458031200888872,0.7429389500520168,0.3651691735413873,229.0,92.61755006307038,77.1754044638852,0.0,1.0,2.0,1.0,1.0,0.0,122.33,376.75,2026.39,188.31,94.63292644793015,11.20858266,0.664181703428572,0.14139899999999994
0.0,7.126214264107356,4.398713245432074,0.7048976667865071,0.22120926797732537,317.0,45.74973855313258,47.62252000600119,1.0,1.0,0.0,0.0,1.0,2.0,374.45,179.26,4048.1,687.35,95.51606053592856,11.25151536,0.777373578555556,0.157437725
0.0,7.224399824036983,2.499736119243993,0.7175386259657124,0.2296099075429079,372.0,72.66945272034995,36.4997510140761,2.0,0.0,0.0,2.0,1.0,0.0,3138.2,228.91,1217.09,746.95,95.86943567968575,12.19612637,0.6165704049999999,0.02390337499999999
0.0,7.058871536063159,2.3060451322034363,0.660360633459059,0.21434251950305624,506.0,93.75667700755335,50.22824674082334,0.0,0.0,0.0,0.0,0.0,2.0,3009.75,615.6,947.86,795.78,89.57812084467875,11.63556798,0.4193791833333331,0.010159266666666668
2.0,7.16626659445427,3.585368460931487,0.7530538764854595,0.3861655822189569,94.0,77.0300380157431,47.31597471498893,2.0,1.0,1.0,1.0,0.0,2.0,367.35,171.6,1637.01,178.96,97.37144208643974,11.37072888,0.549062078666667,0.01994849999999999
0.0,7.120955485254656,2.351229672805614,0.5329166189330083,0.23650156688756402,133.0,94.51727730810289,47.07113828136927,2.0,1.0,1.0,0.0,1.0,2.0,394.74,767.75,1983.4,299.33,91.30694655150707,11.79336932,0.6802264606666669,0.004743033333333333
4.0,6.941004411918896,4.450537569684717,0.6461863344913752,0.37819655925392126,85.0,95.36484769037753,85.78458650571858,1.0,1.0,2.0,0.0,1.0,0.0,1241.96,193.82,2881.39,201.67,89.90330923841196,12.34535941,0.5460745879999996,0.02815795
0.0,7.1725738978107545,2.1351048216884276,0.6091621427153414,0.3276889419326323,616.0,43.63625796911972,47.05562870867412,2.0,0.0,1.0,1.0,0.0,2.0,1225.98,208.77,1403.17,341.99,93.58572213455085,11.44531527,0.5486647720000001,0.16873894999999994
0.0,7.183712010111117,4.402679688200681,0.6524236593149656,0.2119888812265623,509.0,98.64306814875361,33.50284349095698,0.0,1.0,0.0,0.0,0.0,0.0,1880.7,368.9,2208.45,330.22,86.80140032630507,11.45492629,0.7162141463333336,0.2505611499999998
3.0,7.2907019334766225,3.0334556922931255,0.5519803030223799,0.1776475847205158,333.0,99.58202929713025,43.27681042316945,1.0,0.0,0.0,0.0,0.0,2.0,398.01,159.95,2848.97,194.29,94.85171124809936,11.62042299,0.7562840165000005,0.2571619999999997
0.0,7.199271765479866,3.855873566032862,0.6569253545658461,0.19427344631468293,284.0,72.48580631922222,48.10453245053891,2.0,1.0,1.0,1.0,0.0,2.0,3766.18,776.64,707.5,747.35,54.422883938448976,11.42799875,0.2403019515714285,0.0052565
5.0,7.436785467365862,4.37009444884045,0.7040153434561414,0.37918971134538837,1.0,78.85080115157159,38.40102099337734,1.0,0.0,2.0,2.0,1.0,1.0,2924.57,195.02,2878.52,194.36,94.75409211241538,11.99912918,0.8975146090000002,0.03947350000000001
1.0,7.192227274651635,3.651942013432224,0.6992578774231294,0.22053843726606637,183.0,49.100858049128135,39.24917386450352,2.0,1.0,1.0,0.0,1.0,0.0,830.12,209.87,2671.96,177.88,93.95162919418414,11.24178958,0.7561582015000005,0.13856566666666661
0.0,7.191579856452166,2.8599438937887096,0.7484421615015275,0.1036005287423321,460.0,58.82695180101616,97.09997101084595,2.0,0.0,1.0,1.0,0.0,0.0,326.49,173.8,2587.67,305.43,92.13499667520384,11.67981101,0.7917732090000003,0.03546066666666665
3.0,7.120238622355751,3.872074078252487,0.7035768324353787,0.19796837232509426,339.0,71.12539624537845,75.56047139450902,0.0,1.0,1.0,2.0,1.0,0.0,428.01,174.36,2876.2,198.24,95.01630351125743,12.24877979,0.7068215656666669,0.017656807142857132
0.0,7.3696072915868465,3.231724248664704,0.6591703490748713,0.22835567826655967,289.0,97.65641888153442,32.667855825622006,0.0,0.0,0.0,2.0,1.0,1.0,1976.28,407.9,2528.11,229.78,90.96061413777377,12.09755888,0.7244016753333338,0.24371306666666648
0.0,7.149924262804701,2.2151057008390467,0.5613608924108654,0.32684863076210413,592.0,58.894092877338174,95.028062358556,0.0,1.0,0.0,1.0,0.0,0.0,2823.94,340.35,190.55,268.99,91.92974547362189,12.04757798,0.5750726385714284,0.16649127261904756
0.0,7.087975906913793,3.8997393422205437,0.660734120444533,0.23315772242515928,298.0,90.01941383411778,42.663038368937436,0.0,0.0,1.0,1.0,0.0,0.0,2244.03,465.03,4200.11,792.34,94.33500963988818,11.69090956,0.5751309036666662,0.020489249999999987
0.0,7.406467040737839,2.8449335242040044,0.688194764684407,0.32879090638183966,224.0,93.17709037047038,34.82020843823643,0.0,0.0,2.0,0.0,1.0,1.0,339.56,166.71,1597.98,306.47,93.10454102956443,11.36650144,0.5441366443333336,0.026886249999999997
2.0,7.190375120704714,3.6026583278572675,0.6583550415891097,0.35059747596648827,171.0,78.16254855891667,45.06984832404392,1.0,1.0,2.0,0.0,1.0,0.0,365.09,209.39,2038.58,212.48,97.18773248579835,12.37086185,0.7081459878333335,0.029278325
0.0,5.3130169980309745,2.358615934281649,0.6648495328128889,0.3239525490078121,547.0,73.37545952810898,89.82548326779414,0.0,1.0,0.0,2.0,0.0,2.0,102.2,276.88,100.8,207.37,86.79876241060951,11.78919332,0.5873887829999997,0.18024890595238083
0.0,7.081766618916378,3.6623092758352023,0.722620284718623,0.20371235968545637,414.0,94.59554505907144,50.751371066483394,1.0,1.0,0.0,0.0,1.0,0.0,3123.19,226.18,3147.96,466.79,68.4794791379952,11.99578242,0.12612119533333346,0.019733727777777765
0.0,7.07285589951745,4.358370662311586,0.6760749236519675,0.21342999883564345,343.0,95.88304315277739,46.76819101338061,2.0,1.0,1.0,2.0,1.0,0.0,3992.77,789.41,1400.13,767.97,87.42203269539331,11.19720196,0.4345835970952379,0.20104611666666672
1.0,7.200895869963765,3.8815227682703792,0.6547835719877587,0.2009257750572025,270.0,76.85194109910677,40.652802003676904,2.0,0.0,1.0,2.0,1.0,2.0,615.86,192.81,1142.11,759.64,85.79108420606461,12.32227142,0.5722645848888889,0.013548833333333326
0.0,7.081362074301302,3.0555107125312597,0.6459114334711832,0.23889365974549223,309.0,93.51830205048084,79.56159190636043,1.0,1.0,0.0,0.0,0.0,0.0,4347.14,534.45,352.97,220.62,94.52483501832872,12.0021403,0.39636396016666653,0.01772119999999999
0.0,7.484833939508761,4.306192343555121,0.5643738318816848,0.12140711040470119,106.0,51.26682239525569,41.65083062991485,0.0,0.0,1.0,1.0,1.0,1.0,397.69,160.02,4010.89,767.06,93.16276103244665,11.19036078,0.8071882885555559,0.15365183333333332
0.0,7.121062339006951,4.223853308303268,0.6408293541391077,0.2517674448255471,233.0,73.77321630879906,47.294141364640495,2.0,1.0,0.0,1.0,1.0,0.0,2970.74,312.58,403.78,753.84,95.96607455880853,11.09023899,0.5900497421269844,0.14138336666666665
0.0,7.441223316934231,4.413066683774837,0.7015964168909112,0.3284507044308589,357.0,87.98097421763009,47.53479093725939,0.0,0.0,2.0,0.0,1.0,2.0,1404.45,167.09,1329.62,782.03,88.4951758233614,11.263237,0.561174374888889,0.22493185000000004
0.0,7.115141771604404,2.5729676820216474,0.6450535132929959,0.22973776238142124,380.0,90.4644857302293,50.35028615986446,0.0,0.0,1.0,2.0,0.0,0.0,2184.49,263.17,70.15,332.47,36.71881689547897,11.47632012,0.13799559050000018,0.020165708333333324
0.0,6.995809698380646,3.198537489850832,0.6576716313829571,0.2231273207743103,289.0,69.68579010476137,37.352984281444606,1.0,1.0,0.0,2.0,1.0,1.0,3015.77,759.21,4434.23,442.63,86.28548729332127,11.80914934,0.554209713333333,0.005929333333333332
3.0,7.195999860242473,2.8854086379869024,0.6557400627586466,0.2222389629463275,335.0,92.93089429808262,39.04384932169673,2.0,1.0,1.0,0.0,0.0,2.0,458.12,171.75,2889.94,193.49,37.41478008341515,12.30781725,0.3693600340833331,0.014302249999999992
4.0,7.099068230042557,4.373530449174932,0.6524337740724693,0.21730270808121588,1.0,71.13534872908079,48.410570066836776,2.0,1.0,1.0,0.0,1.0,0.0,1320.76,191.06,2954.14,199.97,94.22775412729122,11.18747801,0.6266456569999996,0.16919533333333334
5.0,7.196426073140733,4.180240101353786,0.6618030438235426,0.23331275440605048,212.0,75.5342441752026,53.131878748886194,2.0,1.0,0.0,0.0,1.0,1.0,2933.29,284.53,2911.67,196.77,87.96446496637226,11.4839789,0.8632714835000002,0.0097205
0.0,7.163236173068104,4.11825488288513,0.652543116110285,0.36838162525174284,340.0,75.3665853365501,75.78046530509718,2.0,1.0,1.0,0.0,0.0,0.0,3035.95,476.62,3222.69,767.67,61.26332403190763,11.89449109,0.3504384843333331,0.015903227777777768
5.0,7.137971182500194,4.022764668851381,0.7494367847819482,0.3281164776242939,112.0,95.85238659607823,84.74244649672066,2.0,1.0,0.0,2.0,0.0,0.0,2763.0,194.76,2857.59,200.51,57.564605109331396,11.54176892,0.3505504149999997,0.014931166666666662
0.0,7.149924262804701,2.2151057008390467,0.5613608924108654,0.32684863076210413,593.0,58.894092877338174,95.028062358556,0.0,1.0,0.0,1.0,0.0,0.0,2823.94,340.35,190.55,268.99,91.92974547362189,12.04762074,0.5750726385714284,0.16649127261904756
0.0,6.974205804101256,2.850732993776667,0.5832306093743111,0.10422156433324359,237.0,92.57335547876663,52.47109488090092,1.0,1.0,1.0,1.0,1.0,1.0,310.72,131.25,618.66,271.69,78.5153549495043,12.19439777,0.1036883561190477,0.029770557142857146
0.0,6.517829722466246,3.7942177081151915,0.7746157339161034,0.3209555297170474,290.0,88.7964758478311,52.117327298182296,1.0,0.0,2.0,1.0,1.0,0.0,1438.45,168.03,4445.72,743.68,32.67733913616745,12.06147359,0.11945823005555566,0.037295861111111134
3.0,7.214155988561189,3.0316560571479316,0.6686097626794891,0.2235749462511638,131.0,48.572770701273065,47.59057201100933,0.0,1.0,0.0,2.0,1.0,1.0,428.36,173.65,2898.12,195.96,94.43228099553752,11.42917152,0.7991114170000004,0.011260000000000003
4.0,7.388293723013995,2.8182156787804877,0.7269326488642797,0.21432057195218263,1.0,91.01750397915883,34.81653590115355,2.0,0.0,1.0,1.0,0.0,2.0,2903.19,193.58,2906.42,194.69,35.05809876990824,11.26618794,0.3568487499999997,0.1676683666666667
0.0,7.319030241001594,3.5499254874575112,0.5076856261257932,0.10059046353764296,181.0,80.4861567277534,60.1217525421069,1.0,0.0,0.0,2.0,0.0,0.0,311.52,155.76,2436.27,221.71,86.11557620065821,12.17624068,0.716652579166667,0.04802402777777779
2.0,5.988355404350398,3.3080007486733547,0.6526486210561094,0.1824720674047428,155.0,84.19124792149934,30.9797229637152,2.0,0.0,0.0,1.0,0.0,0.0,363.25,161.1,1400.0,200.0,73.62083719191372,12.10806626,0.1465078871666668,0.045313416666666655
0.0,7.178025687148257,3.8277189139953403,0.540384816205118,0.23441745108784437,441.0,96.80311930961831,40.98393239382488,1.0,1.0,1.0,1.0,1.0,1.0,302.14,146.98,2405.18,406.77,87.2764310365017,12.13607727,0.7015718801666669,0.23509412380952363
0.0,6.978282000132473,2.4931093803671693,0.6604600181423275,0.21141366602154993,126.0,91.15654102267031,37.0080777358038,0.0,0.0,1.0,2.0,0.0,0.0,2184.49,263.17,70.15,332.47,31.736893423159984,11.39983005,0.10276175966666674,0.01902833333333332
0.0,7.133164131946306,3.724388357535124,0.6526347167590262,0.2432566630964317,198.0,83.78090447054413,58.27410353132211,0.0,1.0,0.0,1.0,0.0,0.0,2823.94,340.35,190.55,268.99,93.62643247397017,11.93072703,0.565427574904762,0.014599797619047611
3.0,7.430931084333437,4.421596494747606,0.6906969652617071,0.3417564855006727,178.0,51.84164322289416,30.90760387374901,0.0,0.0,2.0,0.0,1.0,2.0,471.53,185.7,2874.12,194.38,98.7420263071462,11.2112581,0.7807519260000003,0.14745374999999994
0.0,7.381627986421865,4.330359859337806,0.7261726032943232,0.34087130908285895,360.0,68.58372281176496,47.157810653494096,1.0,1.0,2.0,2.0,1.0,2.0,1909.3,165.27,138.53,411.75,32.24412223405942,11.16857676,0.2505668144999999,0.26330508333333347
1.0,7.2595659066219085,2.999905968051683,0.6592215113177152,0.20486748793140305,251.0,55.98644401271148,31.21825820996763,2.0,1.0,1.0,2.0,0.0,1.0,355.63,173.8,2432.66,613.06,95.56579483925474,12.33875261,0.746821828666667,0.01742880158730158
3.0,7.1882945256251105,2.857447046451714,0.6737217872229352,0.34041238526790685,365.0,74.71174820704927,84.92804948889834,0.0,1.0,0.0,2.0,0.0,2.0,421.51,188.29,2868.0,193.51,32.950752949736525,11.73433027,0.3242718214999997,0.014718833333333332
0.0,7.1717049671493225,3.1680289120158394,0.6497316553984027,0.21678002132932794,414.0,84.21851983392128,40.87671488438157,2.0,1.0,0.0,0.0,1.0,1.0,3522.42,761.63,2418.01,668.18,94.33621324016079,12.32254217,0.7169598693333338,0.007152484920634923
0.0,6.043709013225837,4.013722602492559,0.539522460359886,0.232597393503521,263.0,78.09049940438172,47.440948566423934,0.0,1.0,0.0,2.0,1.0,1.0,1767.56,164.54,3282.57,257.79,96.11553477963432,11.46769654,0.5745589721666664,0.03836708333333336
0.0,5.936184198701696,2.612517688189347,0.723365363795646,0.3648674778926503,466.0,92.61921177236405,82.83131750067278,0.0,0.0,1.0,1.0,0.0,1.0,3922.46,260.71,1380.68,415.8,53.48881400574733,11.65040445,0.1791671960000001,0.01582609166666666
0.0,6.148140461618001,3.949119717612591,0.6694906023646735,0.39225482672625106,156.0,80.231866853277,83.56683401828566,1.0,0.0,2.0,1.0,1.0,0.0,299.39,149.62,3537.83,710.51,33.570846061792786,12.0804672,0.14860733372222232,0.05861852777777782
0.0,7.075650909621204,3.7907844011904492,0.7214672376287591,0.13456447757606915,510.0,87.95852711799469,39.73792702846578,2.0,1.0,1.0,0.0,0.0,0.0,3035.95,476.62,3222.69,767.67,59.50196983062473,11.94573382,0.18609337183333335,0.016781334920634914
0.0,7.449725381073775,2.7955785626331124,0.6524892310004589,0.31712520366255115,1.0,92.62788451539298,39.26105962324927,2.0,0.0,2.0,2.0,1.0,0.0,2250.17,407.14,2381.88,335.87,93.76730786453979,12.19691202,0.7481148283333338,0.0446457
0.0,7.210046993392199,2.3490822604298485,0.7275200649881014,0.3771383665535704,601.0,75.92440746024491,95.2128073068643,1.0,0.0,2.0,2.0,1.0,1.0,283.37,226.93,561.99,775.95,91.67414925550491,12.17363616,0.5354081824999998,0.18003301666666663
0.0,7.4379065199421905,2.3458734532619756,0.653662833966377,0.19060252871609493,241.0,87.31157772731055,33.28701511893686,2.0,0.0,2.0,2.0,1.0,0.0,2250.17,407.14,2381.88,335.87,90.3148686256416,12.26701912,0.7505282983333338,0.049911727777777776
5.0,7.289370224403326,2.98660084130713,0.7066135681751354,0.22892529118849145,1.0,77.58393903907196,50.378347048077785,0.0,0.0,1.0,2.0,0.0,2.0,2957.69,197.54,2909.61,200.41,91.95717488258602,11.98034441,0.9093373960000002,0.012726499999999996
3.0,5.863901817607619,2.991506196620279,0.6680752765659176,0.22575835432098845,201.0,77.96536502777317,44.26686701636612,1.0,0.0,1.0,1.0,1.0,0.0,394.36,169.53,2869.81,195.09,91.17800191307259,11.13854673,0.5536366224999997,0.11527349999999999
0.0,7.07285589951745,4.358370662311586,0.6760749236519675,0.21342999883564345,343.0,95.88304315277739,46.76819101338061,2.0,1.0,1.0,2.0,1.0,0.0,3992.77,789.41,1400.13,767.97,87.42203269539331,11.19720196,0.4345835970952379,0.20104611666666672
0.0,7.130941116983979,2.8359065582456573,0.6578213756978525,0.23058382416344225,221.0,97.70438782988103,48.87679093243169,0.0,0.0,0.0,2.0,0.0,2.0,403.29,171.22,1596.1,315.44,88.75762172668844,12.19210188,0.5629218963333334,0.2508604166666665
0.0,6.978282000132473,2.4931093803671693,0.6604600181423275,0.21141366602154993,126.0,91.15654102267031,37.0080777358038,0.0,0.0,1.0,2.0,0.0,0.0,2184.49,263.17,70.15,332.47,31.736893423159984,11.39982776,0.10276175966666674,0.01902833333333332
3.0,7.375772891589671,4.063336369908695,0.7440787697900157,0.36414568861007135,353.0,73.65564358573445,35.248699744373994,2.0,0.0,1.0,0.0,1.0,1.0,611.19,195.22,2910.19,194.33,95.88796200992148,11.46636814,0.7726883040000004,0.021683499999999998
0.0,7.223432974064999,3.8239121868420365,0.6483000012232124,0.2225844882255006,503.0,92.34853986331638,31.821182354994296,2.0,1.0,1.0,0.0,0.0,2.0,3400.55,234.86,1633.8,357.55,90.58597966697255,12.35848081,0.6229704169999999,0.009934864285714287
5.0,7.121420234920242,2.881369682283753,0.6822428028874339,0.24436626081804486,1.0,74.18755011010121,34.68345692974876,0.0,1.0,0.0,2.0,0.0,2.0,2674.31,178.26,2900.51,194.35,56.67953358863869,11.62971352,0.37653042199999964,0.015026999999999997
1.0,7.42848257071432,4.368639132864691,0.6552056990660617,0.34444862069540205,145.0,96.39352309886931,85.09069676406017,1.0,0.0,2.0,1.0,1.0,0.0,659.56,191.21,3070.74,533.09,94.87518875199629,12.01883739,0.7435156060000004,0.026311777777777764
0.0,6.983363728924364,3.589083060457975,0.64929373562479,0.13170532073360583,1.0,82.70745485524246,46.75388907568499,0.0,1.0,0.0,1.0,0.0,0.0,2823.94,340.35,190.55,268.99,91.04199427971992,11.87538553,0.4363428099999998,0.015211964285714282
5.0,7.201435088861933,3.6817654031031357,0.6575669939698091,0.236299582320614,1.0,93.15685574788876,37.44481339682589,2.0,1.0,1.0,0.0,0.0,2.0,2747.17,193.79,2889.94,193.49,98.48265554617605,12.21112706,0.886723536666667,0.016906249999999987
0.0,7.224399824036983,2.499736119243993,0.7175386259657124,0.2296099075429079,372.0,72.66945272034995,36.4997510140761,2.0,0.0,0.0,2.0,1.0,0.0,3138.2,228.91,1217.09,746.95,95.86943567968575,12.19613388,0.6165704049999999,0.02390337499999999
0.0,7.120412090918013,3.0333897569506165,0.6512380893185761,0.36228028092676917,219.0,92.87288747218338,36.08335441000906,0.0,0.0,0.0,0.0,1.0,2.0,244.71,195.46,1495.42,387.52,30.263330880549518,12.10531402,0.24635620891666657,0.012419366666666667
0.0,7.121192607135831,2.701332099567915,0.649889954439124,0.1841562234683752,97.0,73.39572775822609,52.00658785326019,1.0,1.0,0.0,2.0,1.0,1.0,345.57,151.68,4434.23,442.63,93.66851751712151,11.75127865,0.7685944860000004,0.03887850000000002
0.0,7.120887652552174,4.36966232120343,0.6517181598007752,0.21071744087174277,210.0,94.3667762059569,43.970135308808075,2.0,1.0,1.0,0.0,0.0,1.0,2775.41,236.2,2190.72,647.18,34.557271411125654,11.10645457,0.3232242516666664,0.13610428333333333
0.0,7.121130080360531,3.673403687882431,0.6537002864038126,0.22575835432098845,440.0,76.39894422790756,42.806515993991546,0.0,1.0,1.0,0.0,0.0,1.0,2744.96,374.82,2688.23,307.8,91.02440077436117,12.0566229,0.7508533446666671,0.007803284920634922
0.0,7.120098036284741,2.337300627419884,0.6827073932339771,0.1945151876921572,332.0,76.67204759318302,37.58150546751969,0.0,0.0,0.0,2.0,0.0,2.0,2299.52,471.19,1596.1,315.44,94.59849810090475,12.22577255,0.5732666516666667,0.012274341666666664
3.0,7.234423657256146,3.9842969523772034,0.6730420849611808,0.35959084418378834,96.0,76.95953681221292,73.86611859895477,1.0,0.0,2.0,2.0,1.0,0.0,380.29,159.16,2864.51,194.29,92.6142173302043,11.4124975,0.7301635930000004,0.05591700000000003
5.0,7.120286400890719,4.050647544700478,0.6650275825638788,0.23505861511033593,162.0,78.5760214829345,44.4578174049239,0.0,0.0,1.0,2.0,0.0,2.0,2939.18,197.06,2916.71,200.29,97.00507758845487,12.02628482,0.9309718660000005,0.012190000000000001
0.0,7.198428049962541,2.542250363941946,0.6806617212962817,0.32090333036511615,603.0,96.92874820894866,43.68721232652353,1.0,0.0,1.0,1.0,1.0,0.0,104.91,208.84,2206.47,300.61,98.33943102620161,11.25777779,0.7086121156666669,0.2699183726190476
0.0,7.17888959772183,3.6852714267984497,0.5180615339305277,0.3196047502313702,242.0,81.43626392932289,82.37432162846984,1.0,1.0,2.0,1.0,0.0,0.0,246.95,120.77,4004.57,246.63,85.8758898692317,11.70956403,0.7817854210000001,0.051882750000000005
0.0,7.159452596419646,2.879561697753255,0.6554245765203555,0.22290415974917566,475.0,88.51030123445014,32.76214776924448,1.0,1.0,0.0,0.0,1.0,2.0,2044.89,611.18,4048.1,687.35,65.33922215073258,11.29913046,0.36134755416666636,0.17470496428571425
0.0,5.929521463613346,2.864184362109104,0.6599175278693105,0.3714734742026394,162.0,72.91691481914964,36.15377787898857,2.0,0.0,1.0,1.0,0.0,1.0,210.64,762.82,1730.07,368.56,79.92614328224393,12.16923361,0.11560816678571444,0.010134183333333335
0.0,6.921262774943056,3.2411328637224965,0.6582719755324061,0.20928289418043178,433.0,69.51268782384781,40.00629500585739,0.0,0.0,0.0,2.0,1.0,1.0,1976.28,407.9,2528.11,229.78,82.15949855188447,12.14154882,0.16861910141666678,0.015324352777777765
0.0,7.185417703435005,4.447413214924159,0.645883943429263,0.12868784536247344,395.0,87.49545310926406,79.87757356206167,0.0,1.0,0.0,1.0,0.0,0.0,2823.94,340.35,190.55,268.99,84.96974794853936,11.98789731,0.5544286342380953,0.01588179761904761
0.0,7.224575400815356,4.063058839026174,0.5715349948028577,0.16387586146256292,1.0,60.303161318206705,40.08106654559111,1.0,1.0,0.0,0.0,1.0,2.0,329.13,164.44,4048.1,687.35,89.41559206201542,11.15941426,0.8107657655555559,0.15769875
0.0,7.188648936133608,2.9441840762901195,0.6508659851216325,0.22970883635122358,110.0,73.88850012075198,42.92854871876536,0.0,0.0,0.0,2.0,0.0,2.0,403.29,171.22,1596.1,315.44,89.43071134795315,12.15886786,0.5610077093333334,0.010062500000000005
0.0,7.026183310837933,2.104786060620466,0.6588178111668659,0.22531661267732175,504.0,71.45245688119064,34.78318753944682,0.0,1.0,0.0,1.0,0.0,1.0,128.43,521.68,158.09,205.08,90.78010455294674,12.08804791,0.4117106874166666,0.0047359619047619
0.0,7.206111223369277,2.9557352113188085,0.6476068515863254,0.36269089732348325,143.0,76.61400929933184,48.12862982714298,0.0,0.0,2.0,1.0,0.0,1.0,2149.73,176.05,176.55,363.53,90.67312659143177,11.11070556,0.5959136845714288,0.1560245
5.0,7.096822135029412,3.426472020786267,0.6540430838979756,0.3408706184531891,143.0,93.23786346064676,36.01132759861488,1.0,1.0,2.0,2.0,0.0,0.0,2956.94,197.36,2886.28,195.34,36.23917980350888,11.84330907,0.1701979440000002,0.026979749999999997
4.0,7.156358357305175,2.896534595827944,0.6992598282404718,0.3610434146898864,424.0,69.15544302039201,57.2262563644767,2.0,1.0,0.0,0.0,1.0,1.0,290.24,385.87,2911.67,196.77,53.63028655502309,11.54519526,0.45141826299999965,0.011134083333333333
5.0,7.1462879277491576,3.5884195960922245,0.6984297038408223,0.33519502899816184,172.0,96.03591693072615,36.62127290384498,1.0,1.0,0.0,2.0,0.0,1.0,2898.65,193.89,2891.13,195.11,90.35028773395075,11.58610567,0.9285240020000002,0.010062500000000004
0.0,6.51758892725083,2.4305220940359447,0.6355583201567541,0.1816535955766901,219.0,76.32456457428617,48.346084161765745,2.0,0.0,0.0,0.0,1.0,1.0,2877.59,168.07,70.28,534.16,97.22475931133259,11.5257637,0.4378448859999998,0.002609
0.0,7.116164307237452,2.999492686132998,0.6808677735746,0.22070052511655303,375.0,77.13015859118767,49.237465436010105,0.0,1.0,0.0,1.0,0.0,0.0,3681.29,733.16,755.82,276.56,91.16181553475533,11.31854472,0.42511000199999976,0.08285028333333334
0.0,7.178025687148257,3.8277189139953403,0.540384816205118,0.23441745108784437,441.0,96.80311930961831,40.98393239382488,1.0,1.0,1.0,1.0,1.0,1.0,300.94,149.28,2405.18,406.77,87.2764310365017,12.13609494,0.7015718801666669,0.23509412380952363
0.0,6.8127685289677204,2.1629086338699923,0.6516567319639816,0.17223588302676796,1.0,80.03126393110902,30.444785281103147,0.0,0.0,0.0,0.0,0.0,2.0,3009.75,615.6,947.86,795.78,91.54807745067511,11.48764236,0.423922971,0.009541966666666667
5.0,7.191785629559427,3.972665465492435,0.6608405039875597,0.23228819988257682,146.0,79.83450159455542,30.424105163053408,0.0,1.0,1.0,0.0,0.0,1.0,2764.11,194.83,2872.19,201.04,91.30393210355896,11.96878263,0.9247827510000005,0.0073050000000000025
5.0,7.289370224403326,2.98660084130713,0.7066135681751354,0.22892529118849145,1.0,77.58393903907196,50.378347048077785,0.0,0.0,1.0,2.0,0.0,2.0,2939.18,197.06,2916.71,200.29,91.95717488258602,11.98037462,0.9093373960000002,0.012726499999999996
0.0,7.120098036284741,2.337300627419884,0.6827073932339771,0.1945151876921572,332.0,76.67204759318302,37.58150546751969,0.0,0.0,0.0,2.0,0.0,2.0,2299.52,471.19,1596.1,315.44,94.59849810090475,12.22577255,0.5732666516666667,0.012274341666666664
0.0,7.028285594626708,2.0858797832185454,0.6602480243775672,0.13983380912060997,451.0,96.08556332700132,42.73849997811276,1.0,1.0,1.0,2.0,0.0,1.0,526.6,250.38,305.31,750.11,91.1630798613199,11.21870049,0.40102009499999985,0.15359371428571428
5.0,7.462182356113234,2.8955216043519596,0.6673255272597385,0.3807091670489665,176.0,85.03561990574538,45.87737321595749,2.0,0.0,1.0,0.0,1.0,1.0,2535.26,188.57,2842.21,194.08,30.922863693959556,11.41497853,0.3686264634999997,0.01979149999999999
0.0,7.215098157200989,2.0928123796845672,0.6567817307033823,0.3387708828530496,564.0,91.90328874627072,41.25133009320727,1.0,1.0,0.0,2.0,1.0,0.0,2574.21,202.37,3436.33,223.66,98.66309652624713,11.70058615,0.808362020666667,0.16182825714285706
0.0,7.23381440337529,2.2020953876898894,0.656023831527624,0.22242027250827,121.0,88.8309727751527,44.67641346001853,2.0,0.0,2.0,2.0,1.0,0.0,2250.17,407.14,2381.88,335.87,32.19993931069722,12.23143697,0.34695105749999977,0.04045922777777777
4.0,7.1299982800188815,2.9583080846598713,0.6401924252213339,0.22583484164173875,92.0,74.8205113205417,39.146341759348076,2.0,1.0,0.0,2.0,1.0,0.0,2360.09,171.92,2850.06,197.14,90.31814380451944,11.4992673,0.8834024170000003,0.019005999999999995
2.0,7.196078455083717,3.6412759885040415,0.7704171712887068,0.20715561175892352,92.0,79.81069705243449,48.81930446030731,2.0,1.0,1.0,0.0,1.0,0.0,836.12,210.0,2504.14,199.66,95.92677922513569,11.21450668,0.7807348916666673,0.12895616666666665
0.0,7.1907921400811805,2.7953946848458564,0.6586559816957005,0.16766166678822855,1.0,81.90341945489483,50.90012596797359,0.0,0.0,1.0,2.0,1.0,1.0,1889.35,340.61,631.28,692.81,96.60471163865571,11.38437982,0.554105079904762,0.008954
5.0,7.188714810925737,4.310441070216643,0.7190904248158682,0.21293522547976992,1.0,77.43775937568306,39.35752545691873,0.0,1.0,1.0,2.0,1.0,0.0,2700.97,187.68,2876.2,198.24,97.39524929182308,12.15095342,0.876482335666667,0.018148307142857135
0.0,5.98157633358453,4.187328283356343,0.6423994181456893,0.36868234279459855,488.0,72.97642758514472,36.923166160076164,2.0,0.0,1.0,1.0,0.0,1.0,210.64,762.82,1730.07,368.56,81.13612475533924,12.26656823,0.24274574678571423,0.01178185833333333
0.0,7.415295062312526,3.9196813242692805,0.5764143207052584,0.1669403606516466,159.0,55.87322896684074,43.38479660224801,1.0,1.0,0.0,0.0,1.0,2.0,329.13,164.44,4048.1,687.35,91.83260153107692,11.20476036,0.8107657655555559,0.15631216666666664
5.0,7.471254893489526,2.7835802889855765,0.6884327742829979,0.2287479181038923,196.0,86.35511444845112,37.92039501943204,0.0,0.0,1.0,0.0,0.0,2.0,2956.35,197.28,2907.69,205.25,39.13131031424588,11.09386374,0.3900078139999997,0.14002070000000003
0.0,7.229783338669894,2.047806631638434,0.5941329186159895,0.30324454173692894,693.0,64.44672669092597,93.98127369539884,2.0,0.0,1.0,1.0,1.0,2.0,2435.56,591.61,1462.01,536.68,97.84670940761518,12.00947781,0.5302703809999999,0.15947328333333327
0.0,6.921262774943056,3.2411328637224965,0.6582719755324061,0.20928289418043178,433.0,69.51268782384781,40.00629500585739,0.0,0.0,0.0,2.0,1.0,1.0,1976.28,407.9,2528.11,229.78,82.15949855188447,12.14154882,0.16861910141666678,0.015324352777777765
0.0,7.175747591953194,2.2922876119263624,0.6603500867065432,0.23465120769849238,530.0,66.38603173676489,42.764200642083225,2.0,0.0,1.0,0.0,1.0,1.0,3121.12,256.79,4294.02,721.07,89.42367411406718,11.52002226,0.7995478546666671,0.14896304999999999
0.0,7.466858519041966,2.275928870718296,0.6423725519099918,0.22074688184614882,192.0,92.71496677873631,36.327690806433104,0.0,0.0,0.0,0.0,0.0,2.0,2974.93,410.44,3634.84,277.1,85.36052751425925,12.24726628,0.7994100653333337,0.014908927777777763
0.0,7.010316193020773,2.7880435661628367,0.651677570752054,0.36184687486012385,143.0,73.26579237795276,44.61148443960897,0.0,0.0,2.0,1.0,0.0,1.0,2033.75,173.97,176.55,363.53,35.673380654170174,11.11186607,0.0750740066666666,0.14593375000000003
0.0,7.448312725188357,2.411396876482033,0.7069653558060672,0.34815996397465443,220.0,93.93008499314686,46.92215722775256,0.0,0.0,2.0,1.0,1.0,1.0,2701.9,163.62,1449.88,242.42,36.44408687325045,11.11012214,0.23810674899999992,0.19012945000000006
3.0,7.102711540935179,2.920216334370998,0.704977929142383,0.2039224847026603,177.0,72.87505272372528,35.332530379766474,0.0,1.0,1.0,1.0,0.0,2.0,156.52,242.37,2896.08,198.18,48.65791261302744,11.52249754,0.09971535,0.005980150000000002
0.0,7.1311307476403405,4.320681107927081,0.6910376718168986,0.16417199221346443,169.0,79.63798619204937,48.6355304191457,0.0,0.0,0.0,2.0,0.0,2.0,148.0,743.6,1777.71,414.59,92.8515456081205,11.45511146,0.5192443674285717,0.00879591666666667
0.0,7.124206202926269,2.6373451598431172,0.5432966876706435,0.3236237686570875,440.0,63.51528407629665,40.73244470210485,0.0,0.0,2.0,1.0,1.0,1.0,2701.9,163.62,1449.88,242.42,92.28771593783895,11.12842676,0.594238061,0.2385122000000001
0.0,7.099881386605102,3.580018688750301,0.7362644456607779,0.2227204126177895,331.0,77.03572982699448,50.846495481412575,0.0,0.0,0.0,1.0,1.0,1.0,367.53,177.39,2229.06,294.91,93.24503457428261,12.26842167,0.45109069699999993,0.01680283333333332
0.0,7.12006067377873,4.079237542042514,0.7074697190870942,0.22073891826002717,508.0,94.25713121893864,34.48883144034071,0.0,1.0,1.0,2.0,1.0,0.0,4332.25,220.93,1623.48,284.73,32.829477630593836,12.30002911,0.30660160941666653,0.01904336428571428
0.0,7.226135098728709,4.398108944496646,0.6433481404818,0.3437791896800969,1.0,90.05556763887608,45.93482881338691,1.0,1.0,2.0,1.0,1.0,0.0,317.52,158.49,3108.03,421.63,88.81856466182965,11.75628741,0.8074546080000001,0.065973
0.0,7.289857085925736,3.7834514686720464,0.5032711600200308,0.15897116399757769,1.0,59.22561928347517,41.96874089974114,0.0,0.0,1.0,1.0,0.0,0.0,377.77,164.14,4200.11,792.34,89.43737090343001,11.60190988,0.8043289870000003,0.052090500000000046
0.0,7.223657234719413,4.362642190441458,0.7032580892086974,0.23240205074529435,332.0,97.01185842065973,42.93670964022756,0.0,1.0,1.0,0.0,1.0,1.0,402.89,183.86,3785.3,270.22,85.52736149629067,11.11924741,0.7753994380000003,0.2650034999999998
0.0,5.738037981670456,2.79048993602031,0.7036137827685607,0.13179615129973496,294.0,88.65572304371626,49.96390143259663,2.0,0.0,0.0,2.0,1.0,2.0,3313.08,212.76,3635.85,690.65,34.080111040394584,12.37029545,0.3686802933452381,0.018193527777777777
0.0,5.918970291273193,2.5477052378064404,0.6603160756748869,0.21668739907470147,398.0,86.89056017522645,50.26764369767574,2.0,1.0,1.0,0.0,1.0,2.0,394.74,767.75,1983.4,299.33,65.57478526603977,11.87287095,0.04907230000000001,0.0
0.0,6.93604207982678,2.34274842766725,0.6454462029405392,0.22093178650963535,1.0,79.57004113734813,41.58593448523271,0.0,0.0,0.0,2.0,1.0,1.0,1976.28,407.9,2528.11,229.78,37.53261556471716,12.0141163,0.08503178416666657,0.016902344444444432
0.0,6.93604207982678,2.34274842766725,0.6454462029405392,0.22093178650963535,1.0,79.57004113734813,41.58593448523271,0.0,0.0,0.0,2.0,1.0,1.0,1976.28,407.9,2528.11,229.78,37.53261556471716,12.01412199,0.08503178416666657,0.016902344444444432
0.0,5.896514039646629,4.34207585039956,0.5325811476793023,0.360725403617424,191.0,76.38307016758779,73.42918530972773,1.0,1.0,2.0,0.0,0.0,1.0,266.04,133.01,1354.43,361.91,81.98902273474607,11.4198241,0.08313612449999994,0.048864750000000005
0.0,7.499106083537464,2.6020269549508903,0.6551496160663457,0.2348222755807595,1.0,95.4753698057707,42.98861479655537,2.0,0.0,0.0,0.0,0.0,0.0,2016.6,417.93,1559.79,221.11,93.69101892971841,12.1628886,0.5803608060000002,0.02528386666666666
0.0,7.202545979183091,3.234116564626297,0.6672575533346496,0.3648485366655523,265.0,73.49652208366057,57.86106153910082,0.0,1.0,1.0,1.0,0.0,2.0,58.26,254.49,1961.04,223.67,60.693277585811686,11.54945028,0.29895598599999973,0.014191783333333326
0.0,7.2307197433763815,2.28942733734689,0.550477065858214,0.19850885818164246,468.0,69.89973287043125,44.61681851144789,1.0,0.0,2.0,1.0,1.0,0.0,3077.84,434.87,3537.83,710.51,92.50781915720427,12.17365942,0.7321103333333336,0.05887622777777778
0.0,7.07285589951745,4.358370662311586,0.6760749236519675,0.21342999883564345,343.0,95.88304315277739,46.76819101338061,2.0,1.0,1.0,2.0,1.0,0.0,3992.77,789.41,1400.13,767.97,87.42203269539331,11.19720196,0.4345835970952379,0.20104611666666672
0.0,7.185417703435005,4.447413214924159,0.645883943429263,0.12868784536247344,395.0,87.49545310926406,79.87757356206167,0.0,1.0,0.0,1.0,0.0,0.0,2823.94,340.35,190.55,268.99,84.96974794853936,11.98789835,0.5544286342380953,0.01588179761904761
2.0,7.21535357021033,3.8937351970214293,0.711510129336956,0.22037160510870324,363.0,91.23514534350204,41.532560248362245,1.0,1.0,0.0,1.0,1.0,1.0,496.61,196.7,2524.23,202.14,95.542090564203,11.42146666,0.7530821361666672,0.012687666666666654
2.0,7.174505455098749,4.4610727516599455,0.7025721980368727,0.39184525783484486,458.0,76.43432402611634,90.29602503897,0.0,1.0,2.0,1.0,1.0,0.0,118.87,351.99,2503.55,199.1,98.21138600120875,11.27493298,0.7370415453333337,0.17930296428571424
5.0,7.389662967622531,3.8929238319914945,0.7026661765545331,0.21499169189586728,156.0,89.27461330574248,35.6581023355416,0.0,0.0,1.0,1.0,0.0,1.0,2804.38,195.12,2814.54,198.06,97.86347091572114,11.55781086,0.9150047920000004,0.01426699999999999
2.0,7.308070724444571,4.010487601584621,0.7275950006257558,0.23210639817076634,110.0,94.1666704137657,46.68060933680618,2.0,0.0,0.0,0.0,1.0,1.0,545.18,195.08,1400.0,200.0,98.71311698462901,11.49312885,0.5523258220000002,0.01957466666666665
0.0,6.583038958856958,2.7505485409175643,0.6287404119387004,0.2374082467028198,189.0,80.03959892848779,51.21153318128511,2.0,1.0,1.0,1.0,0.0,2.0,986.05,181.38,707.5,747.35,45.63152205123131,11.39921962,0.04907230000000001,0.006104000000000001
0.0,7.169703422792393,4.401372469818521,0.6640404753725654,0.3278283952110533,420.0,78.14974340061424,41.37220910820259,1.0,0.0,2.0,0.0,0.0,1.0,897.86,674.11,1003.85,774.62,93.26740161906592,11.4886091,0.5060966204285715,0.027892983333333343
3.0,7.120802554926876,3.1471298226083326,0.6558510641828927,0.2311971657718624,243.0,75.69295954623892,44.65996935269861,2.0,0.0,0.0,2.0,1.0,0.0,466.64,180.5,2874.06,201.93,93.42687118384737,12.20328957,0.764994392166667,0.019040416666666653
5.0,7.200640958170929,2.994080958234854,0.6976609502292058,0.3749614949923801,143.0,88.63477971270095,83.91497912165899,1.0,1.0,2.0,2.0,0.0,0.0,2462.68,187.56,2886.28,195.34,97.17733418160898,11.84328215,0.8599610210000003,0.037017749999999995
0.0,7.003295292371348,3.0692316692531,0.6544193059869974,0.1585438731580529,230.0,74.46900665219894,50.087246551446086,2.0,0.0,1.0,1.0,0.0,0.0,324.43,173.64,2587.67,305.43,85.51737983286456,11.61346666,0.5145065139999996,0.02727775
1.0,7.194688030495539,2.877624308817447,0.6717491396891542,0.17918384986827945,310.0,86.08792858560757,45.02323077651265,2.0,0.0,0.0,1.0,0.0,0.0,363.25,161.1,2891.72,235.12,91.8623598694774,12.15363125,0.7469401096666669,0.04779252777777779
0.0,7.159283139136943,2.078433937405999,0.592016993145395,0.32323722178720427,695.0,97.23095368922647,95.3622942902964,1.0,0.0,1.0,0.0,0.0,1.0,2285.24,461.01,1972.2,631.59,90.59972325861432,11.25425353,0.6824140878333335,0.2795407809523809
0.0,7.13536282679513,2.7759503429301673,0.6603851648251279,0.3806881420558004,545.0,72.73954053818295,90.73084721830102,1.0,0.0,0.0,1.0,1.0,1.0,1810.22,215.79,77.26,630.9,71.26537468886335,11.57265976,0.34298634723809507,0.15955266666666662
2.0,7.175494912242381,4.250085364845434,0.6525981876405361,0.22655674492583425,1.0,73.72926633611812,41.638934716298934,1.0,1.0,0.0,0.0,1.0,2.0,647.35,191.87,2970.5,198.32,86.9268130698563,11.15940283,0.8128690336666671,0.122657
1.0,5.799720647232155,3.174190684528869,0.6552177078412962,0.21738882108380472,195.0,77.06155157002357,46.480240593178976,2.0,1.0,1.0,2.0,1.0,0.0,110.69,488.87,519.32,262.95,91.46822054736617,11.19888415,0.389151327,0.12887524999999994
0.0,5.918970291273193,2.5477052378064404,0.6603160756748869,0.21668739907470147,397.0,86.89056017522645,50.26764369767574,2.0,1.0,1.0,0.0,1.0,2.0,394.74,767.75,1983.4,299.33,65.57478526603977,11.87284347,0.04907230000000001,0.0
0.0,7.024712780200352,2.802781159707603,0.6609071817866934,0.37015474274504445,361.0,70.50347362377089,40.086315244933,2.0,0.0,2.0,2.0,1.0,0.0,2250.17,407.14,2381.88,335.87,91.30064739262598,12.30372892,0.5279149954166666,0.046312625
4.0,6.578861467793967,4.460736497271855,0.7812591867515375,0.22585677015156358,462.0,73.18934064560221,37.30175359740352,2.0,0.0,1.0,1.0,1.0,2.0,2062.0,179.59,2914.33,199.42,57.92290798295481,11.94018692,0.16849042775000023,0.013567599999999999
2.0,7.412253227928245,4.4595616679441425,0.670649799530104,0.391322601999598,335.0,92.65486250659451,41.368313302845536,0.0,1.0,0.0,1.0,0.0,1.0,104.08,278.9,1676.47,169.83,30.16187799833864,12.03736869,0.30272103533333333,0.03598500000000002
0.0,7.120955485254656,2.351229672805614,0.5329166189330083,0.23650156688756402,133.0,94.51727730810289,47.07113828136927,2.0,1.0,1.0,0.0,1.0,2.0,394.74,767.75,1983.4,299.33,91.30694655150707,11.79336932,0.6802264606666669,0.004743033333333333
0.0,7.215098157200989,2.0928123796845672,0.6567817307033823,0.3387708828530496,564.0,91.90328874627072,41.25133009320727,1.0,1.0,0.0,2.0,1.0,0.0,2574.21,202.37,3436.33,223.66,98.66309652624713,11.70058615,0.808362020666667,0.16182825714285706
3.0,7.185630542930565,2.872409513501819,0.7373422673769879,0.36025224939093875,191.0,92.85445677379712,35.935935649425545,1.0,1.0,2.0,0.0,0.0,1.0,400.0,200.0,2876.81,194.16,31.610662077621065,11.41982738,0.32782839749999965,0.020059499999999987
0.0,7.121192607135831,2.701332099567915,0.649889954439124,0.1841562234683752,97.0,73.39572775822609,52.00658785326019,1.0,1.0,0.0,2.0,1.0,1.0,345.57,151.68,4434.23,442.63,93.66851751712151,11.7512735,0.7685944860000004,0.03887850000000002
0.0,7.026369793683188,3.439512314784437,0.6423684301123472,0.33776096238219777,250.0,91.2141054007329,36.060930016509644,1.0,1.0,2.0,1.0,1.0,0.0,3052.09,573.87,3108.03,421.63,97.7460850353913,11.8309645,0.5752165596666664,0.03812141666666667
4.0,7.120232684005073,2.8419652129743445,0.6571624114855372,0.22609291970826373,138.0,79.4444603718848,41.70719076167082,2.0,1.0,0.0,0.0,1.0,1.0,1173.0,171.24,2851.42,193.68,94.75967975085729,12.24009332,0.784944647166667,0.018480749999999987
0.0,7.16124406518311,3.9277215892252557,0.5434184578822315,0.1550964796464595,229.0,77.70705783182679,37.41255665835277,2.0,1.0,1.0,2.0,1.0,0.0,2654.51,164.83,1400.13,767.97,90.35646836730942,11.16231468,0.6046330785555558,0.20482670000000003
2.0,7.4784246087950335,4.02153404345893,0.6768297918922171,0.22636741888451203,311.0,78.59050831038059,38.00599675944561,0.0,0.0,1.0,1.0,0.0,1.0,587.31,193.74,2735.55,197.24,91.6155522295428,11.60338772,0.7605098766666671,0.019779999999999985
0.0,7.028285594626708,2.0858797832185454,0.6602480243775672,0.13983380912060997,451.0,96.08556332700132,42.73849997811276,1.0,1.0,1.0,2.0,0.0,1.0,526.6,250.38,305.31,750.11,91.1630798613199,11.21870049,0.40102009499999985,0.15359371428571428
0.0,7.160445166785606,2.8482330513440273,0.7087745610288593,0.357997379258953,536.0,70.36151010361638,95.68406541976564,0.0,0.0,2.0,0.0,1.0,2.0,3572.83,278.65,1329.62,782.03,95.3298100012275,11.31748321,0.5624315663333332,0.25078638333333336
1.0,7.282305573762837,3.140286895914689,0.6754586741236812,0.20801505495656927,177.0,74.61558535015094,47.14241363617524,0.0,1.0,1.0,1.0,0.0,2.0,58.26,254.49,1727.25,213.81,62.5468845333663,11.52248231,0.2290074753333333,0.013952449999999991
0.0,7.175747591953194,2.2922876119263624,0.6603500867065432,0.23465120769849238,530.0,66.38603173676489,42.764200642083225,2.0,0.0,1.0,0.0,1.0,1.0,3121.12,256.79,4294.02,721.07,89.42367411406718,11.52002226,0.7995478546666671,0.14896304999999999
0.0,5.833502641222619,4.331408815064829,0.6600127624047281,0.22680186960275647,404.0,75.79189736488586,39.488233108940676,1.0,1.0,0.0,2.0,1.0,2.0,3694.11,789.08,1500.49,362.55,97.30183105413155,11.30104751,0.4288763717619046,0.16640036666666666
1.0,7.107651514046357,2.991930862952356,0.653104084927617,0.22302782778853034,135.0,74.18808532798066,37.24783757076292,2.0,0.0,1.0,2.0,1.0,2.0,519.91,196.0,1371.8,217.54,88.66555179908698,12.28256613,0.40611594666666656,0.012423166666666662
1.0,6.818170302202418,3.112946961068746,0.5693685000284017,0.2297012327004692,337.0,77.77936254457865,37.148885370822576,1.0,1.0,1.0,1.0,0.0,1.0,296.82,143.14,4281.79,292.47,92.95724440594876,11.52559094,0.5664237291666664,0.0412515
0.0,7.339085930021055,4.3929810353949685,0.7138068277955336,0.3177445566872472,289.0,88.68550050631897,70.60393981517937,0.0,0.0,2.0,1.0,1.0,1.0,1913.61,326.97,825.52,691.49,31.741380842543798,11.40121402,0.2289610617222221,0.024076433333333345
1.0,7.436221962017881,3.557842024155736,0.6603159293718834,0.3688948073921905,139.0,90.68730277769987,47.61560828457962,1.0,0.0,2.0,0.0,0.0,1.0,352.49,184.13,1003.85,774.62,98.12733189408254,11.40491788,0.5425752443333336,0.025849499999999997
0.0,7.121424395286036,4.3430627409899465,0.6499929277531895,0.22519742248670743,169.0,78.65655022480489,41.13379391897201,0.0,1.0,0.0,0.0,0.0,0.0,331.56,160.89,2208.45,330.22,94.05700060592099,11.35344167,0.7249787110000004,0.044153250000000026
1.0,7.4251491319702945,4.024889724009722,0.6476304937728191,0.35887241225146654,145.0,71.8606881032476,44.09284690606805,1.0,0.0,2.0,1.0,1.0,0.0,574.86,194.62,4331.73,745.12,33.44308486197217,12.01882806,0.3573467485555553,0.022732027777777778
3.0,7.140342039890273,3.9185488514774867,0.7373206309624816,0.3611192878930369,152.0,59.891916562836585,42.057627173005265,1.0,1.0,1.0,1.0,1.0,2.0,451.52,188.38,2802.74,198.55,97.01866471993247,11.56638554,0.7887005015000006,0.013057499999999994
1.0,5.799720647232155,3.174190684528869,0.6552177078412962,0.21738882108380472,1.0,77.06155157002357,46.480240593178976,2.0,1.0,1.0,2.0,1.0,0.0,110.69,488.87,519.32,262.95,91.46822054736617,11.26245197,0.389151327,0.12886174999999994
0.0,7.139841512327337,2.0029114507210535,0.7176630405317425,0.3785519256485408,329.0,81.04794556616162,82.08817938150956,2.0,0.0,0.0,0.0,1.0,1.0,4178.6,693.29,70.28,534.16,91.63574413455213,11.5588442,0.5455070049999999,0.01624984999999999
4.0,5.9743573447749885,3.839571553129246,0.7160917728455016,0.20200846691546115,120.0,76.28024153940548,84.47537724588054,2.0,0.0,0.0,2.0,0.0,0.0,1672.79,167.53,2955.58,200.16,93.23012270923334,11.51348937,0.6150811609999997,0.021231999999999994
0.0,7.438633847395626,2.3413895727857095,0.6536300718326382,0.10791347748746608,199.0,86.4765109080139,46.60948529848868,0.0,0.0,0.0,1.0,1.0,1.0,3059.04,338.15,2547.95,572.69,96.05376972239326,11.11414929,0.8077509076666671,0.13877620000000002
1.0,6.959449145704509,2.9605127573311107,0.535788123072673,0.18485469084938266,310.0,79.24446272322854,55.36122036932621,2.0,0.0,0.0,1.0,0.0,0.0,363.25,161.1,2742.97,198.59,96.69308873670019,12.15362665,0.5112349918333331,0.0496362777777778
1.0,7.196449511331687,2.9692149657150284,0.6586886148682047,0.22575835432098845,125.0,73.39555894840082,39.814011843263735,2.0,1.0,1.0,2.0,0.0,1.0,355.63,173.8,2432.66,613.06,88.3564432697919,12.30137698,0.746677593666667,0.01046283492063492
0.0,7.040732000553045,2.311196725330522,0.6792099347877671,0.2227309587917048,337.0,89.0982515128783,51.22858775822965,0.0,0.0,0.0,0.0,0.0,2.0,3009.75,615.6,947.86,795.78,82.09254970527219,11.5848947,0.10094294966666667,0.010444266666666669
0.0,7.202705981366366,2.033478003312793,0.660494531393194,0.34593366806200015,545.0,72.60325502944328,95.00073975676969,1.0,0.0,0.0,2.0,0.0,0.0,1808.47,343.5,2436.27,221.71,86.76986724897266,12.28424881,0.7008004173333334,0.12917258611111107
0.0,7.099881386605102,3.580018688750301,0.7362644456607779,0.2227204126177895,331.0,77.03572982699448,50.846495481412575,0.0,0.0,0.0,1.0,1.0,1.0,367.53,177.39,2229.06,294.91,93.24503457428261,12.26842183,0.45109069699999993,0.01680283333333332
2.0,5.9936830624040445,3.844390598215458,0.6618594122110559,0.3634625314990443,335.0,81.99283703171382,42.531739971822645,0.0,1.0,0.0,1.0,0.0,1.0,110.16,339.59,2014.25,180.3,92.98377451675765,12.03738652,0.5282871966666668,0.02666283333333332
0.0,7.181197187772481,2.0073114225036495,0.5897157291368358,0.22107266779695797,599.0,97.14209463750299,42.22514133768976,0.0,0.0,0.0,1.0,1.0,1.0,3059.04,338.15,2547.95,572.69,94.3052948667435,11.17753847,0.7671107303333337,0.29480132261904757
0.0,7.120263729633784,4.305391942749147,0.6552679001741251,0.23649846468563393,168.0,72.48085370893075,41.69877191329249,1.0,1.0,1.0,1.0,0.0,1.0,324.16,162.08,4338.47,298.47,96.83983202003155,11.47591368,0.8075533730000002,0.03642200000000001
0.0,7.042857581996531,3.159791700503923,0.6419450043306432,0.3728575871718141,112.0,92.97648863085142,74.59630778866179,0.0,0.0,2.0,0.0,1.0,1.0,339.56,166.71,1597.98,306.47,98.77859826996745,11.3332773,0.3730273399999999,0.021920749999999996
0.0,7.116294935410593,4.450032208959644,0.6819088585431634,0.36411750664341097,170.0,92.37444410726161,85.17966053439643,2.0,1.0,1.0,0.0,0.0,0.0,3035.95,476.62,3222.69,767.67,68.4606764161746,11.84423621,0.12150392266666668,0.01567027777777777
0.0,7.289122374430048,4.279695123174104,0.6537988104611706,0.38998489233596795,518.0,81.90791141514536,61.56636158902822,1.0,1.0,0.0,2.0,0.0,1.0,3669.82,251.12,3541.71,676.44,90.60084935435894,11.68937762,0.7960923190000004,0.011053407142857144
0.0,7.2139359887376635,4.339314481313706,0.5243682187302179,0.3909430243367713,363.0,77.12791960737954,44.31400256967542,1.0,1.0,2.0,1.0,0.0,0.0,1975.07,415.23,4004.57,246.63,88.47324192764236,11.74625508,0.8020494810952384,0.039801
0.0,6.538894377956049,2.104423054363626,0.6524827393921225,0.2154667160116125,323.0,70.19790647000553,42.61094696993359,0.0,0.0,0.0,1.0,1.0,1.0,2233.51,464.92,2434.94,304.36,80.45294716209604,12.29929284,0.1271326269166668,0.014530894444444437
3.0,7.214155988561189,3.0316560571479316,0.6686097626794891,0.2235749462511638,131.0,48.572770701273065,47.59057201100933,0.0,1.0,0.0,2.0,1.0,1.0,428.36,173.65,2920.11,196.01,94.43228099553752,11.4291731,0.7991114170000004,0.011279000000000004
0.0,7.417361849689981,2.9171482510299303,0.7289292826834363,0.22018760577638655,361.0,89.70764245496449,38.47462704148742,2.0,0.0,0.0,2.0,0.0,0.0,4060.6,216.13,2338.88,323.46,30.939436238890593,11.585807,0.393222509083333,0.023864074999999988
0.0,7.223610831624123,3.161587583345541,0.6576892414256552,0.2239951850905623,370.0,79.58300044870283,39.96617123960778,2.0,0.0,0.0,1.0,1.0,0.0,852.89,736.36,4377.75,457.08,94.89787731270162,11.83702476,0.7378904990000005,0.021135394444444438
0.0,7.1717049671493225,3.1680289120158394,0.6497316553984027,0.21678002132932794,414.0,84.21851983392128,40.87671488438157,2.0,1.0,0.0,0.0,1.0,1.0,3522.42,761.63,2418.01,668.18,94.33621324016079,12.32254217,0.7169598693333338,0.007152484920634923
3.0,7.334191217997917,3.8060801846469614,0.7038441932292235,0.20998651201297414,353.0,91.57464276909955,37.93713891634859,2.0,0.0,1.0,0.0,1.0,1.0,807.06,186.55,2842.21,194.08,91.26211325808693,11.46636967,0.7459225490000004,0.0237601
0.0,7.024712780200352,2.802781159707603,0.6609071817866934,0.37015474274504445,362.0,70.50347362377089,40.086315244933,2.0,0.0,2.0,2.0,1.0,0.0,2250.17,407.14,2381.88,335.87,91.30064739262598,12.30375335,0.5279149954166666,0.046312625
0.0,7.220255994838942,3.542336438746357,0.6600849174263339,0.16608099858879805,365.0,79.41658428854052,38.94292013839297,2.0,0.0,0.0,2.0,1.0,0.0,1535.08,500.33,2499.7,526.28,91.53965065673668,12.24060789,0.7106444793333335,0.023086802777777776
0.0,6.978282000132473,2.4931093803671693,0.6604600181423275,0.21141366602154993,126.0,91.15654102267031,37.0080777358038,0.0,0.0,1.0,2.0,0.0,0.0,2184.49,263.17,70.15,332.47,31.736893423159984,11.39983978,0.10276175966666674,0.01902833333333332
1.0,7.328154250026378,2.537614622424564,0.5753124013574032,0.17766959719406739,1.0,80.35885346997073,46.67066553710323,2.0,0.0,1.0,1.0,0.0,2.0,378.77,163.12,1329.85,255.25,86.93109355907848,11.26621843,0.5453230493333335,0.15385141666666666
0.0,7.120955485254656,2.351229672805614,0.5329166189330083,0.23650156688756402,133.0,94.51727730810289,47.07113828136927,2.0,1.0,1.0,0.0,1.0,2.0,394.74,767.75,1983.4,299.33,91.30694655150707,11.79395431,0.6802264606666669,0.004743033333333333
2.0,7.180768365391569,2.9931883321295003,0.6524669051984658,0.17800255237522036,155.0,81.29087373793085,39.33593346577847,2.0,0.0,0.0,1.0,0.0,0.0,363.25,161.1,2837.83,199.4,94.48230598723379,12.10804148,0.7630075663333338,0.04459524999999998
0.0,7.212201825484211,3.01190096075783,0.6555182191683869,0.20041685230587927,356.0,81.71096219915607,46.03558731467119,1.0,1.0,1.0,1.0,1.0,1.0,751.28,209.26,618.66,271.69,84.51808543334099,12.23051395,0.5429675815714284,0.006770223809523811
0.0,7.105096532802523,3.0580182166141445,0.6460011088453872,0.10328708248918908,334.0,72.9115644242764,80.9891722929095,2.0,1.0,0.0,2.0,0.0,0.0,1451.39,625.46,1632.24,272.26,60.03618122828378,11.60867361,0.07639399199999994,0.013427916666666666
0.0,7.033642014148481,3.027942899067694,0.6573660944426695,0.2186718609237247,363.0,77.9591016417277,49.92938650941349,1.0,0.0,0.0,1.0,1.0,1.0,349.05,171.56,77.26,630.9,93.48263091500333,11.51779531,0.3792149393333331,0.009819333333333334
0.0,7.159452596419646,2.879561697753255,0.6554245765203555,0.22290415974917566,475.0,88.51030123445014,32.76214776924448,1.0,1.0,0.0,0.0,1.0,2.0,2044.89,611.18,4048.1,687.35,65.33922215073258,11.29913046,0.36134755416666636,0.17470496428571425
1.0,7.212847103757413,2.950135590242726,0.662840311943165,0.32797941121115254,279.0,72.50364191681713,40.238978225244615,1.0,0.0,2.0,0.0,0.0,1.0,188.14,181.53,1003.85,774.62,95.29280154146971,11.44581712,0.5534219593333335,0.02879453333333334
0.0,7.223012171070274,2.075434110751282,0.5937916845971056,0.34337678207332906,691.0,76.4398581014927,39.41238016081495,2.0,0.0,1.0,1.0,0.0,0.0,1466.4,709.97,2587.67,305.43,87.9950077771109,11.74914463,0.7023556140000002,0.1411464
0.0,7.033642014148481,3.027942899067694,0.6573660944426695,0.2186718609237247,363.0,77.9591016417277,49.92938650941349,1.0,0.0,0.0,1.0,1.0,1.0,348.33,172.92,77.26,630.9,93.48263091500333,11.51779995,0.3792149393333331,0.009819333333333334
0.0,7.058871536063159,2.3060451322034363,0.660360633459059,0.21434251950305624,505.0,93.75667700755335,50.22824674082334,0.0,0.0,0.0,0.0,0.0,2.0,3009.75,615.6,947.86,795.78,89.57812084467875,11.63553134,0.4193791833333331,0.010159266666666668
3.0,7.272393046096135,3.0409704465329743,0.6491094751109181,0.22640289325635984,230.0,72.55183062484605,50.78768700795222,1.0,0.0,0.0,0.0,0.0,0.0,422.56,172.27,2921.78,199.89,87.78471948139736,11.32692614,0.7765427630000004,0.02151449999999999
0.0,6.075682476162429,3.659734470693576,0.6633735791797106,0.21880723885266798,123.0,70.1103774424619,81.2855187667651,2.0,0.0,0.0,1.0,1.0,0.0,267.3,157.62,4377.75,457.08,83.93908289856171,11.76288775,0.12173247016666677,0.05004549999999999
0.0,7.178037313506719,3.0520003699591456,0.6858712241193305,0.2260141515144854,403.0,79.36404189431511,59.00041639411385,2.0,0.0,0.0,0.0,0.0,0.0,2016.6,417.93,1559.79,221.11,93.34523817145086,12.28209271,0.5681717263333332,0.02631466666666666
4.0,7.242589120724961,4.3771535322556865,0.7146558461552561,0.25439576012529735,402.0,89.26972798462386,35.86076268490979,1.0,0.0,1.0,1.0,1.0,0.0,2905.42,197.49,2796.19,196.66,30.01873372457129,11.19686407,0.400374039083333,0.20766470000000006
0.0,5.936184198701696,2.612517688189347,0.723365363795646,0.3648674778926503,466.0,92.61921177236405,82.83131750067278,0.0,0.0,1.0,1.0,0.0,1.0,3922.46,260.71,1380.68,415.8,53.48881400574733,11.65040445,0.1791671960000001,0.01582609166666666
1.0,5.799720647232155,3.174190684528869,0.6552177078412962,0.21738882108380472,195.0,77.06155157002357,46.480240593178976,2.0,1.0,1.0,2.0,1.0,0.0,110.69,488.87,519.32,262.95,91.46822054736617,11.19888945,0.389151327,0.12887524999999994
5.0,7.223430577739401,3.5146265452735515,0.6851170560064908,0.3326868484437001,1.0,88.81807897597405,85.55600344775551,1.0,1.0,2.0,2.0,0.0,0.0,2956.94,197.36,2886.28,195.34,31.486030918113173,11.80248048,0.3677034649999997,0.02931075
5.0,7.191276896635715,3.842811433319114,0.7060146629142584,0.2198674134941223,183.0,83.90269226944878,52.02377708596588,0.0,1.0,0.0,2.0,0.0,2.0,2674.31,178.26,2900.51,194.35,31.58534708839458,11.68119515,0.33822728099999966,0.013147999999999995
0.0,7.221032094586524,4.268340203555473,0.6952969810594384,0.362200029609821,315.0,92.67755339285762,78.99852353486912,1.0,0.0,2.0,1.0,1.0,0.0,833.55,205.47,2652.23,681.42,96.2072800197956,11.4225277,0.7209587115555561,0.030396
0.0,7.122354566783451,4.226971619931638,0.5766830430465788,0.10036346177019667,119.0,81.57745158432478,46.44804000301689,1.0,1.0,1.0,1.0,1.0,1.0,310.72,131.25,618.66,271.69,91.53411380264336,12.15939537,0.546879532904762,0.02983555714285715
0.0,7.422815028036234,4.480435603814695,0.5100465143638948,0.359506097711095,470.0,92.9150802948383,31.192683239144017,0.0,1.0,2.0,2.0,0.0,0.0,1732.13,371.8,322.29,266.87,32.58673632903836,12.27882619,0.32734486565476173,0.027593616666666668
2.0,7.188590229754549,3.764524562358655,0.6451081661280174,0.22046955234999277,363.0,58.60904750982222,48.277835774370324,1.0,1.0,0.0,1.0,1.0,1.0,802.74,186.42,1706.24,205.83,95.61781592451999,11.42147295,0.5738304545,0.018534041666666657
5.0,7.121001684073179,3.944633459747198,0.7209540015564261,0.22342489459195633,146.0,81.4086566898289,37.78077175224033,0.0,1.0,1.0,0.0,0.0,1.0,2714.13,193.59,2872.31,200.81,30.148059200359565,11.96877681,0.3914574259999997,0.006550000000000003
4.0,7.193275365707373,3.3193591770489483,0.7339563894583839,0.3925981418965794,1.0,72.066455050979,81.12521182442292,1.0,1.0,2.0,0.0,0.0,1.0,1114.93,151.18,2876.81,194.16,34.8667970617821,11.36610405,0.29824981449999977,0.044700500000000004
0.0,7.100843694804721,2.891870736583324,0.5651151637978079,0.1820933747540721,107.0,76.60397963203265,42.35568920607806,0.0,0.0,0.0,1.0,1.0,1.0,359.71,164.64,2434.94,304.36,84.74122765358972,12.23421214,0.5197636558333332,0.03825827777777779
5.0,7.425562288030375,4.010475990358519,0.7337072973574724,0.22590657988262552,1.0,92.73671569268716,39.74137738262359,0.0,0.0,1.0,1.0,0.0,1.0,2804.38,195.12,2814.54,198.06,92.01711344427603,11.51358669,0.9150047920000004,0.01441249999999999
0.0,7.223012171070274,2.075434110751282,0.5937916845971056,0.34337678207332906,690.0,76.4398581014927,39.41238016081495,2.0,0.0,1.0,1.0,0.0,0.0,1466.4,709.97,2587.67,305.43,87.9950077771109,11.74909577,0.7023556140000002,0.1411464
5.0,7.15734154747085,4.191229630424699,0.7029519584407963,0.22436717965112787,151.0,78.3693769204658,30.8630911152861,1.0,1.0,1.0,2.0,0.0,1.0,2916.74,195.14,2915.39,194.48,94.44641159298378,11.12910421,0.9282579690000001,0.14083953333333338
3.0,7.185098484575747,3.212426883435596,0.7150261334327696,0.38825945431219977,285.0,97.41061325870805,44.08312219474596,1.0,1.0,2.0,2.0,0.0,0.0,489.61,175.89,2886.28,195.34,99.90424763457395,11.88476793,0.7701618260000004,0.2740554999999997
0.0,7.210982596111311,2.1472630866347204,0.7083714992786815,0.1320371146927087,466.0,91.61707872767415,34.61166200608036,1.0,0.0,1.0,1.0,1.0,2.0,2679.6,262.09,3458.65,749.55,93.58868710233021,11.22602074,0.791459689666667,0.19979326428571434
0.0,7.216488416956099,3.058888060157134,0.6530954240423539,0.2097366824728798,103.0,79.3912913907003,86.22153085485263,1.0,1.0,0.0,0.0,0.0,0.0,264.1,117.87,352.97,220.62,75.94823937590212,11.94005349,0.26222437590476194,0.04399725
0.0,7.177164977947611,2.6456592366726355,0.6604687725604735,0.2293989650864211,269.0,98.88411344785747,47.16084740853473,2.0,0.0,0.0,0.0,0.0,0.0,2016.6,417.93,1559.79,221.11,90.91289714678865,12.24113523,0.5839241946666668,0.24281601666666652
0.0,5.737756459389321,2.9254368198766745,0.6552294852181794,0.17614660033769963,1.0,76.96296471908472,31.713534429778775,1.0,1.0,1.0,1.0,1.0,1.0,300.46,150.23,2405.18,406.77,97.91846969703079,12.01123414,0.5424170789999998,0.03665002777777779
0.0,7.183137301171548,3.118017091804822,0.6536094214052061,0.17821287082678444,1.0,73.51548519105536,45.957964999665094,1.0,1.0,1.0,1.0,1.0,1.0,310.72,131.25,618.66,271.69,85.82351068328177,12.12545599,0.546463967904762,0.030536973809523815
4.0,7.1365746993294685,3.8525977133776688,0.6750336118498663,0.31816520947615495,92.0,88.69200473799117,35.94604610664172,2.0,1.0,0.0,2.0,1.0,0.0,2364.23,185.38,2862.26,197.3,33.91214268718704,11.49926802,0.3703554629999997,0.01758366666666666
5.0,7.188714810925737,4.310441070216643,0.7190904248158682,0.21293522547976992,1.0,77.43775937568306,39.35752545691873,0.0,1.0,1.0,2.0,1.0,0.0,2711.96,188.14,2876.2,198.24,97.39524929182308,12.15095425,0.876482335666667,0.018148307142857135
0.0,7.447531759056928,2.487813853821618,0.6603159293718834,0.38390695808861847,139.0,70.44915990499638,77.98280383908906,1.0,0.0,2.0,0.0,0.0,1.0,354.9,177.76,1003.85,774.62,32.78964547475429,11.40492475,0.23618071933333332,0.013729999999999989
3.0,7.451564070317052,2.851420699347498,0.7017172435872147,0.36587844630606436,85.0,94.72295036380406,41.63596030536936,0.0,0.0,0.0,2.0,0.0,2.0,339.72,186.57,2877.66,195.43,90.63735606931414,11.43021253,0.7795538170000005,0.01057450000000001
0.0,7.156982743512741,2.133527732949153,0.674137925533769,0.3197568768945345,636.0,67.15445821755878,95.13921397316305,2.0,1.0,0.0,0.0,1.0,1.0,107.37,392.88,2588.26,228.29,93.60326502252188,11.60908687,0.7357953530000003,0.16674756666666662
0.0,6.921262774943056,3.2411328637224965,0.6582719755324061,0.20928289418043178,433.0,69.51268782384781,40.00629500585739,0.0,0.0,0.0,2.0,1.0,1.0,1976.28,407.9,2528.11,229.78,82.15949855188447,12.14154882,0.16861910141666678,0.015324352777777765
0.0,7.227589083864919,3.6097676678777986,0.6583640444098401,0.22065599653681478,465.0,79.03907406548927,42.511198095224195,2.0,0.0,0.0,1.0,0.0,0.0,1803.78,378.72,2999.74,645.48,91.36605005456443,12.20063445,0.7541926323333336,0.02503089444444444
0.0,7.420044688763778,2.378085507565208,0.6904334470213023,0.3346302830843808,357.0,87.58820650415178,48.362357207366486,0.0,0.0,2.0,0.0,1.0,2.0,1405.24,166.13,1329.62,782.03,30.594519775996318,11.26322504,0.2953814784999999,0.26534201666666674
0.0,5.860111283996676,2.6410196388789395,0.6757496758868342,0.36336082449241547,431.0,88.76877872052557,32.60926823098393,0.0,0.0,2.0,1.0,0.0,1.0,3754.34,789.02,176.55,363.53,32.17096004971482,11.15689104,0.14279610150000022,0.21596054166666676
0.0,7.198364199292794,4.349507647892269,0.6604644887385333,0.22781698714390447,1.0,59.03468812363424,47.58674076236209,1.0,1.0,0.0,2.0,1.0,1.0,335.55,167.14,4434.23,442.63,94.95245249917127,11.72309303,0.8039585260000004,0.015105249999999994
4.0,7.214269720415117,3.5600543329793615,0.6616314809918771,0.2345824823136364,463.0,48.383466694120784,47.10578960364188,1.0,0.0,1.0,0.0,0.0,1.0,1178.6,170.76,2937.77,196.4,99.74621975173368,11.18435369,0.8254204290000002,0.20904773095238102
5.0,7.20339621642238,4.079974584690619,0.735319012950023,0.22462286418732205,428.0,74.58793068294314,41.29868211274901,2.0,1.0,1.0,0.0,1.0,0.0,2787.17,195.69,2861.44,198.2,99.84562488828824,11.87174274,0.8630556690000004,0.018157749999999993
5.0,7.3227651622642576,3.445763673209442,0.6404401314688397,0.22301265245934415,121.0,73.90967865421209,40.37437574738349,2.0,0.0,0.0,2.0,1.0,0.0,2928.54,196.32,2874.06,201.93,57.83839338928088,12.16711466,0.40595445283333303,0.02048241666666666
0.0,7.220255994838942,3.542336438746357,0.6600849174263339,0.16608099858879805,365.0,79.41658428854052,38.94292013839297,2.0,0.0,0.0,2.0,1.0,0.0,1535.08,500.33,2499.7,526.28,91.53965065673668,12.24060789,0.7106444793333335,0.023086802777777776
0.0,5.658088013337926,4.497165295232958,0.6572515096052574,0.37496219204506476,406.0,73.56111796339613,68.17829967031035,2.0,0.0,1.0,2.0,1.0,2.0,4435.4,584.89,110.12,754.44,90.09317657426175,12.36326458,0.46893556217857124,0.014059683333333326
4.0,7.184538084787291,4.005795368205373,0.6562961365500694,0.3457789764872942,85.0,76.04267145126575,77.00102278761248,1.0,1.0,2.0,0.0,1.0,0.0,500.0,200.0,2870.51,201.68,30.271039012430478,12.34537326,0.33832205249999964,0.01921744999999998
5.0,7.120286400890719,4.050647544700478,0.6650275825638788,0.23505861511033593,162.0,78.5760214829345,44.4578174049239,0.0,0.0,1.0,2.0,0.0,2.0,2957.69,197.54,2909.61,200.41,97.00507758845487,12.02626005,0.9309718660000005,0.012190000000000001
0.0,7.448312725188357,2.411396876482033,0.7069653558060672,0.34815996397465443,220.0,93.93008499314686,46.92215722775256,0.0,0.0,2.0,1.0,1.0,1.0,2701.9,163.62,1449.88,242.42,36.44408687325045,11.11011799,0.23810674899999992,0.19012945000000006
5.0,7.1201776785290605,4.357741251779052,0.6814774801548196,0.19088089381617956,1.0,89.45400609163615,37.461112459315714,1.0,1.0,1.0,2.0,0.0,1.0,2916.74,195.14,2915.39,194.48,31.82686379608481,11.08599529,0.3816374989999997,0.14135053333333336
0.0,5.7986769435153365,3.8788311780531175,0.659026759460014,0.22364708543906858,395.0,77.23317626958406,49.75006843008439,0.0,1.0,0.0,2.0,1.0,1.0,3537.6,727.65,3282.57,257.79,95.46336664297323,11.5080543,0.5106110559999997,0.0076558833333333345
1.0,5.856381902983799,3.3732244870557486,0.5701404703734945,0.1796107263911747,206.0,95.12134127615205,39.08028870196171,2.0,0.0,1.0,1.0,0.0,2.0,378.77,163.12,1329.85,255.25,95.24702439527235,11.32375454,0.3965945374999999,0.06900725000000003
1.0,7.12123128835114,4.026467938757207,0.6577314371655268,0.17804589995287803,276.0,69.60267530418027,76.82389983707941,1.0,1.0,0.0,0.0,1.0,0.0,827.68,186.19,1954.39,204.2,55.20274642130512,11.95361963,0.30470950799999974,0.017236833333333323
0.0,7.224433621885814,2.3435464643544166,0.6118773124870147,0.34522426125405736,629.0,96.84997814560973,42.316353033883345,2.0,1.0,1.0,0.0,0.0,1.0,2775.41,236.2,2190.72,647.18,94.93134980774806,11.23039996,0.7437789283333338,0.294557480952381
0.0,7.120764480383526,3.1448094178025086,0.6509468371741881,0.22597450479716072,1.0,69.48839134598528,44.30946992093497,1.0,1.0,1.0,1.0,1.0,1.0,364.86,182.43,2405.18,406.77,30.60419212019051,12.01125044,0.3045970499999997,0.00813177777777778
5.0,6.8097070108698174,4.335659414597033,0.6902187842377684,0.3897541787303803,1.0,92.21766446430172,34.39251576213243,1.0,1.0,2.0,2.0,0.0,0.0,2462.68,187.56,2886.28,195.34,33.2660769988897,11.80246054,0.1701979440000002,0.023467250000000002
5.0,7.205761063143826,3.8904706558987874,0.680299121919424,0.24149823610727036,1.0,86.27092501396838,50.52048203557697,0.0,1.0,0.0,2.0,0.0,2.0,2692.3,177.57,2868.0,193.51,38.310474866168285,11.62967107,0.32629748199999975,0.014537499999999997
1.0,7.20289794855637,3.712627224854277,0.653985113523988,0.2326913398439602,206.0,78.57855403213776,47.47065024646683,1.0,1.0,0.0,0.0,0.0,0.0,606.85,192.98,766.89,212.47,45.56342785480564,11.97090904,0.2600206765714285,0.01638666666666665
0.0,7.120007992558935,2.2209767067064354,0.7112802017736162,0.22134282396409635,333.0,80.95998834179018,33.27233599943516,0.0,0.0,0.0,2.0,0.0,2.0,2299.52,471.19,1596.1,315.44,91.03781320820018,12.22579698,0.5782800916666667,0.012274341666666664
0.0,7.122016650199288,2.334856060265008,0.5629767354200916,0.17179617346186601,1.0,83.25329328457106,38.32984195766838,0.0,0.0,1.0,1.0,1.0,1.0,397.69,160.02,4010.89,767.06,95.13769683443799,11.15984039,0.8058399980000004,0.15398750000000003
0.0,7.116164307237452,2.999492686132998,0.6808677735746,0.22070052511655303,375.0,77.13015859118767,49.237465436010105,0.0,1.0,0.0,1.0,0.0,0.0,3681.29,733.16,755.82,276.56,91.16181553475533,11.31854472,0.42511000199999976,0.08285028333333334
1.0,7.274054863879944,4.433208661553756,0.7081324491637558,0.2295521805048955,311.0,92.9973711474053,42.60229455794203,1.0,0.0,1.0,1.0,1.0,2.0,785.76,188.18,2076.39,195.5,31.46683758810942,11.17900699,0.3084055007499998,0.16197193333333332
0.0,7.1725738978107545,2.1351048216884276,0.6091621427153414,0.3276889419326323,617.0,43.63625796911972,47.05562870867412,2.0,0.0,1.0,1.0,0.0,2.0,1225.98,208.77,1403.17,341.99,93.58572213455085,11.44536108,0.5486647720000001,0.16873894999999994
5.0,6.961492802819252,2.3888372588895237,0.6529803170778785,0.22575835432098845,196.0,78.79820730310213,41.58821115118406,0.0,0.0,1.0,0.0,0.0,2.0,2933.4,196.73,2937.64,203.55,91.47096075104042,11.09389068,0.6806720159999997,0.1409327
0.0,7.188198712429346,3.894178806545582,0.6490361857190882,0.36065765198651845,257.0,80.03464425026768,38.113965793482926,1.0,1.0,2.0,0.0,1.0,0.0,387.72,259.61,2926.68,408.94,32.679449560106285,12.39720755,0.4876524306785712,0.0184610611111111
3.0,6.945816254759944,3.6931626237872535,0.6502239146095654,0.362861304237091,98.0,85.10828430666284,37.51667564008768,2.0,0.0,0.0,2.0,1.0,2.0,481.36,181.43,2932.82,195.54,98.44989152749453,12.31121293,0.542062298333333,0.00979600000000001
0.0,7.178037313506719,3.0520003699591456,0.6858712241193305,0.2260141515144854,404.0,79.36404189431511,59.00041639411385,2.0,0.0,0.0,0.0,0.0,0.0,2016.6,417.93,1559.79,221.11,93.34523817145086,12.28212019,0.5681717263333332,0.02631466666666666
2.0,7.149779020431818,2.9314519857948778,0.5604090389074841,0.3330902940465874,191.0,95.90819083591785,83.44721316478973,1.0,1.0,2.0,0.0,0.0,1.0,267.51,129.78,1400.0,200.0,99.17601862693309,11.41982842,0.5310129903333336,0.049632750000000024
5.0,7.188714810925737,4.310441070216643,0.7190904248158682,0.21293522547976992,1.0,77.43775937568306,39.35752545691873,0.0,1.0,1.0,2.0,1.0,0.0,2770.91,190.56,2876.2,198.24,97.39524929182308,12.15097308,0.876482335666667,0.018148307142857135
0.0,6.989141490909726,2.405982190872061,0.699128139444812,0.2288357147355152,499.0,76.1753617876005,51.53544923899256,1.0,0.0,0.0,0.0,0.0,2.0,2395.67,515.35,2973.66,264.56,90.33380376967318,11.67045035,0.5458497259999998,0.013291599999999994
0.0,7.186564882309832,4.104835071648841,0.6970694464022698,0.3611552218692078,290.0,93.4092768610747,51.32970503779643,1.0,0.0,2.0,1.0,1.0,0.0,1671.4,165.13,4445.72,743.68,96.00924850868375,12.06146909,0.7651705275555558,0.08881236111111114
0.0,7.146943421224906,2.4151169039448743,0.6603554027267967,0.22552163281945434,329.0,75.11509914476818,47.688416588447446,0.0,0.0,0.0,0.0,1.0,2.0,1427.61,714.67,1495.42,387.52,90.1536061524964,12.138974,0.5234018603333334,0.011255083333333334
0.0,7.210982596111311,2.1472630866347204,0.7083714992786815,0.1320371146927087,467.0,91.61707872767415,34.61166200608036,1.0,0.0,1.0,1.0,1.0,2.0,2679.6,262.09,3458.65,749.55,93.58868710233021,11.22605433,0.791459689666667,0.19979326428571434
5.0,7.120353371833374,3.9436170540755775,0.7412913230719861,0.3649325381287529,1.0,73.52701695575675,61.19453258152737,2.0,1.0,0.0,2.0,0.0,0.0,2763.0,194.76,2857.59,200.51,88.82545509189106,11.50953078,0.8617746470000003,0.01665766666666666
0.0,7.087975906913793,3.8997393422205437,0.660734120444533,0.23315772242515928,298.0,90.01941383411778,42.663038368937436,0.0,0.0,1.0,1.0,0.0,0.0,2244.03,465.03,4200.11,792.34,94.33500963988818,11.69090956,0.5751309036666662,0.020489249999999987
0.0,5.7986769435153365,3.8788311780531175,0.659026759460014,0.22364708543906858,395.0,77.23317626958406,49.75006843008439,0.0,1.0,0.0,2.0,1.0,1.0,3537.6,727.65,3282.57,257.79,95.46336664297323,11.5080543,0.5106110559999997,0.0076558833333333345
0.0,7.224433621885814,2.3435464643544166,0.6118773124870147,0.34522426125405736,628.0,96.84997814560973,42.316353033883345,2.0,1.0,1.0,0.0,0.0,1.0,2775.41,236.2,2190.72,647.18,94.93134980774806,11.23035416,0.7437789283333338,0.294557480952381
4.0,7.2018360768654155,2.778504184267672,0.6539759739480657,0.22929836777368398,301.0,72.42020931243086,35.83653386515796,1.0,1.0,1.0,2.0,0.0,1.0,500.0,200.0,2882.39,194.49,37.18979488309375,11.17290956,0.3594764262499997,0.16223600000000002
0.0,7.223432974064999,3.8239121868420365,0.6483000012232124,0.2225844882255006,502.0,92.34853986331638,31.821182354994296,2.0,1.0,1.0,0.0,0.0,2.0,3400.55,234.86,1633.8,357.55,90.58597966697255,12.35844417,0.6229704169999999,0.009934864285714287
0.0,7.49033482108546,4.405885653904293,0.5352382585438223,0.36361472089238306,1.0,47.42458064170776,31.40156576939563,1.0,0.0,2.0,2.0,1.0,2.0,314.92,157.46,2292.61,482.03,95.2487523322407,11.24992863,0.7685378890000003,0.18959125000000007
3.0,7.188051690258729,3.304418280272241,0.6592881765782302,0.23262880861600846,1.0,57.48142092035103,35.439159280689346,1.0,0.0,1.0,1.0,1.0,2.0,785.76,188.18,2890.4,199.96,94.33118975070086,11.10349187,0.8182279520000004,0.10676449999999998
3.0,7.095276405511408,3.425309750625096,0.6598090319400612,0.20580734954397512,243.0,72.8985889919833,44.70116965387493,2.0,0.0,0.0,2.0,1.0,0.0,426.18,181.46,2874.06,201.93,91.37256002791554,12.20329069,0.5479490763333331,0.019040416666666653
0.0,7.047551541517093,2.240156070066323,0.6518509393984881,0.16171282183182306,169.0,78.64014297791051,33.93616267238019,0.0,0.0,0.0,0.0,0.0,2.0,3009.75,615.6,947.86,795.78,91.09780613127336,11.53522143,0.423922971,0.007253666666666669
0.0,7.306798610697895,4.3533429281208935,0.5721200290043056,0.10560201614326364,230.0,59.637630704138004,41.62571176895155,1.0,0.0,0.0,0.0,0.0,0.0,285.86,142.93,3028.9,755.84,94.53174706004698,11.32693533,0.8044905920000002,0.05361916666666669
0.0,7.153190802549934,4.3577250922106066,0.6452776365716958,0.37146170362905706,498.0,94.78799201334895,36.76746576216966,0.0,1.0,1.0,0.0,1.0,1.0,4261.88,758.2,3785.3,270.22,30.77213907047609,11.16926877,0.34321199216666626,0.19429033095238096
0.0,7.20384301488347,2.7313397713778094,0.5902651201891634,0.3226516852971908,607.0,78.70015583999125,40.320597709061786,0.0,1.0,2.0,0.0,0.0,1.0,179.28,621.78,2626.14,228.42,91.99652443625489,11.16023526,0.7203507250000004,0.30229455476190487
0.0,7.058871536063159,2.3060451322034363,0.660360633459059,0.21434251950305624,505.0,93.75667700755335,50.22824674082334,0.0,0.0,0.0,0.0,0.0,2.0,3009.75,615.6,947.86,795.78,89.57812084467875,11.63553134,0.4193791833333331,0.010159266666666668
3.0,7.30890979358074,2.9097321796768734,0.6440287109776841,0.22417813279607066,401.0,60.02080060977966,38.86314025319937,1.0,0.0,2.0,2.0,1.0,1.0,393.08,160.03,2878.52,194.36,97.67351051982628,12.11337733,0.728161494666667,0.07679400000000004
4.0,5.726749398937275,2.992866503328843,0.648716600835053,0.22575835432098845,293.0,77.96425050587251,44.40978273950182,0.0,1.0,1.0,0.0,0.0,1.0,1206.57,170.56,2872.19,201.04,91.55634898250534,12.01203157,0.5960992364999996,0.010615000000000001
0.0,7.149985932098672,2.37019568242348,0.632739264384063,0.21905159583919184,399.0,96.79450957223202,41.74311092980827,0.0,0.0,0.0,1.0,1.0,1.0,3059.04,338.15,2547.95,572.69,85.87237197344137,11.11726186,0.7772817066666668,0.2693494666666665
0.0,7.116869583490946,4.179234346266167,0.7310059379853374,0.22166160522556197,276.0,69.9577442537518,82.1875457669337,1.0,1.0,0.0,0.0,1.0,0.0,1149.51,176.37,3147.96,466.79,52.27139656722661,11.95360579,0.08598462800000005,0.019254527777777766
0.0,5.673668248126048,3.3095379879275177,0.658152611152945,0.21126159372739897,325.0,72.26172220210944,31.41815854618562,2.0,0.0,1.0,1.0,0.0,1.0,210.64,762.82,1730.07,368.56,57.442096096998455,12.21714691,0.13212669153571435,0.01157910833333333
0.0,7.19530418059922,2.1388604855547495,0.6521924333643978,0.3240703783953911,692.0,73.70858496441592,94.5745261660665,1.0,0.0,0.0,0.0,0.0,0.0,3018.71,490.02,3028.9,755.84,90.44514611138467,11.46313892,0.7631427900000004,0.15698058333333328
0.0,7.183712010111117,4.402679688200681,0.6524236593149656,0.2119888812265623,510.0,98.64306814875361,33.50284349095698,0.0,1.0,0.0,0.0,0.0,0.0,1880.7,368.9,2208.45,330.22,86.80140032630507,11.45496294,0.7162141463333336,0.2505611499999998
0.0,7.423218883020025,2.7671099446122596,0.6826416364700624,0.1586030301107344,181.0,93.35388484417845,52.10462983438584,1.0,0.0,0.0,1.0,1.0,1.0,347.83,173.9,77.26,630.9,39.64323584141626,11.46465402,0.2007409919999999,0.0076855000000000005
5.0,7.402346674859546,2.989992045784655,0.6489980051043579,0.22804919354214045,1.0,93.91919751437197,42.44649691896452,0.0,0.0,1.0,2.0,0.0,2.0,2957.69,197.54,2895.71,200.36,54.484696014978375,11.98035004,0.39951709099999966,0.012061999999999996
3.0,7.375772891589671,4.063336369908695,0.7440787697900157,0.36414568861007135,353.0,73.65564358573445,35.248699744373994,2.0,0.0,1.0,0.0,1.0,1.0,716.1,190.96,2910.19,194.33,95.88796200992148,11.46637082,0.7726883040000004,0.020837099999999994
0.0,7.026369793683188,3.439512314784437,0.6423684301123472,0.33776096238219777,251.0,91.2141054007329,36.060930016509644,1.0,1.0,2.0,1.0,1.0,0.0,3052.09,573.87,3108.03,421.63,97.7460850353913,11.83098282,0.5752165596666664,0.03812141666666667
0.0,7.191032929517249,2.035310206881424,0.5264153666167767,0.34089172262630507,660.0,98.08881346199543,96.75835499245309,0.0,0.0,2.0,1.0,1.0,1.0,4329.73,386.37,1449.88,242.42,34.191580369916416,11.19472359,0.3519100073333331,0.30192635595238093
1.0,7.192227274651635,3.651942013432224,0.6992578774231294,0.22053843726606637,183.0,49.100858049128135,39.24917386450352,2.0,1.0,1.0,0.0,1.0,0.0,817.12,209.57,2641.97,178.4,93.95162919418414,11.24178579,0.7561582015000005,0.13856566666666661
3.0,7.193002841525024,2.892236685701953,0.6524860006107713,0.23480853788015585,411.0,95.0192510229396,35.366669934465904,2.0,0.0,1.0,1.0,0.0,2.0,416.85,169.32,2906.42,194.69,55.35409666578667,11.3832099,0.39507933341666646,0.015652999999999986
0.0,7.181197187772481,2.0073114225036495,0.5897157291368358,0.22107266779695797,599.0,97.14209463750299,42.22514133768976,0.0,0.0,0.0,1.0,1.0,1.0,3059.04,338.15,2547.95,572.69,94.3052948667435,11.17753847,0.7671107303333337,0.29480132261904757
0.0,7.082745067929697,3.76371824963118,0.7056049203401786,0.2301536803618799,196.0,92.35798709864335,36.3324539441837,2.0,0.0,0.0,2.0,1.0,2.0,813.97,185.77,3635.85,690.65,97.66717417617963,12.34028161,0.5473319454999998,0.012409027777777769
2.0,7.216703136799346,4.3941767138732,0.7442616817418638,0.37468121212357935,183.0,92.78054887375713,31.24626384741829,2.0,1.0,0.0,2.0,1.0,0.0,447.18,199.28,2067.41,181.69,85.56638179352163,11.52655709,0.7171913286666671,0.025852500000000004
0.0,7.167904747641973,4.297251748518525,0.6579037604991139,0.15232110544379407,350.0,76.83446010832647,49.41863000324672,2.0,1.0,0.0,1.0,1.0,0.0,2970.74,312.58,403.78,753.84,95.75691907647544,11.10487694,0.5779866587936509,0.1747168666666667
4.0,5.863901817607619,3.130603189953524,0.6644684377891293,0.2257567895567962,463.0,79.78183112457208,37.16752292158589,1.0,0.0,1.0,0.0,0.0,1.0,604.2,168.72,2937.77,196.4,98.88028685897336,11.18434825,0.6156717479999997,0.16864892261904763
4.0,7.203813409303939,3.703952072390301,0.6520347144642503,0.2298871138554552,293.0,71.58487165710144,51.70793111715521,0.0,1.0,1.0,0.0,0.0,1.0,1107.67,175.16,2852.19,201.21,93.6631139328952,12.01203747,0.7712508640000003,0.01298399999999999
4.0,7.14922992419372,4.295481403463678,0.6515870976097389,0.21283467505776915,301.0,93.0924936937059,36.604354462002746,1.0,1.0,1.0,2.0,0.0,1.0,811.39,239.46,2832.2,200.38,89.83889058680595,11.17289756,0.8093358370000004,0.15715333333333334
0.0,7.497043653891856,2.7836805535010773,0.7063097097578528,0.3719954298250569,273.0,92.47332728570106,51.1644633988121,1.0,0.0,2.0,2.0,0.0,0.0,4377.5,337.95,2412.61,597.02,35.13321838400982,11.80190255,0.3289767429999998,0.030322241666666673
3.0,7.188051690258729,3.304418280272241,0.6592881765782302,0.23262880861600846,1.0,57.48142092035103,35.439159280689346,1.0,0.0,1.0,1.0,1.0,2.0,693.8,191.03,2901.64,199.6,94.33118975070086,11.08921244,0.8182279520000004,0.10676449999999998
0.0,7.173979365288999,2.9565316372190176,0.6416705272089139,0.23563122864928382,165.0,71.73124593630519,39.085166832433686,2.0,1.0,2.0,2.0,1.0,1.0,801.43,728.17,364.2,741.87,89.90215356935188,11.66748126,0.5115471475714287,0.015312283333333334
0.0,7.210982596111311,2.1472630866347204,0.7083714992786815,0.1320371146927087,466.0,91.61707872767415,34.61166200608036,1.0,0.0,1.0,1.0,1.0,2.0,2679.6,262.09,3458.65,749.55,93.58868710233021,11.22602074,0.791459689666667,0.19979326428571434
1.0,7.12051199306039,2.809376062067682,0.6507763128540062,0.2192726822314333,270.0,76.47334065738089,38.13642933416844,2.0,0.0,1.0,2.0,1.0,2.0,519.91,196.0,1142.11,759.64,95.80143009721581,12.32228789,0.5712221343333334,0.01325158333333333
0.0,7.19530418059922,2.1388604855547495,0.6521924333643978,0.3240703783953911,692.0,73.70858496441592,94.5745261660665,1.0,0.0,0.0,0.0,0.0,0.0,3018.71,490.02,3028.9,755.84,90.44514611138467,11.46313892,0.7631427900000004,0.15698058333333328
0.0,7.234947603490479,3.6299733486327965,0.6580198173632965,0.1303637436630934,199.0,85.6990422703847,39.90041065281797,0.0,0.0,1.0,1.0,0.0,0.0,327.0,161.77,4200.11,792.34,94.70801751124903,11.66090222,0.8134279960000002,0.044523
0.0,7.197708362960296,2.3741100230938113,0.603439291262427,0.3168211536030407,588.0,99.46759824097867,98.82987032436958,0.0,0.0,1.0,0.0,0.0,2.0,3689.38,746.45,1523.76,782.97,98.35119829549726,11.21015176,0.5589259761666667,0.2862785476190476
3.0,7.22639451859545,2.9804880587242852,0.7065256843569733,0.23539783324579514,201.0,41.41613820972131,37.557686778811025,1.0,0.0,2.0,2.0,1.0,1.0,283.37,226.93,2878.52,194.36,96.16589308047202,12.05501105,0.7641367615000004,0.043017166666666676
0.0,7.081766618916378,3.6623092758352023,0.722620284718623,0.20371235968545637,414.0,94.59554505907144,50.751371066483394,1.0,1.0,0.0,0.0,1.0,0.0,3123.19,226.18,3147.96,466.79,68.4794791379952,11.99578242,0.12612119533333346,0.019733727777777765
2.0,7.438899298389268,3.0825537811754398,0.5165037075528699,0.3537453437651583,193.0,58.68054583844758,34.56009531129688,1.0,0.0,2.0,2.0,1.0,0.0,289.42,161.29,2864.51,194.29,96.20272887157078,11.44156637,0.7655334836666671,0.07736750000000002
0.0,7.420653939298494,2.692449534219325,0.6544896337166829,0.23738348014330624,144.0,90.11829349944988,36.45183007979202,0.0,0.0,2.0,1.0,1.0,1.0,1913.61,326.97,825.52,691.49,31.115852154944605,11.35857097,0.2345710522380951,0.03242400000000001
0.0,5.833502641222619,4.331408815064829,0.6600127624047281,0.22680186960275647,404.0,75.79189736488586,39.488233108940676,1.0,1.0,0.0,2.0,1.0,2.0,3694.11,789.08,1500.49,362.55,97.30183105413155,11.30104751,0.4288763717619046,0.16640036666666666
0.0,7.202545979183091,3.234116564626297,0.6672575533346496,0.3648485366655523,266.0,73.49652208366057,57.86106153910082,0.0,1.0,1.0,1.0,0.0,2.0,58.26,254.49,1961.04,223.67,60.693277585811686,11.5494686,0.29895598599999973,0.014191783333333326
0.0,7.220255994838942,3.542336438746357,0.6600849174263339,0.16608099858879805,365.0,79.41658428854052,38.94292013839297,2.0,0.0,0.0,2.0,1.0,0.0,1535.08,500.33,2499.7,526.28,91.53965065673668,12.24060789,0.7106444793333335,0.023086802777777776
2.0,7.42800953451493,4.196897834186922,0.5843025093403686,0.23410455361605717,392.0,73.8333440831725,40.40894751362406,0.0,0.0,1.0,0.0,0.0,2.0,715.28,189.11,2188.85,246.16,89.97772515212112,11.15107617,0.7151790003333336,0.16323433333333334
0.0,7.415295062312526,3.9196813242692805,0.5764143207052584,0.1669403606516466,159.0,55.87322896684074,43.38479660224801,1.0,1.0,0.0,0.0,1.0,2.0,329.45,163.8,4048.1,687.35,91.83260153107692,11.20476706,0.8107657655555559,0.15631216666666664
4.0,6.903412254501332,4.412413864238925,0.6412366814559829,0.22734831218604562,301.0,80.98498609807463,46.44285817597105,1.0,1.0,1.0,2.0,0.0,1.0,500.0,200.0,2915.39,194.48,41.940535630469036,11.17291899,0.11926138325000023,0.16184233333333334
0.0,7.185417703435005,4.447413214924159,0.645883943429263,0.12868784536247344,395.0,87.49545310926406,79.87757356206167,0.0,1.0,0.0,1.0,0.0,0.0,2823.94,340.35,190.55,268.99,84.96974794853936,11.98790654,0.5544286342380953,0.01588179761904761
3.0,7.486579805029352,3.0663896662717796,0.5421676496863443,0.18189747696681716,411.0,79.64748969810448,44.94478716111797,2.0,0.0,1.0,1.0,0.0,2.0,381.64,155.02,2906.42,194.69,95.26665043699009,11.38323759,0.7826439990000005,0.034805
0.0,7.185350856641073,4.35621593549504,0.6482174595064687,0.2373333153660058,274.0,79.6732032363856,46.441864018267054,2.0,1.0,1.0,0.0,1.0,0.0,1549.93,226.38,3014.82,769.25,94.04777732262201,11.26935267,0.8199701402222226,0.20280250000000002
0.0,5.7647218821461825,2.897354078634427,0.6587282098435491,0.17149456191253615,460.0,73.15118212981093,53.84130584423141,2.0,0.0,1.0,1.0,0.0,0.0,324.43,173.64,2587.67,305.43,69.5676925891183,11.67981142,0.421923492333333,0.027564125
0.0,5.44769382008357,2.0440536936075016,0.6593397455282524,0.16369257021489553,211.0,95.9727771561195,37.68247666120143,0.0,0.0,1.0,1.0,1.0,1.0,3092.65,564.46,4010.89,767.06,95.54464912658148,11.22180194,0.5826069199999998,0.16315436666666663
1.0,7.478921136498051,3.0184587017694273,0.6593840513401897,0.2277818205502395,125.0,88.31399470037009,35.8149954071922,2.0,1.0,1.0,2.0,0.0,1.0,378.98,174.24,2432.66,613.06,93.87347531882097,12.30137526,0.746677593666667,0.01054463492063492
2.0,7.42800953451493,4.196897834186922,0.5843025093403686,0.23410455361605717,392.0,73.8333440831725,40.40894751362406,0.0,0.0,1.0,0.0,0.0,2.0,692.64,190.08,2221.8,244.28,89.97772515212112,11.1510929,0.7151790003333336,0.16323433333333334
0.0,7.200617618026208,2.2830630423117158,0.6536630601233764,0.2072654719999281,661.0,93.33340085430498,43.32320263322299,1.0,1.0,1.0,1.0,1.0,1.0,3648.55,292.68,2405.18,406.77,96.78444493591925,12.2023861,0.7213727070000004,0.19269047380952378
0.0,7.216098995146787,2.435232884964209,0.7212830770484405,0.3257100909296389,584.0,59.97692307093629,98.81327405538866,2.0,1.0,1.0,2.0,1.0,0.0,110.69,488.87,519.32,262.95,88.14512496706526,11.10896279,0.528666279,0.2577019392857143
0.0,7.116294935410593,4.450032208959644,0.6819088585431634,0.36411750664341097,170.0,92.37444410726161,85.17966053439643,2.0,1.0,1.0,0.0,0.0,0.0,3035.95,476.62,3222.69,767.67,68.4606764161746,11.84424435,0.12150392266666668,0.01567027777777777
0.0,7.024712780200352,2.802781159707603,0.6609071817866934,0.37015474274504445,361.0,70.50347362377089,40.086315244933,2.0,0.0,2.0,2.0,1.0,0.0,2250.17,407.14,2381.88,335.87,91.30064739262598,12.30372892,0.5279149954166666,0.046312625
0.0,7.251572851342646,2.318841789937121,0.6588598884818024,0.22254796138145402,135.0,69.86989832418953,59.50444967178369,2.0,0.0,0.0,0.0,0.0,0.0,2016.6,417.93,1559.79,221.11,89.47750941820156,12.20202206,0.5539044443333334,0.024753366666666655
2.0,7.222576490433362,3.4087388350552095,0.5401314918967547,0.1795684061351202,305.0,78.38997719508936,41.45036923130706,1.0,1.0,1.0,1.0,1.0,2.0,278.17,163.22,2583.21,192.59,90.90100299536441,11.61137592,0.7540842646666672,0.04802525000000002
0.0,7.1267752505916535,3.6315151054863453,0.708788872419811,0.2058108443493088,274.0,71.05378669776279,82.32235092730798,2.0,1.0,0.0,2.0,1.0,0.0,1531.03,480.75,297.23,200.72,57.442171486706656,11.55411329,0.21700050433333323,0.012879800000000002
4.0,7.17647677819129,3.417263737930586,0.6658669094767997,0.17703154776014915,1.0,79.90036159773113,44.041337911615166,0.0,1.0,1.0,1.0,0.0,2.0,4561.95,81.82,2896.08,198.18,91.45837961711236,11.47055917,0.9270950320000001,0.013610499999999992
0.0,7.223917960301035,2.458848325025954,0.5997398945685902,0.21844055434508916,578.0,74.75477873775677,41.214264626543205,0.0,0.0,0.0,0.0,0.0,2.0,2974.93,410.44,3634.84,277.1,95.17037062532373,12.36176512,0.7694921730000002,0.13914966111111104
1.0,7.220014883008024,4.266147181938958,0.6781507796654148,0.23829823234014105,311.0,72.04891847592873,45.211335219537396,1.0,0.0,1.0,1.0,1.0,2.0,693.8,191.03,3411.67,750.93,58.430263275581275,11.17900699,0.34152260830555536,0.16006068333333334
0.0,7.075650909621204,3.7907844011904492,0.7214672376287591,0.13456447757606915,510.0,87.95852711799469,39.73792702846578,2.0,1.0,1.0,0.0,0.0,0.0,3035.95,476.62,3222.69,767.67,59.50196983062473,11.94573382,0.18609337183333335,0.016781334920634914
5.0,6.926013886686361,4.290533257491909,0.6589163213176293,0.23556001443806723,1.0,68.71522911976302,37.152820159834356,2.0,1.0,0.0,2.0,1.0,0.0,2903.45,195.18,2881.35,197.22,53.341327812780136,11.47223276,0.15273424400000013,0.017663999999999992
2.0,7.438899298389268,3.0825537811754398,0.5165037075528699,0.3537453437651583,193.0,58.68054583844758,34.56009531129688,1.0,0.0,2.0,2.0,1.0,0.0,294.08,150.42,2864.51,194.29,96.20272887157078,11.44156336,0.7655334836666671,0.07737500000000003
0.0,5.673668248126048,3.3095379879275177,0.658152611152945,0.21126159372739897,325.0,72.26172220210944,31.41815854618562,2.0,0.0,1.0,1.0,0.0,1.0,210.64,762.82,1730.07,368.56,57.442096096998455,12.21715198,0.13212669153571435,0.01157910833333333
3.0,7.491708012560778,4.269919945853724,0.6606051112474755,0.18433419840569984,323.0,94.9199027132518,38.4046518821373,0.0,0.0,1.0,2.0,0.0,2.0,618.66,195.11,2895.71,200.36,98.9268743308435,12.0736205,0.772320694666667,0.012926499999999994
0.0,5.929521463613346,2.864184362109104,0.6599175278693105,0.3714734742026394,162.0,72.91691481914964,36.15377787898857,2.0,0.0,1.0,1.0,0.0,1.0,210.64,762.82,1730.07,368.56,79.92614328224393,12.16921658,0.11560816678571444,0.010134183333333335
0.0,7.167241319627632,2.8597988710169515,0.699187918113064,0.36235589326696677,428.0,92.75850874550054,52.042312593817385,1.0,1.0,2.0,2.0,0.0,0.0,1867.55,234.08,2356.35,560.55,36.461653483183916,11.9281727,0.3605482534999998,0.02986702777777778
0.0,7.120412090918013,3.0333897569506165,0.6512380893185761,0.36228028092676917,219.0,92.87288747218338,36.08335441000906,0.0,0.0,0.0,0.0,1.0,2.0,206.72,194.35,1495.42,387.52,30.263330880549518,12.10531741,0.24635620891666657,0.012542866666666666
0.0,7.160683955590495,4.4697153444966276,0.7189207059630999,0.2238689783837318,330.0,69.21434833055983,32.74883922979183,2.0,1.0,2.0,2.0,1.0,1.0,801.43,728.17,364.2,741.87,89.03734479761158,11.71597905,0.5168091364285715,0.02175545
0.0,7.339085930021055,4.3929810353949685,0.7138068277955336,0.3177445566872472,289.0,88.68550050631897,70.60393981517937,0.0,0.0,2.0,1.0,1.0,1.0,1913.61,326.97,825.52,691.49,31.741380842543798,11.40120864,0.2289610617222221,0.024076433333333345
3.0,7.195999860242473,2.8854086379869024,0.6557400627586466,0.2222389629463275,335.0,92.93089429808262,39.04384932169673,2.0,1.0,1.0,0.0,0.0,2.0,487.53,171.67,2889.94,193.49,37.41478008341515,12.30781347,0.3693600340833331,0.014302249999999992
0.0,7.1311307476403405,4.320681107927081,0.6910376718168986,0.16417199221346443,169.0,79.63798619204937,48.6355304191457,0.0,0.0,0.0,2.0,0.0,2.0,148.0,743.6,1777.71,414.59,92.8515456081205,11.45511668,0.5192443674285717,0.00879591666666667
0.0,7.100843694804721,2.891870736583324,0.5651151637978079,0.1820933747540721,107.0,76.60397963203265,42.35568920607806,0.0,0.0,0.0,1.0,1.0,1.0,359.71,164.64,2434.94,304.36,84.74122765358972,12.23419655,0.5197636558333332,0.03825827777777779
4.0,7.292894197184421,3.855170878509912,0.5251069716750353,0.11387050710433223,1.0,47.04549642416589,44.49924781275935,2.0,0.0,0.0,0.0,1.0,1.0,1491.47,163.31,2936.78,196.3,93.58582533019037,11.46146728,0.8511847320000002,0.036652625000000036
0.0,7.23381440337529,2.2020953876898894,0.656023831527624,0.22242027250827,121.0,88.8309727751527,44.67641346001853,2.0,0.0,2.0,2.0,1.0,0.0,2250.17,407.14,2381.88,335.87,32.19993931069722,12.23142321,0.34695105749999977,0.04045922777777777
0.0,7.422815028036234,4.480435603814695,0.5100465143638948,0.359506097711095,470.0,92.9150802948383,31.192683239144017,0.0,1.0,2.0,2.0,0.0,0.0,1732.13,371.8,322.29,266.87,32.58673632903836,12.27882619,0.32734486565476173,0.027593616666666668
0.0,7.406467040737839,2.8449335242040044,0.688194764684407,0.32879090638183966,224.0,93.17709037047038,34.82020843823643,0.0,0.0,2.0,0.0,1.0,1.0,339.56,166.71,1597.98,306.47,93.10454102956443,11.36650278,0.5441366443333336,0.026886249999999997
3.0,7.306110488504419,4.155007267983554,0.7042863403769872,0.38456053464586093,1.0,90.19764442389346,76.6237404533886,1.0,0.0,2.0,2.0,1.0,1.0,386.67,164.94,2878.52,194.36,94.5437877621525,11.99915234,0.7261508020000004,0.05280250000000002
0.0,6.995809698380646,3.198537489850832,0.6576716313829571,0.2231273207743103,289.0,69.68579010476137,37.352984281444606,1.0,1.0,0.0,2.0,1.0,1.0,3015.77,759.21,4434.23,442.63,86.28548729332127,11.80914934,0.554209713333333,0.005929333333333332
0.0,7.270682258302738,3.879768774595172,0.6579365300858565,0.2321816371030525,199.0,60.74089236134793,43.17416969180804,0.0,0.0,1.0,1.0,0.0,0.0,377.77,164.14,4200.11,792.34,96.43654004123229,11.66089196,0.8133061980000004,0.05367150000000003
0.0,6.983363728924364,3.589083060457975,0.64929373562479,0.13170532073360583,1.0,82.70745485524246,46.75388907568499,0.0,1.0,0.0,1.0,0.0,0.0,2823.94,340.35,190.55,268.99,91.04199427971992,11.87538803,0.4363428099999998,0.015211964285714282
0.0,7.185350856641073,4.35621593549504,0.6482174595064687,0.2373333153660058,274.0,79.6732032363856,46.441864018267054,2.0,1.0,1.0,0.0,1.0,0.0,1549.93,226.38,3014.82,769.25,94.04777732262201,11.26935267,0.8199701402222226,0.20280250000000002
2.0,7.171643154082307,2.890534814010462,0.7075240031467576,0.36282479106489335,181.0,88.06160500707472,32.74313361080452,1.0,1.0,0.0,1.0,1.0,1.0,802.74,186.42,2611.23,201.75,53.799378386873784,11.36833335,0.3252391361666664,0.010807000000000002
3.0,7.120238622355751,3.872074078252487,0.7035768324353787,0.19796837232509426,339.0,71.12539624537845,75.56047139450902,0.0,1.0,1.0,2.0,1.0,0.0,428.01,174.36,2876.2,198.24,95.01630351125743,12.2488042,0.7068215656666669,0.017656807142857132
5.0,7.214450088000359,4.201151159164191,0.6985715991959798,0.23430957910346575,151.0,75.71166911882027,36.778837678652536,1.0,1.0,1.0,2.0,0.0,1.0,2892.42,197.83,2882.39,194.49,87.39960086791467,11.12908058,0.9090549990000002,0.14085253333333336
0.0,7.227589083864919,3.6097676678777986,0.6583640444098401,0.22065599653681478,465.0,79.03907406548927,42.511198095224195,2.0,0.0,0.0,1.0,0.0,0.0,1803.78,378.72,2999.74,645.48,91.36605005456443,12.20063445,0.7541926323333336,0.02503089444444444
0.0,7.448312725188357,2.411396876482033,0.7069653558060672,0.34815996397465443,220.0,93.93008499314686,46.92215722775256,0.0,0.0,2.0,1.0,1.0,1.0,2739.9,163.62,1449.88,242.42,36.44408687325045,11.11014675,0.23810674899999992,0.19012945000000006
0.0,7.415038104480955,4.339120803823558,0.71304225849951,0.2828485889174337,514.0,94.92767162128366,47.819981185710745,2.0,1.0,0.0,2.0,1.0,1.0,2737.48,327.36,1231.01,749.07,93.8134970904654,11.97731951,0.5744744165555556,0.007286873809523809
0.0,7.358201328968142,2.862271703276361,0.6543127367012933,0.3813456925749453,381.0,75.17261029109314,79.35412090585999,1.0,1.0,2.0,0.0,0.0,1.0,843.41,185.28,1354.43,361.91,31.181257500120843,11.47528924,0.2466717883333332,0.014678499999999992
0.0,5.910070871719789,2.4199316161798476,0.6540572140277977,0.22634472367395464,1.0,92.12277058222858,38.63647531316184,2.0,1.0,1.0,0.0,1.0,2.0,394.74,767.75,1983.4,299.33,94.87459211603364,11.75539159,0.4557830776666665,0.0005323333333333333
4.0,7.178629275448943,3.246172920984952,0.656832387532109,0.38415579685077367,229.0,91.9760181786394,33.86653333432726,0.0,1.0,2.0,1.0,1.0,0.0,1261.03,308.2,2902.54,199.82,93.52009556217499,11.20857187,0.8446824415000003,0.18478416666666667
0.0,7.159283139136943,2.078433937405999,0.592016993145395,0.32323722178720427,696.0,97.23095368922647,95.3622942902964,1.0,0.0,1.0,0.0,0.0,1.0,2285.24,461.01,1972.2,631.59,90.59972325861432,11.25430239,0.6824140878333335,0.2795407809523809
5.0,7.138153750593654,3.7882614815144415,0.689275044476644,0.3592540792436793,171.0,92.64392309383629,42.317110299940076,2.0,1.0,0.0,2.0,1.0,1.0,2949.09,197.0,2828.56,193.77,87.47356752050696,11.87518292,0.8987305185000004,0.015454999999999997
0.0,7.202705981366366,2.033478003312793,0.660494531393194,0.34593366806200015,545.0,72.60325502944328,95.00073975676969,1.0,0.0,0.0,2.0,0.0,0.0,1808.47,343.5,2436.27,221.71,86.76986724897266,12.28424881,0.7008004173333334,0.12917258611111107
0.0,7.081362074301302,3.0555107125312597,0.6459114334711832,0.23889365974549223,310.0,93.51830205048084,79.56159190636043,1.0,1.0,0.0,0.0,0.0,0.0,4347.14,534.45,352.97,220.62,94.52483501832872,12.00216168,0.39636396016666653,0.01772119999999999
5.0,6.957117979126492,3.9210561291342203,0.6614743715867573,0.22549859539466172,231.0,73.82075797157175,44.526459702485376,2.0,0.0,1.0,1.0,1.0,2.0,2727.85,194.08,2914.33,199.42,57.79744855816934,11.87325701,0.1255682555000002,0.012566499999999998
0.0,7.386696196857124,2.987476873390981,0.5745089280631851,0.17783742820304071,221.0,93.02960854200137,33.07795938399604,1.0,1.0,1.0,1.0,1.0,1.0,300.48,150.21,2405.18,406.77,85.09456608201688,12.07258916,0.741893888666667,0.03712938492063493
0.0,5.918970291273193,2.5477052378064404,0.6603160756748869,0.21668739907470147,397.0,86.89056017522645,50.26764369767574,2.0,1.0,1.0,0.0,1.0,2.0,394.74,767.75,1983.4,299.33,65.57478526603977,11.87284347,0.04907230000000001,0.0
0.0,7.120887652552174,4.36966232120343,0.6517181598007752,0.21071744087174277,210.0,94.3667762059569,43.970135308808075,2.0,1.0,1.0,0.0,0.0,1.0,2775.41,236.2,2190.72,647.18,34.557271411125654,11.10644821,0.3232242516666664,0.13610428333333333
0.0,5.7986769435153365,3.8788311780531175,0.659026759460014,0.22364708543906858,395.0,77.23317626958406,49.75006843008439,0.0,1.0,0.0,2.0,1.0,1.0,3537.6,727.65,3282.57,257.79,95.46336664297323,11.5080543,0.5106110559999997,0.0076558833333333345
0.0,7.499184935977289,4.494274940448663,0.6854662176871749,0.3924526847827642,337.0,85.39512771194035,46.78577789050092,0.0,0.0,2.0,0.0,1.0,1.0,1972.4,260.47,1597.98,306.47,35.98339619514064,11.40080846,0.25434171583333315,0.026553600000000017
0.0,7.176930698102526,3.860859679111769,0.6522041902789313,0.3522984372076715,312.0,68.70211505740957,81.10884558861838,1.0,0.0,2.0,1.0,1.0,0.0,307.02,136.11,3537.83,710.51,89.54580667410909,12.12664269,0.7115442082222225,0.06951902777777783
0.0,7.143292162275401,4.191740459017583,0.6607426966017202,0.15554713111625545,116.0,61.95051983770771,47.579143439368885,2.0,1.0,0.0,1.0,1.0,0.0,2970.74,312.58,403.78,753.84,97.7332349695091,11.12666509,0.5900166621269843,0.14123803333333332
0.0,7.030233195536402,3.6785202132317534,0.5630674954640471,0.3501190445717751,121.0,86.12395478432478,82.63110349790617,1.0,1.0,2.0,1.0,0.0,0.0,245.91,122.83,4004.57,246.63,76.4913697452144,11.67336019,0.15252720516666682,0.051442250000000016
3.0,7.195999860242473,2.8854086379869024,0.6557400627586466,0.2222389629463275,335.0,92.93089429808262,39.04384932169673,2.0,1.0,1.0,0.0,0.0,2.0,458.12,171.75,2889.94,193.49,37.41478008341515,12.30780563,0.3693600340833331,0.014302249999999992
0.0,7.181552505942997,2.3449983975933884,0.6601728561172245,0.22583277466978208,385.0,95.72560229276225,55.48638316745389,0.0,0.0,0.0,0.0,0.0,2.0,2974.93,410.44,3634.84,277.1,92.98827687009502,12.30328685,0.7373522806666669,0.01724724444444443
4.0,7.417441680203799,4.334923590837124,0.652687823161404,0.37453051247352115,313.0,92.85713635778696,45.681970996651714,0.0,1.0,2.0,2.0,0.0,0.0,1464.06,168.08,2909.87,195.39,93.6962527078333,12.23122198,0.7948027296666669,0.03902241666666668
5.0,7.196426073140733,4.180240101353786,0.6618030438235426,0.23331275440605048,212.0,75.5342441752026,53.131878748886194,2.0,1.0,0.0,0.0,1.0,1.0,3005.24,281.77,2931.67,196.75,87.96446496637226,11.48400739,0.8632714835000002,0.0097205
0.0,7.075435234053102,3.927927195496775,0.7358348144744119,0.2219348776419332,506.0,73.62575603902438,43.256122765277716,1.0,1.0,1.0,1.0,0.0,1.0,3013.23,370.06,4338.47,298.47,68.55515576616396,11.57682179,0.15403030683333355,0.008669973809523812
4.0,7.401125596118359,2.8132637692063622,0.7197954340523484,0.22345394162189175,206.0,79.02231388206916,40.221828555554936,2.0,0.0,1.0,1.0,0.0,2.0,2903.19,193.58,2906.42,194.69,54.569565703905326,11.32373248,0.3568487499999997,0.06308495
3.0,7.369784253111685,3.5485368776861437,0.5518402144940328,0.3424889208069661,167.0,85.1363483780329,32.49190256509549,1.0,0.0,0.0,0.0,0.0,2.0,398.01,159.95,2848.97,194.29,88.46822822266277,11.57132366,0.7694953695000005,0.04102850000000001
0.0,7.149985932098672,2.37019568242348,0.632739264384063,0.21905159583919184,399.0,96.79450957223202,41.74311092980827,0.0,0.0,0.0,1.0,1.0,1.0,3059.04,338.15,2547.95,572.69,85.87237197344137,11.11726489,0.7772817066666668,0.2693494666666665
5.0,7.444620946319266,3.8810965285325634,0.7178033457225769,0.21757121661851012,156.0,76.10172032992382,42.31921304790401,0.0,0.0,1.0,1.0,0.0,1.0,2824.23,195.53,2895.54,198.91,94.4926853549405,11.55780657,0.9476405370000001,0.013122999999999998
0.0,7.13536282679513,2.7759503429301673,0.6603851648251279,0.3806881420558004,545.0,72.73954053818295,90.73084721830102,1.0,0.0,0.0,1.0,1.0,1.0,1810.22,215.79,77.26,630.9,71.26537468886335,11.57265976,0.34298634723809507,0.15955266666666662
1.0,7.260928280581757,2.831818961234206,0.7078338056545034,0.2288258622479264,269.0,92.64897851836054,47.5564318542621,1.0,1.0,0.0,2.0,1.0,2.0,761.49,187.5,1500.49,362.55,40.222194198983814,11.26011115,0.23784195533333324,0.12123416666666664
0.0,7.422815028036234,4.480435603814695,0.5100465143638948,0.359506097711095,470.0,92.9150802948383,31.192683239144017,0.0,1.0,2.0,2.0,0.0,0.0,1732.13,371.8,322.29,266.87,32.58673632903836,12.27882619,0.32734486565476173,0.027593616666666668
0.0,7.197708362960296,2.3741100230938113,0.603439291262427,0.3168211536030407,588.0,99.46759824097867,98.82987032436958,0.0,0.0,1.0,0.0,0.0,2.0,3689.38,746.45,1523.76,782.97,98.35119829549726,11.21015176,0.5589259761666667,0.2862785476190476
0.0,7.13337477018677,3.712617431602664,0.5757648534298304,0.24177815149305038,250.0,77.96575578583413,37.37923681429163,0.0,1.0,0.0,1.0,0.0,0.0,1814.71,166.29,755.82,276.56,92.55398162916933,11.28062366,0.5950876745714289,0.1986375
0.0,7.003295292371348,3.0692316692531,0.6544193059869974,0.1585438731580529,230.0,74.46900665219894,50.087246551446086,2.0,0.0,1.0,1.0,0.0,0.0,324.43,173.64,2587.67,305.43,85.51737983286456,11.61344645,0.5145065139999996,0.02727775
0.0,5.3130169980309745,2.358615934281649,0.6648495328128889,0.3239525490078121,547.0,73.37545952810898,89.82548326779414,0.0,1.0,0.0,2.0,0.0,2.0,102.2,276.88,100.8,207.37,86.79876241060951,11.78919332,0.5873887829999997,0.18024890595238083
5.0,7.3864385390097285,3.9302096695107904,0.6828071099548729,0.23442318714439428,156.0,96.44038816333837,39.63493012128883,0.0,0.0,1.0,1.0,0.0,1.0,2766.35,194.56,2864.11,197.4,86.90180078258567,11.55781884,0.9039479220000004,0.01532899999999999
3.0,7.026416018999769,4.478990535432259,0.7159367568115313,0.20795392432447166,188.0,75.20791229805081,46.657461676559734,1.0,1.0,0.0,2.0,1.0,0.0,593.41,194.87,2983.08,199.98,90.73826436886176,11.58904548,0.5806332244999995,0.013764666666666661
2.0,6.179633990438902,2.9244418289381415,0.7177778038700089,0.36384238537901303,105.0,73.36936819182985,74.44878872318648,1.0,0.0,2.0,1.0,1.0,0.0,393.6,171.93,2783.49,202.53,34.076203190133334,11.35922791,0.08700874500000001,0.024952000000000002
0.0,7.078236226014283,2.7877731814498508,0.6552003427619228,0.17222467773820155,351.0,94.57568758145642,46.57530999370004,0.0,0.0,1.0,2.0,1.0,1.0,1889.35,340.61,631.28,692.81,96.44610257469792,11.48500788,0.4258183209999997,0.010081875
0.0,5.707975789811555,2.788127798295254,0.722937039534286,0.22043149780498877,484.0,80.0618877661062,40.90550160605601,0.0,0.0,1.0,2.0,0.0,2.0,2243.24,545.97,2157.96,672.09,94.00439492475319,12.12244509,0.5033318768333335,0.01192051666666666
0.0,5.936184198701696,2.612517688189347,0.723365363795646,0.3648674778926503,467.0,92.61921177236405,82.83131750067278,0.0,0.0,1.0,1.0,0.0,1.0,3922.46,260.71,1380.68,415.8,53.48881400574733,11.65043804,0.1791671960000001,0.01582609166666666
4.0,7.423534083776451,3.011363624520957,0.7376951621353061,0.3582125223112186,96.0,90.85345667531493,36.36305175916466,1.0,0.0,2.0,2.0,1.0,0.0,1420.81,162.94,2864.51,194.29,87.08896521294479,11.41248231,0.8208809120000005,0.07507300000000003
0.0,7.146092576544994,2.801184571631312,0.5981422386075127,0.3560151023783911,526.0,70.73262432531926,94.98414734923765,0.0,0.0,1.0,2.0,1.0,1.0,1889.35,340.61,631.28,692.81,64.83142783232411,11.53805287,0.34161617023809504,0.14459212499999993
0.0,5.956996455568487,3.142804375054881,0.6212249932963209,0.3840246886387149,1.0,75.80624506941206,46.60000226546384,1.0,1.0,2.0,0.0,0.0,1.0,266.04,133.02,1354.43,361.91,31.593921336991468,11.36611201,0.10391875000000005,0.05717075000000003
0.0,7.145134248371176,2.1923943426908363,0.5883376672663221,0.3235006369600624,559.0,68.74006232939037,37.79333491363088,2.0,0.0,0.0,2.0,1.0,0.0,3138.2,228.91,1217.09,746.95,91.25324825955434,12.25223439,0.5992809756666666,0.1488893972222222
0.0,7.203423956886233,4.1920017617482195,0.6563415597090252,0.2372717550152338,316.0,70.53156598298743,44.257863532234154,0.0,0.0,1.0,1.0,1.0,1.0,3899.4,774.18,4010.89,767.06,92.81486080397556,11.25363673,0.789062870666667,0.20055995
5.0,7.137902295072836,3.83078010860937,0.7158639750603826,0.22557390112261894,183.0,94.11122953236706,54.21782214405312,0.0,1.0,0.0,2.0,0.0,2.0,2692.3,177.57,2868.0,193.51,31.31780917087568,11.68120354,0.3355407259999997,0.013297999999999997
1.0,7.144706135510946,3.8185136941106577,0.7166716678432941,0.2341188996408957,276.0,37.81762121953955,44.37875789778326,1.0,1.0,0.0,0.0,1.0,0.0,743.76,188.48,2350.38,207.19,92.76973865356729,11.95364206,0.7417271060000005,0.0255601111111111
