PROGRESS,ORCH_1_Dstop,ORCH_1_Drestart,ORCH_1_Fstop,ORCH_1_Frestart,PSCS__TAU,HUM_1_VEL,HUM_2_VEL,HUM_1_FW,HUM_1_FTG,HUM_2_FW,HUM_2_FTG,HUM_1_POS,HUM_2_POS,ROB_1_VEL,ROB_1_CHG,PRSCS_LOWER_BOUND,PRSCS_UPPER_BOUND,FTG_HUM_1,FTG_HUM_2
5,5.97,3.44,0.76,0.14,462,74.0,63.0,d,e/u,d,e/u,"2594.32, 190.47","2839.13, 209.03",79.0,11.94019989,1.0,1.0,1,0.0
0,6.42,3.7,0.53,0.38,583,83.0,32.0,d,e/u,d,e/u,"110.69, 488.87","519.32, 262.95",83.0,11.10892004,0.0,0.0981446,0,0.0
0,7.17,3.62,0.71,0.16,110,69.0,60.0,d,e/u,d,e/u,"345.53, 169.44","1596.10, 315.44",33.0,12.1588767,0.0,0.0981446,0,0.032
0,7.01,4.45,0.66,0.36,165,76.0,75.0,d,e/u,d,e/u,"801.43, 728.17","364.20, 741.87",35.0,11.66748416,0.0,0.0981446,0,0.0
5,6.87,3.35,0.59,0.3,170,59.0,59.0,d,e/u,d,e/u,"2700.97, 187.68","2876.20, 198.24",76.0,12.19910432,1.0,1.0,1,0.0
0,7.41,3.84,0.78,0.14,518,86.0,72.0,d,e/u,d,e/u,"3669.82, 251.12","3541.71, 676.44",42.0,11.68937762,0.129131,0.229096,0,0.0466
0,5.892338788,3.196927353,0.5032578348,0.181812906,600,65.98066294,68.73918331,d,e/u,d,e/u,"3059.04, 338.15","2547.95, 572.69",70.65316336,11.17758122,0.0,0.0981446,0,0.0
0,7.01,4.45,0.66,0.36,495,76.0,75.0,d,e/u,d,e/u,"801.43, 728.17","364.20, 741.87",35.0,11.76602082,0.0,0.0981446,0,0.0
1,6.42,3.7,0.53,0.38,1,83.0,32.0,d,e/u,d,e/u,"110.69, 488.87","519.32, 262.95",83.0,11.2621159,0.0,0.0981446,0,0.2644
0,5.9,3.15,0.65,0.23,405,96.0,30.0,d,e/u,d,e/u,"4435.40, 584.89","110.12, 754.44",95.0,12.36323709,0.0,0.0981446,0,0.0621
0,7.05,2.12,0.74,0.33,558,75.0,35.0,d,e/u,d,e/u,"3138.20, 228.91","1217.09, 746.95",32.0,12.25219469,0.0,0.0981446,0,0.0
0,5.146978859,4.132282655,0.7896940854,0.1139795556,498,51.31194686,52.73491371,d,e/u,d,e/u,"4368.95, 701.34","2229.06, 294.91",54.45453006,12.31849178,0.0,0.0981446,0,0.089
0,7.12,3.59,0.53,0.11,431,38.0,79.0,d,e/u,d,e/u,"3754.34, 789.02","176.55, 363.53",76.0,11.15689104,0.0,0.0981446,0,0.7708
0,7.07,3.85,0.61,0.32,419,32.0,55.0,d,e/u,d,e/u,"897.86, 674.11","1003.85, 774.62",95.0,11.48857856,0.0,0.0981446,0,0.9573
4,6.42,2.66,0.55,0.21,1,20.0,48.0,d,e/u,d,e/u,"2628.06, 190.91","2882.69, 209.97",92.0,11.09797801,0.0,0.0981446,0,0.0
0,7.375736634,2.749466285,0.5942004225,0.2960589623,376,65.28569832,74.69552308,d,e/u,d,e/u,"3681.29, 733.16","755.82, 276.56",41.09619513,11.31857221,0.277379,0.377232,0,0.0284
2,5.64,4.07,0.54,0.17,171,34.0,57.0,d,e/u,d,e/u,"387.72, 259.61","2095.46, 212.76",83.0,12.37086394,0.0,0.0981446,0,0.0146
0,5.97,3.44,0.76,0.14,693,74.0,63.0,d,e/u,d,e/u,"2435.56, 591.61","1462.01, 536.68",79.0,12.00947781,0.79079,0.890537,1,0.1053
0,6.08532006,2.931816945,0.6881047906,0.1958712697,662,72.34518424,35.69012464,d,e/u,d,e/u,"3648.55, 292.68","2405.18, 406.77",34.04278774,12.20243495,0.0257282,0.125623,0,0.2743
0,6.34,3.61,0.73,0.27,380,95.0,38.0,d,e/u,d,e/u,"2184.49, 263.17","70.15, 332.47",30.0,11.47632012,0.0,0.0981446,0,0.0
0,5.44,2.15,0.74,0.24,1,96.0,52.0,d,e/u,d,e/u,"394.74, 767.75","1983.40, 299.33",68.0,11.75540571,0.0,0.0981446,0,0.0
0,5.9,3.15,0.65,0.23,405,96.0,30.0,d,e/u,d,e/u,"4435.40, 584.89","110.12, 754.44",95.0,12.36323709,0.0,0.0981446,0,0.065
4,6.82,3.14,0.74,0.26,120,82.0,21.0,d,e/u,d,e/u,"1100.11, 174.04","2892.44, 200.54",72.0,11.51347202,0.901855,1.0,1,0.0161
0,5.541728755,3.883634661,0.65590006,0.1111213221,316,72.00214868,54.36420788,d,e/u,d,e/u,"833.55, 205.47","2652.23, 681.42",92.60541929,11.42254907,0.0125218,0.112309,0,0.6269
0,5.587365843,2.595963812,0.5644867794,0.2625794053,378,59.79008117,92.8106596,d,e/u,d,e/u,"4161.81, 215.39","2432.66, 613.06",85.96867024,12.37729112,0.0,0.0981446,0,0.657
0,7.12,3.68,0.6,0.23,385,37.0,85.0,d,e/u,d,e/u,"2974.93, 410.44","3634.84, 277.10",61.0,12.30329733,0.0,0.0981446,0,0.0
0,5.256304437,3.233200786,0.6568100368,0.3770330993,415,57.51711777,95.88384548,d,e/u,d,e/u,"3522.42, 761.63","2418.01, 668.18",50.91075799,12.32257271,0.901855,1.0,1,0.0632
0,6.96,2.91,0.59,0.16,571,80.0,78.0,d,e/u,d,e/u,"4231.44, 255.66","1354.43, 361.91",33.0,11.53255844,0.0,0.0981446,0,0.9928
5,5.03,2.14,0.74,0.25,214,43.0,56.0,d,e/u,d,e/u,"2830.16, 196.56","2851.44, 198.07",66.0,11.80999021,1.0,1.0,1,0.0
0,7.12,3.68,0.6,0.23,578,37.0,85.0,d,e/u,d,e/u,"2974.93, 410.44","3634.84, 277.10",61.0,12.36176512,0.0,0.0981446,0,0.0
0,7.05,2.12,0.74,0.33,186,75.0,35.0,d,e/u,d,e/u,"3138.20, 228.91","1217.09, 746.95",32.0,12.14182164,0.0,0.0981446,0,0.0
0,5.59,4.24,0.51,0.32,224,75.0,87.0,d,e/u,d,e/u,"339.56, 166.71","1597.98, 306.47",53.0,11.36650142,0.0,0.0981446,0,0.7097
4,5.41,3.39,0.67,0.11,1,32.0,30.0,d,e/u,d,e/u,"1409.69, 186.85","2930.14, 199.95",60.0,11.18747999,0.0,0.0981446,0,0.333
5,5.03,2.14,0.74,0.25,214,43.0,56.0,d,e/u,d,e/u,"2916.38, 194.90","2874.44, 198.37",66.0,11.80994169,1.0,1.0,1,0.0
0,5.405137316,3.389178644,0.6666167546,0.1136480529,275,32.6097776,30.43044934,d,e/u,d,e/u,"1549.93, 226.38","3014.82, 769.25",60.33883814,11.26937099,0.0,0.0981446,0,0.2516
0,6.0,2.49,0.69,0.29,588,39.0,36.0,d,e/u,d,e/u,"3689.38, 746.45","1523.76, 782.97",66.0,11.21015176,0.897759,0.996418,1,0.2049
5,5.05,3.94,0.65,0.34,1,64.0,53.0,d,e/u,d,e/u,"2876.22, 194.31","2862.26, 197.30",91.0,11.47224932,1.0,1.0,1,0.0
3,7.41,3.84,0.78,0.14,345,86.0,43.0,d,e/u,d,e/u,"467.72, 168.68","2891.13, 195.11",42.0,11.63692741,0.332512,0.432506,0,0.0078
0,7.01,2.83,0.62,0.11,219,37.0,52.0,d,e/u,d,e/u,"2840.64, 167.73","70.28, 534.16",70.0,11.52576789,0.0,0.0981446,0,0.0
1,7.07,3.85,0.61,0.32,279,32.0,55.0,d,e/u,d,e/u,"352.49, 184.13","1003.85, 774.62",95.0,11.44581376,0.0619394,0.16173,0,0.8265
0,7.42,2.81,0.72,0.16,463,78.0,76.0,d,e/u,d,e/u,"314.92, 157.45","2292.61, 482.03",42.0,11.38093956,0.264825,0.364825,0,0.2041
5,6.84,4.09,0.55,0.4,1,82.0,90.0,d,e/u,d,e/u,"2645.07, 182.59","2848.97, 194.29",92.0,11.52430929,1.0,1.0,1,0.0
0,6.34,3.61,0.73,0.27,253,95.0,38.0,d,e/u,d,e/u,"2184.49, 263.17","70.15, 332.47",30.0,11.43779156,0.0,0.0981446,0,0.0
0,6.82,3.14,0.74,0.26,360,82.0,36.0,d,e/u,d,e/u,"4060.60, 216.13","2338.88, 323.46",72.0,11.58578257,0.901855,1.0,1,0.0454
0,6.456166113,3.096478797,0.7018352972,0.3132484127,285,65.8660482,70.99263293,d,e/u,d,e/u,"3766.18, 776.64","707.50, 747.35",83.9848851,11.42801708,0.18744,0.287382,0,0.2793
3,5.21,4.08,0.71,0.34,376,22.0,39.0,d,e/u,d,e/u,"593.41, 194.87","2983.08, 199.98",93.0,11.6439177,0.770904,0.870869,1,0.0029
4,6.26,2.38,0.77,0.39,313,72.0,59.0,d,e/u,d,e/u,"1550.08, 170.61","2968.74, 199.35",92.0,12.23122002,0.901855,1.0,1,0.9993
0,7.44,2.18,0.53,0.19,1,65.0,82.0,d,e/u,d,e/u,"2250.17, 407.14","2381.88, 335.87",68.0,12.1969005,0.0,0.0981446,0,0.0
0,6.02,3.84,0.54,0.18,181,32.0,59.0,d,e/u,d,e/u,"347.86, 173.84","77.26, 630.90",56.0,11.464643,0.0,0.0981446,0,0.0035
0,5.45,3.84,0.55,0.15,695,51.0,55.0,d,e/u,d,e/u,"2285.24, 461.01","1972.20, 631.59",38.0,11.25425353,0.262878,0.362857,0,0.181
0,6.746692357,3.749403752,0.6247554045,0.3565887732,366,45.05643954,60.44026632,d,e/u,d,e/u,"1535.08, 500.33","2499.70, 526.28",83.4404001,12.24063232,0.901855,1.0,1,0.0623
4,6.29,2.76,0.79,0.16,168,65.0,57.0,d,e/u,d,e/u,"744.90, 157.26","2920.85, 196.13",31.0,11.47591198,0.74021,0.839965,1,0.4484
0,6.23,3.65,0.64,0.17,109,38.0,98.0,d,e/u,d,e/u,"362.71, 182.80","1495.42, 387.52",33.0,12.07268198,0.0,0.0981446,0,0.0378
0,6.21,3.04,0.68,0.27,687,43.0,77.0,d,e/u,d,e/u,"169.43, 713.47","3733.34, 215.79",94.0,11.34362422,0.0,0.0981446,0,0.6949
0,5.15,4.13,0.79,0.11,165,51.0,52.0,d,e/u,d,e/u,"367.53, 177.39","2229.06, 294.91",54.0,12.21932986,0.0,0.0981446,0,0.023
0,5.41,4.19,0.62,0.26,360,38.0,79.0,d,e/u,d,e/u,"548.54, 194.90","138.53, 411.75",39.0,11.16858303,0.0,0.0981446,0,0.9504
0,6.67,2.9,0.73,0.14,202,54.0,43.0,d,e/u,d,e/u,"179.28, 621.78","2626.14, 228.42",39.0,11.15876268,0.0,0.0981446,0,0.0
4,5.43,2.85,0.5,0.33,1,31.0,75.0,d,e/u,d,e/u,"1320.74, 433.92","2877.66, 195.43",46.0,11.40496677,0.0,0.0981446,0,0.0906
4,6.04,3.97,0.69,0.29,138,39.0,66.0,d,e/u,d,e/u,"1977.09, 175.91","2875.56, 195.56",61.0,11.91332962,0.71884,0.818748,1,0.075
0,7.42,2.81,0.72,0.16,232,78.0,76.0,d,e/u,d,e/u,"314.92, 157.46","2292.61, 482.03",42.0,11.31399812,0.0,0.0981446,0,0.3537
0,7.42,2.81,0.72,0.16,694,78.0,76.0,d,e/u,d,e/u,"2011.81, 315.73","2292.61, 482.03",42.0,11.45020851,0.0,0.0981446,0,0.6274
5,5.03,2.14,0.74,0.25,428,43.0,56.0,d,e/u,d,e/u,"2830.16, 196.56","2851.44, 198.07",66.0,11.87175845,1.0,1.0,1,0.0
0,7.44,2.48,0.71,0.13,167,51.0,98.0,d,e/u,d,e/u,"1125.36, 176.85","3108.03, 421.63",58.0,11.80522631,0.0,0.0981446,0,0.5829
1,5.86,3.32,0.61,0.16,290,54.0,38.0,d,e/u,d,e/u,"821.47, 185.73","4445.72, 743.68",72.0,12.06148302,0.0,0.0981446,0,0.0363
1,5.9,3.15,0.65,0.23,135,96.0,30.0,d,e/u,d,e/u,"537.90, 195.31","1371.80, 217.54",95.0,12.28256139,0.0,0.0981446,0,0.4386
0,6.7,3.12,0.73,0.3,135,39.0,40.0,d,e/u,d,e/u,"2016.60, 417.93","1559.79, 221.11",80.0,12.20201329,0.0,0.0981446,0,0.0
5,6.21,3.36,0.62,0.2,1,51.0,64.0,d,e/u,d,e/u,"2672.00, 192.59","2857.59, 200.51",78.0,11.50954493,1.0,1.0,1,0.0
5,6.87,3.35,0.59,0.3,170,59.0,59.0,d,e/u,d,e/u,"2770.91, 190.56","2876.20, 198.24",76.0,12.19912448,1.0,1.0,1,0.0
0,5.05,3.94,0.65,0.34,274,64.0,53.0,d,e/u,d,e/u,"1531.03, 480.75","297.23, 200.72",91.0,11.55411329,0.901855,1.0,1,0.0484
5,6.01,3.44,0.77,0.24,183,46.0,80.0,d,e/u,d,e/u,"2692.30, 177.57","2868.00, 193.51",40.0,11.68118876,1.0,1.0,1,0.0
3,5.71,4.34,0.66,0.26,98,28.0,67.0,d,e/u,d,e/u,"465.57, 182.00","2932.81, 195.54",42.0,12.31120974,0.0,0.0981446,0,0.0254
0,5.59,4.24,0.51,0.32,336,75.0,87.0,d,e/u,d,e/u,"1972.40, 260.47","1597.98, 306.47",53.0,11.40078403,0.0,0.0981446,0,0.9846
0,6.39,3.21,0.61,0.27,242,90.0,78.0,d,e/u,d,e/u,"326.88, 162.15","4004.57, 246.63",75.0,11.7095537,0.000468738,0.0989152,0,0.3848
0,5.21,4.08,0.71,0.34,564,38.0,39.0,d,e/u,d,e/u,"2574.21, 202.37","3436.33, 223.66",93.0,11.70058615,0.664135,0.763976,1,0.0262
0,7.301887126,4.135586002,0.7388950729,0.1874173394,291,87.44208866,82.17308581,d,e/u,d,e/u,"139.62, 401.64","1959.25, 253.99",50.90695934,11.47098319,0.160035,0.25979,0,0.5204
5,5.97,3.44,0.76,0.14,462,74.0,63.0,d,e/u,d,e/u,"2713.85, 193.87","2911.47, 195.60",79.0,11.94017076,1.0,1.0,1,0.0
0,7.05,2.12,0.74,0.33,186,75.0,35.0,d,e/u,d,e/u,"3138.20, 228.91","1217.09, 746.95",32.0,12.14183008,0.0,0.0981446,0,0.0
2,6.46,3.1,0.7,0.31,94,65.0,70.0,d,e/u,d,e/u,"401.35, 199.96","1831.94, 174.66",83.0,11.3707394,0.0,0.0981446,0,0.4824
2,5.41,3.39,0.67,0.11,92,32.0,30.0,d,e/u,d,e/u,"817.12, 209.57","2504.14, 199.66",60.0,11.21449778,0.0,0.0981446,0,0.0226
0,7.12,3.68,0.6,0.23,192,37.0,85.0,d,e/u,d,e/u,"2974.93, 410.44","3634.84, 277.10",61.0,12.2472905,0.0,0.0981446,0,0.0
0,6.94,2.46,0.64,0.2,628,45.0,83.0,d,e/u,d,e/u,"2775.41, 236.20","2190.72, 647.18",76.0,11.23035416,0.0,0.0981446,0,0.0
0,7.12,3.68,0.6,0.23,578,37.0,85.0,d,e/u,d,e/u,"2974.93, 410.44","3634.84, 277.10",61.0,12.36176512,0.0,0.0981446,0,0.0
0,6.38,2.79,0.6,0.19,526,86.0,63.0,d,e/u,d,e/u,"1889.35, 340.61","631.28, 692.81",75.0,11.53805287,0.0,0.0981446,0,0.0
1,7.01,2.83,0.62,0.11,110,22.0,52.0,d,e/u,d,e/u,"419.22, 199.33","1140.80, 194.22",70.0,11.49312296,0.0,0.0981446,0,0.0997
0,7.42,2.81,0.72,0.16,232,78.0,76.0,d,e/u,d,e/u,"314.92, 157.46","2292.61, 482.03",42.0,11.31400422,0.0,0.0981446,0,0.4104
0,5.91,3.66,0.72,0.16,246,81.0,83.0,d,e/u,d,e/u,"267.30, 157.62","4377.75, 457.08",79.0,11.79968971,0.114648,0.214562,0,0.0079
0,6.39,3.21,0.61,0.27,121,90.0,78.0,d,e/u,d,e/u,"245.91, 122.83","4004.57, 246.63",75.0,11.67338544,0.0,0.0981446,0,0.62
0,7.38,2.75,0.59,0.3,250,39.0,74.0,d,e/u,d,e/u,"1853.71, 166.59","755.82, 276.56",41.0,11.2806308,0.0,0.0981446,0,0.0
5,7.23,4.3,0.66,0.24,167,61.0,46.0,d,e/u,d,e/u,"5485.22, 133.51","2882.08, 197.64",98.0,11.98770016,1.0,1.0,1,0.0
0,6.23,3.85,0.55,0.21,513,42.0,96.0,d,e/u,d,e/u,"2737.48, 327.36","1231.01, 749.07",67.0,11.97728287,0.901855,1.0,1,0.0586
0,6.67,2.59,0.76,0.18,144,58.0,76.0,d,e/u,d,e/u,"1913.61, 326.97","825.52, 691.49",69.0,11.35857658,0.0,0.0981446,0,0.0
0,5.65,3.24,0.71,0.27,100,86.0,80.0,d,e/u,d,e/u,"327.00, 161.77","4200.11, 792.34",85.0,11.63123172,0.0,0.0981446,0,0.0532
4,6.26,2.38,0.77,0.39,156,72.0,59.0,d,e/u,d,e/u,"2111.92, 181.54","2909.87, 195.39",92.0,12.18507066,0.901855,1.0,1,0.9993
5,5.97,3.44,0.76,0.14,231,74.0,63.0,d,e/u,d,e/u,"2594.32, 190.47","2839.13, 209.03",79.0,11.8732674,1.0,1.0,1,0.0
0,6.23,3.65,0.64,0.17,329,38.0,98.0,d,e/u,d,e/u,"1427.61, 714.67","1495.42, 387.52",33.0,12.138974,0.0,0.0981446,0,0.0913
0,6.36,3.68,0.5,0.15,273,42.0,98.0,d,e/u,d,e/u,"4377.50, 337.95","2412.61, 597.02",70.0,11.80190255,0.0,0.0981446,0,0.8896
0,7.27,3.92,0.51,0.36,502,75.0,93.0,d,e/u,d,e/u,"3400.55, 234.86","1633.80, 357.55",52.0,12.35844417,0.901855,1.0,1,0.3574
0,7.17,3.62,0.71,0.16,221,69.0,60.0,d,e/u,d,e/u,"403.29, 171.22","1596.10, 315.44",33.0,12.19211041,0.0,0.0981446,0,0.0329
0,6.25,2.45,0.64,0.17,1,91.0,31.0,d,e/u,d,e/u,"310.72, 131.25","618.66, 271.69",45.0,12.12544735,0.0,0.0981446,0,0.0565
0,6.09,2.93,0.69,0.2,661,72.0,35.0,d,e/u,d,e/u,"3648.55, 292.68","2405.18, 406.77",34.0,12.2023861,0.0413775,0.141115,0,0.5293
0,7.23,4.3,0.66,0.24,503,61.0,46.0,d,e/u,d,e/u,"128.43, 521.68","158.09, 205.08",98.0,12.08801127,0.459921,0.559832,1,0.0069
0,5.91,3.66,0.72,0.16,246,81.0,83.0,d,e/u,d,e/u,"267.30, 157.62","4377.75, 457.08",79.0,11.79967569,0.085612,0.185254,0,0.007
0,7.41,3.84,0.78,0.14,345,86.0,72.0,d,e/u,d,e/u,"268.18, 133.10","3541.71, 676.44",42.0,11.63694407,0.149088,0.248781,0,0.01
4,5.94,4.09,0.55,0.34,206,95.0,73.0,d,e/u,d,e/u,"2865.39, 191.72","2906.42, 194.69",44.0,11.32374512,0.901855,1.0,1,0.0809
5,6.23,3.85,0.55,0.21,171,42.0,96.0,d,e/u,d,e/u,"2924.05, 196.39","2828.56, 193.77",67.0,11.87518638,1.0,1.0,1,0.0
0,6.29,2.76,0.79,0.16,337,65.0,57.0,d,e/u,d,e/u,"325.88, 158.79","4338.47, 298.47",31.0,11.525585,0.0,0.0981446,0,0.0343
0,6.38,2.79,0.6,0.19,1,86.0,63.0,d,e/u,d,e/u,"1889.35, 340.61","631.28, 692.81",75.0,11.38438262,0.0,0.0981446,0,0.0
1,6.42,3.7,0.53,0.38,195,83.0,32.0,d,e/u,d,e/u,"110.69, 488.87","519.32, 262.95",83.0,11.19922654,0.901855,1.0,1,0.2609
0,5.71,4.34,0.66,0.26,294,48.0,67.0,d,e/u,d,e/u,"3313.08, 212.76","3635.85, 690.65",42.0,12.37029545,0.328317,0.428233,0,0.0561
0,6.63,2.32,0.64,0.35,603,56.0,73.0,d,e/u,d,e/u,"104.91, 208.84","2206.47, 300.61",84.0,11.25777779,0.489766,0.589638,1,0.0377
0,6.96,2.91,0.59,0.16,381,80.0,78.0,d,e/u,d,e/u,"266.63, 131.84","1354.43, 361.91",33.0,11.47529288,0.0,0.0981446,0,0.7495
3,5.05,2.23,0.61,0.13,89,33.0,47.0,d,e/u,d,e/u,"453.58, 189.26","2790.44, 200.64",72.0,11.49639291,0.0,0.0981446,0,0.1542
0,5.54,3.88,0.66,0.11,315,72.0,54.0,d,e/u,d,e/u,"833.55, 205.47","2652.23, 681.42",92.0,11.4225277,0.0169465,0.116203,0,0.9505
1,5.94,4.09,0.55,0.34,411,95.0,73.0,d,e/u,d,e/u,"378.77, 163.12","1329.85, 255.25",44.0,11.38324365,0.4065,0.506436,0,0.3592
0,6.87,3.35,0.59,0.3,508,59.0,59.0,d,e/u,d,e/u,"4332.25, 220.93","1623.48, 284.73",76.0,12.30002911,0.901855,1.0,1,0.3648
0,7.29,2.83,0.65,0.32,193,58.0,79.0,d,e/u,d,e/u,"1321.31, 169.69","4434.23, 442.63",78.0,11.7797539,0.0,0.0981446,0,0.0256
0,6.21,3.04,0.68,0.27,687,43.0,77.0,d,e/u,d,e/u,"169.43, 713.47","3733.34, 215.79",94.0,11.34362422,0.0,0.0981446,0,0.9323
2,5.64,4.07,0.54,0.17,171,34.0,57.0,d,e/u,d,e/u,"394.58, 226.31","2083.46, 212.93",83.0,12.37085047,0.0,0.0981446,0,0.0126
1,6.29,2.76,0.79,0.16,168,65.0,57.0,d,e/u,d,e/u,"296.82, 143.14","1497.72, 198.08",31.0,11.47594115,0.0,0.0981446,0,0.0794
0,7.01,4.45,0.66,0.36,330,76.0,75.0,d,e/u,d,e/u,"801.43, 728.17","364.20, 741.87",35.0,11.71598751,0.0,0.0981446,0,0.0
0,5.89,3.2,0.5,0.18,199,65.0,68.0,d,e/u,d,e/u,"3059.04, 338.15","2547.95, 572.69",70.0,11.11415792,0.0,0.0981446,0,0.0
0,7.41,3.84,0.78,0.14,518,86.0,72.0,d,e/u,d,e/u,"3669.82, 251.12","3541.71, 676.44",42.0,11.68937762,0.116908,0.216676,0,0.0467
5,5.45,3.84,0.55,0.15,231,51.0,55.0,d,e/u,d,e/u,"2744.03, 193.75","2937.77, 196.40",38.0,11.11744756,1.0,1.0,1,0.0
0,5.15,4.13,0.79,0.11,165,51.0,52.0,d,e/u,d,e/u,"367.53, 177.39","2229.06, 294.91",54.0,12.21932573,0.0,0.0981446,0,0.0186
0,6.23,3.65,0.64,0.17,219,38.0,98.0,d,e/u,d,e/u,"206.72, 194.35","1495.42, 387.52",33.0,12.10530374,0.0,0.0981446,0,0.038
0,6.25,2.45,0.64,0.17,1,91.0,31.0,d,e/u,d,e/u,"310.72, 131.25","618.66, 271.69",45.0,12.12544273,0.0,0.0981446,0,0.0284
1,6.13,4.36,0.74,0.24,166,36.0,56.0,d,e/u,d,e/u,"402.89, 183.86","3785.30, 270.22",89.0,11.09418635,0.0,0.0981446,0,0.7106
1,6.42,3.7,0.53,0.38,389,83.0,32.0,d,e/u,d,e/u,"110.69, 488.87","519.32, 262.95",83.0,11.13677176,0.0,0.0981446,0,0.1557
0,7.474646443,2.185449915,0.5745216286,0.246769788,396,63.10435456,59.08544908,d,e/u,d,e/u,"3537.60, 727.65","3282.57, 257.79",36.27957971,11.50808178,0.166278,0.265971,0,0.0428
0,6.55,3.49,0.51,0.38,156,77.0,95.0,d,e/u,d,e/u,"302.06, 149.91","3537.83, 710.51",45.0,12.0804672,0.0,0.0981446,0,0.3947
0,7.05,2.13,0.64,0.29,466,98.0,67.0,d,e/u,d,e/u,"3922.46, 260.71","1380.68, 415.80",82.0,11.65040445,0.746704,0.846449,1,0.1188
0,7.05,2.12,0.74,0.33,372,75.0,35.0,d,e/u,d,e/u,"3138.20, 228.91","1217.09, 746.95",32.0,12.19614013,0.0,0.0981446,0,0.0
1,6.13,4.27,0.73,0.26,305,86.0,67.0,d,e/u,d,e/u,"106.39, 414.63","1398.98, 761.93",91.0,11.61138789,0.379491,0.479453,0,0.2688
1,6.82,3.14,0.74,0.26,240,82.0,21.0,d,e/u,d,e/u,"626.46, 192.20","1562.56, 221.38",72.0,11.54908043,0.893009,0.992099,1,0.0358
0,5.18,3.3,0.77,0.21,427,64.0,79.0,d,e/u,d,e/u,"1867.55, 234.08","2356.35, 560.55",83.0,11.92814216,0.204953,0.304718,0,0.8049
0,6.36,3.68,0.5,0.15,91,42.0,98.0,d,e/u,d,e/u,"2152.64, 163.55","2412.61, 597.02",70.0,11.74705359,0.0,0.0981446,0,0.9013
0,7.12,3.59,0.53,0.11,143,38.0,79.0,d,e/u,d,e/u,"2247.97, 177.36","176.55, 363.53",76.0,11.11046584,0.0,0.0981446,0,0.0
5,6.63,2.32,0.64,0.35,201,56.0,44.0,d,e/u,d,e/u,"2760.60, 194.51","2840.80, 201.48",84.0,11.13855839,1.0,1.0,1,0.0
1,7.01,2.83,0.62,0.11,110,22.0,52.0,d,e/u,d,e/u,"531.15, 195.49","1171.79, 194.91",70.0,11.49311825,0.0,0.0981446,0,0.0929
0,7.29,2.83,0.65,0.32,193,58.0,79.0,d,e/u,d,e/u,"973.50, 181.13","4434.23, 442.63",78.0,11.77975685,0.0,0.0981446,0,0.0375
5,7.05,2.13,0.64,0.29,1,98.0,67.0,d,e/u,d,e/u,"2766.35, 194.56","2864.11, 197.40",82.0,11.51361026,1.0,1.0,1,0.0
4,5.05,2.23,0.61,0.13,89,33.0,78.0,d,e/u,d,e/u,"1520.19, 198.44","2896.08, 198.18",72.0,11.49640193,0.0,0.0981446,0,0.3109
0,6.94,2.46,0.64,0.2,419,45.0,83.0,d,e/u,d,e/u,"2775.41, 236.20","2190.72, 647.18",76.0,11.16707193,0.0,0.0981446,0,0.0
0,6.67,2.59,0.76,0.18,434,58.0,76.0,d,e/u,d,e/u,"1913.61, 326.97","825.52, 691.49",69.0,11.44520403,0.0,0.0981446,0,0.0
0,6.8,2.67,0.67,0.24,545,54.0,89.0,d,e/u,d,e/u,"4374.08, 403.67","1396.45, 718.65",80.0,11.47632097,0.402622,0.502616,0,0.0297
5,5.03,2.14,0.74,0.25,428,43.0,56.0,d,e/u,d,e/u,"2916.38, 194.90","2874.44, 198.37",66.0,11.87171723,1.0,1.0,1,0.0
5,7.27,3.92,0.51,0.36,168,45.0,93.0,d,e/u,d,e/u,"2747.17, 193.79","2889.94, 193.49",52.0,12.25871126,1.0,1.0,1,0.0
5,6.21,3.36,0.62,0.2,112,51.0,64.0,d,e/u,d,e/u,"2903.14, 195.52","2857.59, 200.51",78.0,11.54176812,1.0,1.0,1,0.0
0,6.25,2.45,0.64,0.17,237,91.0,31.0,d,e/u,d,e/u,"310.72, 131.25","618.66, 271.69",45.0,12.19438684,0.0,0.0981446,0,0.0628
0,7.006962322,4.448633209,0.6618493277,0.3565808487,496,76.1208014,75.17410024,d,e/u,d,e/u,"801.43, 728.17","364.20, 741.87",35.49806476,11.76605746,0.0,0.0981446,0,0.0
2,7.44,2.48,0.71,0.13,84,30.0,98.0,d,e/u,d,e/u,"448.44, 198.69","2493.98, 206.95",58.0,11.78092429,0.0,0.0981446,0,0.0101
0,6.34,3.61,0.73,0.27,253,95.0,38.0,d,e/u,d,e/u,"2184.49, 263.17","70.15, 332.47",30.0,11.43778485,0.0,0.0981446,0,0.0
2,7.41,3.84,0.78,0.14,345,51.0,43.0,d,e/u,d,e/u,"662.10, 191.32","2299.97, 199.23",42.0,11.6369362,0.587016,0.686912,1,0.0764
0,5.09,3.09,0.73,0.33,106,99.0,48.0,d,e/u,d,e/u,"397.69, 160.02","4010.89, 767.06",42.0,11.19033435,0.0,0.0981446,0,0.0
4,5.43,2.85,0.5,0.33,1,31.0,75.0,d,e/u,d,e/u,"1320.74, 433.92","2877.66, 195.43",46.0,11.40497128,0.0,0.0981446,0,0.0906
0,6.390427215,3.210549562,0.611399173,0.2677713098,364,90.13604546,78.78876294,d,e/u,d,e/u,"1975.07, 415.23","4004.57, 246.63",75.74198069,11.74627951,0.0,0.0981446,0,0.9104
0,6.94,2.46,0.64,0.2,1,45.0,83.0,d,e/u,d,e/u,"2775.41, 236.20","2190.72, 647.18",76.0,11.13018774,0.0,0.0981446,0,0.0
0,7.42,2.81,0.72,0.16,463,78.0,76.0,d,e/u,d,e/u,"314.95, 157.39","2292.61, 482.03",42.0,11.38091017,0.309646,0.409614,0,0.1325
0,7.17,3.62,0.71,0.16,110,69.0,60.0,d,e/u,d,e/u,"403.29, 171.22","1596.10, 315.44",33.0,12.15886244,0.0,0.0981446,0,0.0327
0,7.23,4.03,0.67,0.2,1,49.0,30.0,d,e/u,d,e/u,"3009.75, 615.60","947.86, 795.78",85.0,11.48764389,0.0,0.0981446,0,0.0
0,6.81,2.96,0.6,0.22,592,35.0,73.0,d,e/u,d,e/u,"2823.94, 340.35","190.55, 268.99",36.0,12.04757798,0.0,0.0981446,0,0.0
1,5.9,3.15,0.65,0.23,270,96.0,18.0,d,e/u,d,e/u,"537.90, 195.31","1172.11, 759.79",95.0,12.32227979,0.0,0.0981446,0,0.8262
2,5.05,3.94,0.65,0.34,183,64.0,53.0,d,e/u,d,e/u,"795.97, 198.31","2563.44, 189.78",91.0,11.52654641,0.901855,1.0,1,0.0112
3,5.48,2.63,0.65,0.17,178,23.0,65.0,d,e/u,d,e/u,"500.38, 185.11","2874.12, 194.38",37.0,11.21125183,0.0,0.0981446,0,0.7534
0,7.417621812,2.808788351,0.7234641105,0.164393013,695,78.74245869,76.22627427,d,e/u,d,e/u,"2011.81, 315.73","2292.61, 482.03",42.2241352,11.45025736,0.0,0.0981446,0,0.9647
3,6.21,3.36,0.62,0.2,223,51.0,64.0,d,e/u,d,e/u,"435.93, 181.46","2857.59, 200.51",78.0,11.57500259,0.901855,1.0,1,0.0095
0,6.67,2.9,0.73,0.14,404,54.0,43.0,d,e/u,d,e/u,"179.28, 621.78","2626.14, 228.42",39.0,11.09931324,0.0,0.0981446,0,0.0
0,5.27,3.48,0.77,0.2,317,47.0,42.0,d,e/u,d,e/u,"332.06, 158.96","4048.10, 687.35",45.0,11.25153054,0.0,0.0981446,0,0.0
0,5.86,3.32,0.61,0.16,435,54.0,38.0,d,e/u,d,e/u,"3599.64, 770.47","4445.72, 743.68",72.0,12.105456,0.0,0.0981446,0,0.7922
3,5.21,4.08,0.71,0.34,188,22.0,39.0,d,e/u,d,e/u,"486.05, 184.99","2900.07, 199.85",93.0,11.58902486,0.0,0.0981446,0,0.0071
3,6.21,3.36,0.62,0.2,223,51.0,64.0,d,e/u,d,e/u,"486.19, 181.34","2857.59, 200.51",78.0,11.5750044,0.901085,0.999531,1,0.0157
0,7.29,2.83,0.65,0.32,97,58.0,79.0,d,e/u,d,e/u,"336.84, 164.70","4434.23, 442.63",78.0,11.75126607,0.0,0.0981446,0,0.0089
0,6.34,3.28,0.75,0.26,340,83.0,94.0,d,e/u,d,e/u,"3035.95, 476.62","3222.69, 767.67",72.0,11.89448811,0.0,0.0981446,0,0.0
0,5.83,4.26,0.51,0.33,636,61.0,49.0,d,e/u,d,e/u,"107.37, 392.88","2588.26, 228.29",36.0,11.60908687,0.901855,1.0,1,0.0211
0,7.29,2.83,0.65,0.32,1,58.0,79.0,d,e/u,d,e/u,"335.34, 167.56","4434.23, 442.63",78.0,11.72311379,0.0,0.0981446,0,0.0196
3,7.05,2.13,0.64,0.29,311,98.0,67.0,d,e/u,d,e/u,"398.58, 160.42","2814.54, 198.06",82.0,11.60339367,0.901855,1.0,1,0.0741
0,5.43,2.85,0.5,0.33,253,31.0,75.0,d,e/u,d,e/u,"211.87, 723.35","1777.71, 414.59",46.0,11.48085857,0.0,0.0981446,0,0.0323
0,7.44,2.18,0.53,0.19,121,65.0,82.0,d,e/u,d,e/u,"2250.17, 407.14","2381.88, 335.87",68.0,12.23142426,0.0,0.0981446,0,0.0
2,7.23,4.3,0.66,0.24,335,61.0,46.0,d,e/u,d,e/u,"110.16, 339.59","2850.17, 196.58",98.0,12.03738355,0.681432,0.781257,1,0.0774
0,5.05,3.72,0.58,0.31,215,83.0,85.0,d,e/u,d,e/u,"359.71, 164.64","2434.94, 304.36",60.0,12.26623357,0.275502,0.375352,0,0.0154
0,5.54,3.88,0.66,0.11,315,72.0,54.0,d,e/u,d,e/u,"833.55, 205.47","2652.23, 681.42",92.0,11.4225277,0.00358196,0.102241,0,0.8517
0,5.48,4.39,0.61,0.26,339,89.0,54.0,d,e/u,d,e/u,"331.56, 160.89","2208.45, 330.22",71.0,11.40369547,0.901855,1.0,1,0.0143
2,5.27,3.48,0.77,0.2,159,47.0,42.0,d,e/u,d,e/u,"647.35, 191.87","2970.50, 198.32",45.0,11.20475649,0.000468738,0.0989152,0,0.7401
0,5.91,3.66,0.72,0.16,369,81.0,83.0,d,e/u,d,e/u,"852.89, 736.36","4377.75, 457.08",79.0,11.83699728,0.000468738,0.0989152,0,0.0339
4,5.94,4.09,0.55,0.34,1,95.0,73.0,d,e/u,d,e/u,"2865.39, 191.72","2906.42, 194.69",44.0,11.26618748,0.0,0.0981446,0,0.0985
2,6.13,4.27,0.73,0.26,152,86.0,67.0,d,e/u,d,e/u,"278.17, 163.22","2583.21, 192.59",91.0,11.56638934,0.145087,0.245027,0,0.5795
0,6.84,4.09,0.55,0.4,499,82.0,90.0,d,e/u,d,e/u,"2395.67, 515.35","2973.66, 264.56",92.0,11.67045035,0.435242,0.535129,0,0.027
0,7.01,4.45,0.66,0.36,495,76.0,75.0,d,e/u,d,e/u,"801.43, 728.17","364.20, 741.87",35.0,11.76602082,0.0,0.0981446,0,0.0
0,5.9,3.15,0.65,0.23,405,96.0,30.0,d,e/u,d,e/u,"4435.40, 584.89","110.12, 754.44",95.0,12.36323709,0.0,0.0981446,0,0.1445
0,7.12,3.68,0.6,0.23,385,37.0,85.0,d,e/u,d,e/u,"2974.93, 410.44","3634.84, 277.10",61.0,12.30329478,0.0,0.0981446,0,0.0
0,7.44,2.48,0.71,0.13,1,51.0,98.0,d,e/u,d,e/u,"318.71, 157.47","3108.03, 421.63",58.0,11.75629253,0.0,0.0981446,0,0.4061
1,5.41,3.39,0.67,0.11,183,32.0,30.0,d,e/u,d,e/u,"836.12, 210.00","2641.97, 178.40",60.0,11.24179038,0.0,0.0981446,0,0.4516
0,6.36,3.68,0.5,0.15,273,42.0,98.0,d,e/u,d,e/u,"4377.50, 337.95","2412.61, 597.02",70.0,11.80190255,0.0,0.0981446,0,0.8917
5,5.05,3.94,0.65,0.34,1,64.0,53.0,d,e/u,d,e/u,"2935.61, 195.72","2850.06, 197.14",91.0,11.47226229,1.0,1.0,1,0.0
0,7.07,3.85,0.61,0.32,279,32.0,55.0,d,e/u,d,e/u,"353.96, 179.72","1003.85, 774.62",95.0,11.44580982,0.000468738,0.0989152,0,0.5051
4,6.26,2.38,0.77,0.39,156,72.0,59.0,d,e/u,d,e/u,"2197.92, 183.41","2849.52, 197.29",92.0,12.18504202,0.901855,1.0,1,0.9993
0,6.25,2.45,0.64,0.17,119,91.0,31.0,d,e/u,d,e/u,"310.72, 131.25","618.66, 271.69",45.0,12.15940477,0.0,0.0981446,0,0.0099
0,6.01,3.44,0.77,0.24,547,46.0,80.0,d,e/u,d,e/u,"102.20, 276.88","100.80, 207.37",40.0,11.78919332,0.901855,1.0,1,0.0239
3,7.3,4.14,0.74,0.19,96,87.0,82.0,d,e/u,d,e/u,"382.82, 157.96","2864.51, 194.29",50.0,11.41248001,0.0,0.0981446,0,0.3375
0,7.23,4.03,0.67,0.2,337,49.0,30.0,d,e/u,d,e/u,"3009.75, 615.60","947.86, 795.78",85.0,11.58488579,0.0,0.0981446,0,0.0
0,6.94,2.46,0.64,0.2,419,45.0,83.0,d,e/u,d,e/u,"2775.41, 236.20","2190.72, 647.18",76.0,11.16707625,0.0,0.0981446,0,0.0
0,5.91,3.66,0.72,0.16,123,81.0,83.0,d,e/u,d,e/u,"267.30, 157.62","4377.75, 457.08",79.0,11.7628985,0.0,0.0981446,0,0.0077
0,6.38,2.79,0.6,0.19,351,86.0,63.0,d,e/u,d,e/u,"1889.35, 340.61","631.28, 692.81",75.0,11.48499456,0.0,0.0981446,0,0.0
2,7.38,2.75,0.59,0.3,125,39.0,74.0,d,e/u,d,e/u,"411.34, 199.61","2436.12, 189.24",41.0,11.24326372,0.0,0.0981446,0,0.0052
0,5.32,2.64,0.61,0.36,690,56.0,99.0,d,e/u,d,e/u,"1466.40, 709.97","2587.67, 305.43",43.0,11.74909577,0.0,0.0981446,0,0.2129
0,6.67,2.9,0.73,0.14,404,54.0,43.0,d,e/u,d,e/u,"179.28, 621.78","2626.14, 228.42",39.0,11.09930454,0.0,0.0981446,0,0.0
0,6.208928418,3.041876597,0.6826068731,0.2693733066,688,43.11057266,77.5826895,d,e/u,d,e/u,"169.43, 713.47","3733.34, 215.79",94.01519694,11.34367308,0.0,0.0981446,0,0.7824
0,5.41,4.19,0.62,0.26,180,38.0,79.0,d,e/u,d,e/u,"355.76, 177.88","138.53, 411.75",39.0,11.11601072,0.0,0.0981446,0,0.0
0,6.55,3.49,0.51,0.38,312,77.0,95.0,d,e/u,d,e/u,"309.89, 136.34","3537.83, 710.51",45.0,12.12664269,0.0,0.0981446,0,0.4393
0,5.65,3.24,0.71,0.27,1,86.0,80.0,d,e/u,d,e/u,"377.77, 164.14","4200.11, 792.34",85.0,11.60188574,0.0,0.0981446,0,0.0316
0,6.23,3.65,0.64,0.17,109,38.0,98.0,d,e/u,d,e/u,"362.71, 182.80","1495.42, 387.52",33.0,12.07268788,0.0,0.0981446,0,0.0378
3,5.17,4.01,0.52,0.36,323,34.0,21.0,d,e/u,d,e/u,"618.66, 195.11","2909.61, 200.41",40.0,12.07361005,0.901855,1.0,1,0.0787
3,6.87,3.35,0.59,0.3,339,59.0,59.0,d,e/u,d,e/u,"428.01, 174.36","2876.20, 198.24",76.0,12.24879231,0.901855,1.0,1,0.1563
0,5.09,2.8,0.68,0.15,461,64.0,37.0,d,e/u,d,e/u,"285.87, 142.91","3028.90, 755.84",43.0,11.39385073,0.309646,0.409614,0,0.0121
0,6.66,3.14,0.69,0.31,269,36.0,93.0,d,e/u,d,e/u,"3027.28, 185.91","1500.49, 362.55",49.0,11.26011433,0.0,0.0981446,0,0.0419
0,6.39,3.21,0.61,0.27,363,90.0,78.0,d,e/u,d,e/u,"1975.07, 415.23","4004.57, 246.63",75.0,11.74625508,0.000468738,0.0989152,0,0.4776
0,5.091160614,2.795799314,0.677393571,0.1482054961,693,64.91362022,37.48553482,d,e/u,d,e/u,"3018.71, 490.02","3028.90, 755.84",43.30085563,11.46318778,0.160035,0.25979,0,0.0648
5,6.0,2.49,0.69,0.29,196,39.0,36.0,d,e/u,d,e/u,"2956.69, 197.29","2922.66, 204.40",66.0,11.09390213,1.0,1.0,1,0.0
4,5.83,4.26,0.51,0.33,424,61.0,49.0,d,e/u,d,e/u,"351.19, 383.53","2931.67, 196.75",36.0,11.54519821,0.901855,1.0,1,0.023
0,6.34,3.61,0.73,0.27,253,95.0,38.0,d,e/u,d,e/u,"2184.49, 263.17","70.15, 332.47",30.0,11.43778415,0.0,0.0981446,0,0.0
5,5.45,3.84,0.55,0.15,231,51.0,55.0,d,e/u,d,e/u,"2463.90, 187.38","2937.77, 196.40",38.0,11.11744352,1.0,1.0,1,0.0
0,6.29,2.76,0.79,0.16,506,65.0,57.0,d,e/u,d,e/u,"3013.23, 370.06","4338.47, 298.47",31.0,11.57682179,0.00358196,0.102241,0,0.4192
5,5.77,3.9,0.74,0.33,176,35.0,51.0,d,e/u,d,e/u,"2535.23, 188.73","2910.19, 194.33",38.0,11.41496523,1.0,1.0,1,0.0
0,6.67,2.9,0.73,0.14,202,54.0,43.0,d,e/u,d,e/u,"179.28, 621.78","2626.14, 228.42",39.0,11.15873703,0.0,0.0981446,0,0.0
0,5.59,4.24,0.51,0.32,336,75.0,87.0,d,e/u,d,e/u,"1972.40, 260.47","1597.98, 306.47",53.0,11.40078403,0.0,0.0981446,0,0.9846
0,5.029798988,2.144414617,0.7435615651,0.2537103083,643,73.28706358,56.35390809,d,e/u,d,e/u,"1467.38, 280.01","607.40, 734.15",66.49403275,11.93627299,0.901855,1.0,1,0.2212
0,5.15,4.13,0.79,0.11,165,51.0,52.0,d,e/u,d,e/u,"367.53, 177.39","2229.06, 294.91",54.0,12.21933999,0.0,0.0981446,0,0.021
0,6.548398864,3.490818206,0.5087270148,0.3780866429,469,77.61437062,95.06110578,d,e/u,d,e/u,"3077.84, 434.87","3537.83, 710.51",45.55397122,12.17369301,0.0,0.0981446,0,0.8849
0,6.42,2.15,0.71,0.12,289,51.0,83.0,d,e/u,d,e/u,"1976.28, 407.90","2528.11, 229.78",59.0,12.09755946,0.0,0.0981446,0,0.0
2,5.41,3.39,0.67,0.11,92,32.0,30.0,d,e/u,d,e/u,"830.12, 209.87","2474.14, 199.64",60.0,11.21449771,0.0,0.0981446,0,0.021
5,5.05,2.23,0.61,0.13,1,33.0,78.0,d,e/u,d,e/u,"2586.40, 157.56","2896.08, 198.18",72.0,11.46998659,1.0,1.0,1,0.0
2,6.0,2.49,0.69,0.29,392,39.0,36.0,d,e/u,d,e/u,"692.29, 190.09","2428.46, 232.52",66.0,11.15107921,0.901085,0.999531,1,0.7048
3,6.01,3.44,0.77,0.24,365,46.0,80.0,d,e/u,d,e/u,"421.51, 188.29","2900.51, 194.35",40.0,11.73433259,0.901855,1.0,1,0.0194
0,7.29,3.03,0.75,0.36,162,64.0,74.0,d,e/u,d,e/u,"210.64, 762.82","1730.07, 368.56",52.0,12.1692443,0.0,0.0981446,0,0.0
0,6.38,3.71,0.51,0.3,103,99.0,36.0,d,e/u,d,e/u,"258.25, 128.81","352.97, 220.62",72.0,11.94007501,0.0,0.0981446,0,0.0106
0,7.07,3.85,0.61,0.32,419,32.0,55.0,d,e/u,d,e/u,"897.86, 674.11","1003.85, 774.62",95.0,11.48857856,0.0,0.0981446,0,0.9264
0,6.13,4.36,0.74,0.24,498,36.0,56.0,d,e/u,d,e/u,"4261.88, 758.20","3785.30, 270.22",89.0,11.16926877,0.0,0.0981446,0,0.6161
0,7.28,2.42,0.76,0.36,116,79.0,46.0,d,e/u,d,e/u,"2970.74, 312.58","403.78, 753.84",46.0,11.12663797,0.0,0.0981446,0,0.0
0,6.81,2.96,0.6,0.22,1,35.0,73.0,d,e/u,d,e/u,"2823.94, 340.35","190.55, 268.99",36.0,11.87538842,0.0,0.0981446,0,0.0
0,6.8,2.67,0.67,0.24,545,54.0,89.0,d,e/u,d,e/u,"4374.08, 403.67","1396.45, 718.65",80.0,11.47632097,0.419126,0.518993,0,0.0398
0,5.59,2.6,0.56,0.26,377,59.0,92.0,d,e/u,d,e/u,"4161.81, 215.39","2432.66, 613.06",85.0,12.37726363,0.0,0.0981446,0,0.657
0,7.42,2.81,0.72,0.16,1,78.0,76.0,d,e/u,d,e/u,"314.92, 157.46","2292.61, 482.03",42.0,11.24994104,0.0,0.0981446,0,0.5828
0,6.356011003,3.682627963,0.5042805772,0.1483835261,274,42.81548911,98.63076918,d,e/u,d,e/u,"4377.50, 337.95","2412.61, 597.02",70.47396187,11.80192087,0.0,0.0981446,0,0.8761
0,6.94,2.46,0.64,0.2,210,45.0,83.0,d,e/u,d,e/u,"2775.41, 236.20","2190.72, 647.18",76.0,11.10645673,0.0,0.0981446,0,0.0
2,7.3,4.14,0.74,0.19,193,87.0,82.0,d,e/u,d,e/u,"294.08, 150.42","2864.51, 194.29",50.0,11.44155639,0.256978,0.356878,0,0.0086
0,6.23,3.85,0.55,0.21,513,42.0,96.0,d,e/u,d,e/u,"2737.48, 327.36","1231.01, 749.07",67.0,11.97728287,0.901855,1.0,1,0.0487
0,7.29,3.03,0.75,0.36,325,64.0,74.0,d,e/u,d,e/u,"210.64, 762.82","1730.07, 368.56",52.0,12.21712945,0.0,0.0981446,0,0.0
0,6.13,4.36,0.74,0.24,498,36.0,56.0,d,e/u,d,e/u,"4261.88, 758.20","3785.30, 270.22",89.0,11.16926877,0.0,0.0981446,0,0.6181
0,6.38,3.71,0.51,0.3,309,99.0,36.0,d,e/u,d,e/u,"4347.14, 534.45","352.97, 220.62",72.0,12.0021403,0.00358196,0.102241,0,0.0345
0,6.42,2.66,0.55,0.21,229,34.0,48.0,d,e/u,d,e/u,"2654.51, 164.83","1400.13, 767.97",92.0,11.1623174,0.0,0.0981446,0,0.0
4,6.63,2.32,0.64,0.35,201,56.0,73.0,d,e/u,d,e/u,"2905.61, 193.71","2796.19, 196.66",84.0,11.13852977,0.738116,0.837857,1,0.0597
0,5.09,3.09,0.73,0.33,1,99.0,48.0,d,e/u,d,e/u,"397.69, 160.02","4010.89, 767.06",42.0,11.1598665,0.0,0.0981446,0,0.0
0,7.38,2.75,0.59,0.3,250,39.0,74.0,d,e/u,d,e/u,"1853.71, 166.59","755.82, 276.56",41.0,11.28062674,0.0,0.0981446,0,0.0
0,6.09,2.93,0.69,0.2,441,72.0,35.0,d,e/u,d,e/u,"312.10, 155.04","2405.18, 406.77",34.0,12.13610083,0.0375033,0.136915,0,0.0
0,5.48,4.39,0.61,0.26,169,89.0,54.0,d,e/u,d,e/u,"331.56, 160.89","2208.45, 330.22",71.0,11.35341101,0.0,0.0981446,0,0.0158
0,5.207020636,4.077877521,0.7105663065,0.3369301255,565,38.16243304,39.10936172,d,e/u,d,e/u,"2574.21, 202.37","3436.33, 223.66",93.00890531,11.70062584,0.571767,0.671683,1,0.0324
0,7.29,2.83,0.65,0.32,1,58.0,79.0,d,e/u,d,e/u,"335.34, 167.56","4434.23, 442.63",78.0,11.72310558,0.0,0.0981446,0,0.0123
0,6.04,3.97,0.69,0.29,414,39.0,66.0,d,e/u,d,e/u,"3123.19, 226.18","3147.96, 466.79",61.0,11.99578242,0.540581,0.640539,1,0.0347
0,5.59,2.6,0.56,0.26,377,59.0,92.0,d,e/u,d,e/u,"4161.81, 215.39","2432.66, 613.06",85.0,12.37726363,0.0,0.0981446,0,0.657
0,6.344594383,3.606513155,0.7273685482,0.2711960155,381,95.11392747,38.59925385,d,e/u,d,e/u,"2184.49, 263.17","70.15, 332.47",30.65488963,11.4763476,0.0,0.0981446,0,0.0
5,7.05,2.13,0.64,0.29,1,98.0,67.0,d,e/u,d,e/u,"2824.23, 195.53","2895.54, 198.91",82.0,11.513575,1.0,1.0,1,0.0
0,7.23,4.03,0.67,0.2,169,49.0,30.0,d,e/u,d,e/u,"3009.75, 615.60","947.86, 795.78",85.0,11.53520415,0.0,0.0981446,0,0.0
2,5.54,3.88,0.66,0.11,210,72.0,54.0,d,e/u,d,e/u,"393.60, 171.93","2515.51, 205.66",92.0,11.39067774,0.111822,0.211461,0,0.0123
0,6.250639808,4.11907621,0.5564023618,0.182358181,466,94.85228871,41.52335388,d,e/u,d,e/u,"1803.78, 378.72","2999.74, 645.48",55.23603397,12.20066804,0.369038,0.468939,0,0.0237
0,6.7,3.12,0.73,0.3,1,39.0,40.0,d,e/u,d,e/u,"2016.60, 417.93","1559.79, 221.11",80.0,12.16288898,0.0,0.0981446,0,0.0
3,5.43,3.21,0.56,0.27,1,97.0,65.0,d,e/u,d,e/u,"283.37, 226.93","2878.52, 194.36",47.0,11.99911534,0.0,0.0981446,0,0.441
0,5.09,2.8,0.68,0.15,692,64.0,37.0,d,e/u,d,e/u,"3018.71, 490.02","3028.90, 755.84",43.0,11.46313892,0.168929,0.268896,0,0.0542
0,5.45,3.84,0.55,0.15,463,51.0,55.0,d,e/u,d,e/u,"339.38, 165.88","1972.20, 631.59",38.0,11.18433783,0.0257282,0.125623,0,0.0381
5,6.01,3.44,0.77,0.24,1,46.0,80.0,d,e/u,d,e/u,"2692.30, 177.57","2868.00, 193.51",40.0,11.62971641,1.0,1.0,1,0.0
0,6.286599175,2.757701173,0.7865300645,0.1593244239,507,65.67462574,57.42188347,d,e/u,d,e/u,"3013.23, 370.06","4338.47, 298.47",31.08951938,11.57685844,0.00358196,0.102241,0,0.3608
0,7.29,3.03,0.75,0.36,488,64.0,74.0,d,e/u,d,e/u,"210.64, 762.82","1730.07, 368.56",52.0,12.26656823,0.0,0.0981446,0,0.0
3,5.18,3.3,0.77,0.21,1,64.0,79.0,d,e/u,d,e/u,"489.61, 175.89","2886.28, 195.34",83.0,11.80245882,0.0,0.0981446,0,0.2828
0,6.42,2.15,0.71,0.12,145,51.0,83.0,d,e/u,d,e/u,"1976.28, 407.90","2528.11, 229.78",59.0,12.05551266,0.0,0.0981446,0,0.0
3,6.42,2.66,0.55,0.21,115,20.0,48.0,d,e/u,d,e/u,"400.00, 200.00","2882.69, 209.97",92.0,11.12850168,0.0,0.0981446,0,0.135
3,6.25,4.12,0.56,0.18,155,94.0,41.0,d,e/u,d,e/u,"366.74, 151.02","2948.98, 200.00",55.0,12.10805174,0.901855,1.0,1,0.0205
0,7.292803328,3.026528009,0.754000348,0.3633734076,489,64.80094066,74.82017189,d,e/u,d,e/u,"210.64, 762.82","1730.07, 368.56",52.36459215,12.26660182,0.0,0.0981446,0,0.0
5,6.87,3.35,0.59,0.3,170,59.0,59.0,d,e/u,d,e/u,"2711.96, 188.14","2876.20, 198.24",76.0,12.19913118,1.0,1.0,1,0.0
0,6.338665593,3.276051149,0.7482240049,0.2577989937,511,83.39490016,94.08240515,d,e/u,d,e/u,"3035.95, 476.62","3222.69, 767.67",72.75541654,11.94577046,0.0,0.0981446,0,0.0
0,5.77,3.9,0.74,0.33,530,35.0,85.0,d,e/u,d,e/u,"3121.12, 256.79","4294.02, 721.07",38.0,11.52002226,0.901855,1.0,1,0.1538
0,6.21,3.04,0.68,0.27,687,43.0,77.0,d,e/u,d,e/u,"169.43, 713.47","3733.34, 215.79",94.0,11.34362422,0.0,0.0981446,0,0.3345
5,5.03,2.14,0.74,0.25,214,43.0,56.0,d,e/u,d,e/u,"2787.17, 195.69","2861.44, 198.20",66.0,11.80996573,1.0,1.0,1,0.0
0,6.25,2.45,0.64,0.17,119,91.0,31.0,d,e/u,d,e/u,"310.72, 131.25","618.66, 271.69",45.0,12.15939302,0.0,0.0981446,0,0.022
0,5.27,3.72,0.59,0.39,440,82.0,50.0,d,e/u,d,e/u,"2744.96, 374.82","2688.23, 307.80",86.0,12.0566229,0.901855,1.0,1,0.2393
0,6.55,3.49,0.51,0.38,468,77.0,95.0,d,e/u,d,e/u,"3077.84, 434.87","3537.83, 710.51",45.0,12.17365942,0.0,0.0981446,0,0.8955
1,6.42,3.7,0.53,0.38,1,83.0,32.0,d,e/u,d,e/u,"110.69, 488.87","519.32, 262.95",83.0,11.26210042,0.0,0.0981446,0,0.2537
0,6.23,3.85,0.55,0.21,513,42.0,96.0,d,e/u,d,e/u,"2737.48, 327.36","1231.01, 749.07",67.0,11.97728287,0.901855,1.0,1,0.0479
0,6.38,2.79,0.6,0.19,176,86.0,63.0,d,e/u,d,e/u,"1889.35, 340.61","631.28, 692.81",75.0,11.43420428,0.0,0.0981446,0,0.0
0,5.64,4.07,0.54,0.17,257,34.0,57.0,d,e/u,d,e/u,"387.72, 259.61","2926.68, 408.94",83.0,12.39720755,0.0,0.0981446,0,0.6165
0,7.23,4.03,0.67,0.2,505,49.0,30.0,d,e/u,d,e/u,"3009.75, 615.60","947.86, 795.78",85.0,11.63553134,0.0,0.0981446,0,0.0
0,5.82,3.94,0.54,0.31,363,77.0,78.0,d,e/u,d,e/u,"311.58, 155.65","2436.27, 221.71",99.0,12.22940599,0.508809,0.60869,1,0.0101
5,6.8,2.67,0.67,0.24,181,54.0,89.0,d,e/u,d,e/u,"2592.91, 190.13","2899.42, 194.11",80.0,11.36832511,1.0,1.0,1,0.0
0,7.3,4.14,0.74,0.19,290,87.0,82.0,d,e/u,d,e/u,"139.62, 401.64","1959.25, 253.99",50.0,11.47096181,0.168929,0.268896,0,0.3446
0,6.42,2.66,0.55,0.21,229,34.0,48.0,d,e/u,d,e/u,"2654.51, 164.83","1400.13, 767.97",92.0,11.16231655,0.0,0.0981446,0,0.0
3,5.71,4.34,0.66,0.26,98,48.0,40.0,d,e/u,d,e/u,"501.10, 181.25","2878.83, 195.50",42.0,12.31123208,0.0,0.0981446,0,0.0254
0,7.01,2.83,0.62,0.11,328,37.0,52.0,d,e/u,d,e/u,"4178.60, 693.29","70.28, 534.16",70.0,11.55881977,0.0,0.0981446,0,0.062
0,6.802262789,2.670404311,0.6749417856,0.2352035651,546,54.33300343,89.1811551,d,e/u,d,e/u,"4374.08, 403.67","1396.45, 718.65",80.00560914,11.47636067,0.471055,0.571024,1,0.0545
2,6.8,2.67,0.67,0.24,363,54.0,89.0,d,e/u,d,e/u,"366.29, 176.10","2543.23, 202.06",80.0,11.4214838,0.548764,0.648669,1,0.0861
3,7.47,2.19,0.57,0.25,131,63.0,59.0,d,e/u,d,e/u,"428.36, 173.65","2920.11, 196.01",36.0,11.42916953,0.0,0.0981446,0,0.0214
0,6.36,3.68,0.5,0.15,182,25.0,98.0,d,e/u,d,e/u,"3225.64, 164.78","2412.61, 597.02",70.0,11.77432966,0.0,0.0981446,0,0.918
5,5.05,3.94,0.65,0.34,92,64.0,53.0,d,e/u,d,e/u,"2903.45, 195.18","2881.35, 197.22",91.0,11.49924606,1.0,1.0,1,0.0
2,7.05,2.13,0.64,0.29,311,98.0,67.0,d,e/u,d,e/u,"548.34, 194.95","2048.26, 181.79",82.0,11.60340964,0.858885,0.958622,1,0.0335
0,7.44,2.48,0.71,0.13,167,51.0,98.0,d,e/u,d,e/u,"365.17, 177.35","3108.03, 421.63",58.0,11.80522617,0.0,0.0981446,0,0.4854
3,6.46,3.1,0.7,0.31,94,65.0,70.0,d,e/u,d,e/u,"405.68, 174.33","2896.86, 198.41",83.0,11.37072267,0.897759,0.996418,1,0.1479
0,5.43,3.21,0.56,0.27,601,97.0,65.0,d,e/u,d,e/u,"283.37, 226.93","561.99, 775.95",47.0,12.17363616,0.258954,0.358884,0,0.3653
0,5.86,3.32,0.61,0.16,435,54.0,38.0,d,e/u,d,e/u,"3599.64, 770.47","4445.72, 743.68",72.0,12.105456,0.0,0.0981446,0,0.8455
0,6.02,3.84,0.54,0.18,545,32.0,59.0,d,e/u,d,e/u,"1810.22, 215.79","77.26, 630.90",56.0,11.57265976,0.32666,0.426627,0,0.0777
4,5.27,3.72,0.59,0.39,293,82.0,50.0,d,e/u,d,e/u,"895.83, 183.60","2872.31, 200.81",86.0,12.01202146,0.901855,1.0,1,0.1285
0,6.12,4.05,0.67,0.23,466,47.0,47.0,d,e/u,d,e/u,"2679.60, 262.09","3458.65, 749.55",51.0,11.22602074,0.0,0.0981446,0,0.0754
0,7.05,2.12,0.74,0.33,558,75.0,35.0,d,e/u,d,e/u,"3138.20, 228.91","1217.09, 746.95",32.0,12.25219469,0.0,0.0981446,0,0.0
0,6.67,2.9,0.73,0.14,606,54.0,43.0,d,e/u,d,e/u,"179.28, 621.78","2626.14, 228.42",39.0,11.16019251,0.0,0.0981446,0,0.0
3,6.42,2.66,0.55,0.21,115,20.0,48.0,d,e/u,d,e/u,"400.00, 200.00","2882.69, 209.97",92.0,11.12850757,0.0,0.0981446,0,0.1371
0,6.82,3.14,0.74,0.26,360,82.0,36.0,d,e/u,d,e/u,"4060.60, 216.13","2338.88, 323.46",72.0,11.58578257,0.901855,1.0,1,0.0457
4,5.26,3.23,0.66,0.38,138,34.0,95.0,d,e/u,d,e/u,"1161.81, 171.92","2851.42, 193.68",50.0,12.2400855,0.901855,1.0,1,0.0517
4,6.63,2.32,0.64,0.35,402,56.0,44.0,d,e/u,d,e/u,"772.96, 165.67","2840.80, 201.48",84.0,11.19690482,0.858885,0.958622,1,0.3274
3,6.04,3.97,0.69,0.29,138,23.0,66.0,d,e/u,d,e/u,"493.40, 185.08","2851.40, 200.13",61.0,11.91332028,0.0,0.0981446,0,0.0035
0,5.41,4.19,0.62,0.26,180,38.0,79.0,d,e/u,d,e/u,"373.78, 183.02","138.53, 411.75",39.0,11.11602763,0.0,0.0981446,0,0.0
3,6.13,4.27,0.73,0.26,305,86.0,67.0,d,e/u,d,e/u,"451.52, 188.38","2802.74, 198.55",91.0,11.61138623,0.496074,0.595965,1,0.0942
0,6.67,2.9,0.73,0.14,606,54.0,43.0,d,e/u,d,e/u,"179.28, 621.78","2626.14, 228.42",39.0,11.16019251,0.0,0.0981446,0,0.0
0,7.01,2.83,0.62,0.11,328,37.0,52.0,d,e/u,d,e/u,"4178.60, 693.29","70.28, 534.16",70.0,11.55881977,0.0,0.0981446,0,0.0627
4,6.42,2.66,0.55,0.21,1,20.0,48.0,d,e/u,d,e/u,"2498.07, 187.41","2882.69, 209.97",92.0,11.09506722,0.0,0.0981446,0,0.0
0,6.84,4.09,0.55,0.4,499,82.0,90.0,d,e/u,d,e/u,"2395.67, 515.35","2973.66, 264.56",92.0,11.67045035,0.440168,0.540079,0,0.037
4,5.05,2.23,0.61,0.13,89,33.0,78.0,d,e/u,d,e/u,"1660.08, 193.08","2896.08, 198.18",72.0,11.49639324,0.0,0.0981446,0,0.3074
3,6.75,3.75,0.62,0.36,243,45.0,60.0,d,e/u,d,e/u,"466.64, 180.50","2874.06, 201.93",83.0,12.20329313,0.901855,1.0,1,0.0151
0,5.43,2.85,0.5,0.33,253,31.0,75.0,d,e/u,d,e/u,"211.87, 723.35","1777.71, 414.59",46.0,11.48085857,0.0,0.0981446,0,0.0323
0,6.230521382,3.64858563,0.6408177305,0.1660626132,330,38.08165954,98.11098676,d,e/u,d,e/u,"1427.61, 714.67","1495.42, 387.52",33.08681931,12.13899843,0.0,0.0981446,0,0.0911
1,6.25,4.12,0.56,0.18,310,94.0,24.0,d,e/u,d,e/u,"363.25, 161.10","3018.72, 499.71",55.0,12.15363419,0.0,0.0981446,0,0.0415
0,7.42,2.81,0.72,0.16,694,78.0,76.0,d,e/u,d,e/u,"2011.81, 315.73","2292.61, 482.03",42.0,11.45020851,0.0,0.0981446,0,0.8641
0,5.82,3.94,0.54,0.31,181,77.0,78.0,d,e/u,d,e/u,"311.52, 155.76","2436.27, 221.71",99.0,12.17626041,0.243604,0.343446,0,0.013
0,6.844236613,4.086252861,0.552790693,0.3981327145,500,82.01301622,90.65157225,d,e/u,d,e/u,"2395.67, 515.35","2973.66, 264.56",92.42614602,11.67048699,0.417753,0.517731,0,0.035
5,6.21,3.36,0.62,0.2,112,51.0,64.0,d,e/u,d,e/u,"2672.00, 192.59","2857.59, 200.51",78.0,11.54176717,1.0,1.0,1,0.0
3,6.12,4.05,0.67,0.23,156,47.0,28.0,d,e/u,d,e/u,"400.00, 200.00","2890.40, 199.96",51.0,11.13342642,0.000468738,0.0989152,0,0.0008
3,6.01,3.44,0.77,0.24,365,46.0,80.0,d,e/u,d,e/u,"421.51, 188.29","2868.00, 193.51",40.0,11.73434709,0.901855,1.0,1,0.0228
0,6.55,3.49,0.51,0.38,312,77.0,95.0,d,e/u,d,e/u,"335.83, 165.76","3537.83, 710.51",45.0,12.12664765,0.0,0.0981446,0,0.1602
0,7.42,2.81,0.72,0.16,1,78.0,76.0,d,e/u,d,e/u,"314.92, 157.46","2292.61, 482.03",42.0,11.24995631,0.0,0.0981446,0,0.2454
0,5.82,3.94,0.54,0.31,545,77.0,78.0,d,e/u,d,e/u,"1808.47, 343.50","2436.27, 221.71",99.0,12.28424881,0.238123,0.338029,0,0.0208
5,5.27,3.72,0.59,0.39,146,82.0,50.0,d,e/u,d,e/u,"2665.08, 191.99","2852.19, 201.21",86.0,11.96880433,1.0,1.0,1,0.0
0,6.09,2.93,0.69,0.2,1,72.0,35.0,d,e/u,d,e/u,"311.69, 155.84","2405.18, 406.77",34.0,12.01124283,0.0,0.0981446,0,0.1239
0,6.38,2.79,0.6,0.19,176,86.0,63.0,d,e/u,d,e/u,"1889.35, 340.61","631.28, 692.81",75.0,11.43420088,0.0,0.0981446,0,0.0
1,6.12,4.05,0.67,0.23,311,47.0,47.0,d,e/u,d,e/u,"693.95, 190.17","3411.67, 750.93",51.0,11.17901294,0.0,0.0981446,0,0.7344
0,7.05,2.12,0.74,0.33,558,75.0,35.0,d,e/u,d,e/u,"3138.20, 228.91","1217.09, 746.95",32.0,12.25219469,0.0,0.0981446,0,0.0
0,5.71,4.34,0.66,0.26,294,48.0,67.0,d,e/u,d,e/u,"3313.08, 212.76","3635.85, 690.65",42.0,12.37029545,0.337396,0.43722,0,0.0526
0,6.667804515,2.58517288,0.7617678224,0.1780251035,435,58.55572979,76.23920037,d,e/u,d,e/u,"1913.61, 326.97","825.52, 691.49",69.1437872,11.44523457,0.0,0.0981446,0,0.0
0,7.23,4.03,0.67,0.2,1,49.0,30.0,d,e/u,d,e/u,"3009.75, 615.60","947.86, 795.78",85.0,11.48766383,0.0,0.0981446,0,0.0
0,6.424697575,2.152560267,0.7136834305,0.1204712474,434,51.60560093,83.95190791,d,e/u,d,e/u,"1976.28, 407.90","2528.11, 229.78",59.86723717,12.14157935,0.0,0.0981446,0,0.0
0,7.23,4.03,0.67,0.2,337,49.0,30.0,d,e/u,d,e/u,"3009.75, 615.60","947.86, 795.78",85.0,11.58488282,0.0,0.0981446,0,0.0
0,5.48,2.63,0.65,0.17,357,38.0,65.0,d,e/u,d,e/u,"1360.47, 168.56","1329.62, 782.03",37.0,11.26323948,0.0,0.0981446,0,0.912
3,5.21,4.08,0.71,0.34,376,22.0,39.0,d,e/u,d,e/u,"597.38, 193.24","2900.07, 199.85",93.0,11.64391232,0.795511,0.895417,1,0.0051
3,6.21,3.36,0.62,0.2,223,51.0,64.0,d,e/u,d,e/u,"435.94, 179.22","2857.59, 200.51",78.0,11.57500354,0.901855,1.0,1,0.0152
3,6.38,3.71,0.51,0.3,103,59.0,36.0,d,e/u,d,e/u,"508.06, 199.47","2924.19, 198.26",72.0,11.94005141,0.0651433,0.16499,0,0.0105
5,6.75,3.75,0.62,0.36,121,45.0,60.0,d,e/u,d,e/u,"2937.57, 196.57","2874.06, 201.93",83.0,12.16710847,1.0,1.0,1,0.0
0,7.44,2.18,0.53,0.19,241,65.0,82.0,d,e/u,d,e/u,"2250.17, 407.14","2381.88, 335.87",68.0,12.26700896,0.0,0.0981446,0,0.0
4,6.26,2.38,0.77,0.39,156,72.0,59.0,d,e/u,d,e/u,"2197.95, 183.74","2968.74, 199.35",92.0,12.18505657,0.901855,1.0,1,0.9993
0,7.07,3.85,0.61,0.32,419,32.0,55.0,d,e/u,d,e/u,"897.86, 674.11","1003.85, 774.62",95.0,11.48857856,0.0,0.0981446,0,0.9378
0,5.03,2.14,0.74,0.25,642,73.0,56.0,d,e/u,d,e/u,"1467.38, 280.01","607.40, 734.15",66.0,11.93622719,0.901855,1.0,1,0.2214
0,6.7,3.12,0.73,0.3,1,39.0,40.0,d,e/u,d,e/u,"2016.60, 417.93","1559.79, 221.11",80.0,12.16288082,0.0,0.0981446,0,0.0
5,6.84,4.09,0.55,0.4,167,49.0,90.0,d,e/u,d,e/u,"2607.15, 190.86","2866.97, 194.21",92.0,11.57133473,1.0,1.0,1,0.0
0,5.82,3.94,0.54,0.31,363,77.0,78.0,d,e/u,d,e/u,"393.38, 167.95","2436.27, 221.71",99.0,12.2293918,0.462396,0.562296,1,0.0079
0,7.17,3.62,0.71,0.16,221,69.0,60.0,d,e/u,d,e/u,"345.53, 169.44","1596.10, 315.44",33.0,12.19210441,0.0,0.0981446,0,0.032
0,5.45,3.84,0.55,0.15,231,51.0,55.0,d,e/u,d,e/u,"337.82, 168.86","1972.20, 631.59",38.0,11.1174384,0.0,0.0981446,0,0.0198
0,7.44,2.48,0.71,0.13,84,51.0,98.0,d,e/u,d,e/u,"365.83, 177.38","3108.03, 421.63",58.0,11.78094462,0.0,0.0981446,0,0.3928
4,5.26,3.23,0.66,0.38,138,57.0,95.0,d,e/u,d,e/u,"1242.55, 168.56","2851.42, 193.68",50.0,12.24008656,0.897759,0.996418,1,0.0158
0,6.67,2.59,0.76,0.18,144,58.0,76.0,d,e/u,d,e/u,"1913.61, 326.97","825.52, 691.49",69.0,11.35856617,0.0,0.0981446,0,0.0
5,7.23,4.3,0.66,0.24,167,61.0,46.0,d,e/u,d,e/u,"2925.10, 231.67","2924.15, 198.27",98.0,11.98768624,1.0,1.0,1,0.0
0,6.81,2.96,0.6,0.22,198,35.0,73.0,d,e/u,d,e/u,"2823.94, 340.35","190.55, 268.99",36.0,11.93073276,0.0,0.0981446,0,0.0
0,6.46,3.1,0.7,0.31,284,65.0,70.0,d,e/u,d,e/u,"3766.18, 776.64","707.50, 747.35",83.0,11.42799875,0.226802,0.326753,0,0.2775
0,6.67,2.9,0.73,0.14,202,54.0,43.0,d,e/u,d,e/u,"179.28, 621.78","2626.14, 228.42",39.0,11.1587862,0.0,0.0981446,0,0.0
5,6.02,3.84,0.54,0.18,181,32.0,59.0,d,e/u,d,e/u,"2964.44, 197.78","2878.99, 197.35",56.0,11.46465434,1.0,1.0,1,0.0
0,7.44,2.48,0.71,0.13,84,51.0,98.0,d,e/u,d,e/u,"363.85, 179.88","3108.03, 421.63",58.0,11.7809397,0.0,0.0981446,0,0.1119
0,6.94,2.46,0.64,0.2,1,45.0,83.0,d,e/u,d,e/u,"2775.41, 236.20","2190.72, 647.18",76.0,11.13009093,0.0,0.0981446,0,0.0
0,6.34,3.28,0.75,0.26,170,83.0,94.0,d,e/u,d,e/u,"3035.95, 476.62","3222.69, 767.67",72.0,11.84425212,0.0,0.0981446,0,0.0
0,5.05,3.72,0.58,0.31,323,83.0,85.0,d,e/u,d,e/u,"2233.51, 464.92","2434.94, 304.36",60.0,12.29929284,0.0,0.0981446,0,0.0852
0,5.050932218,3.723170934,0.5752299182,0.3069568213,324,83.91250724,85.23437512,d,e/u,d,e/u,"2233.51, 464.92","2434.94, 304.36",60.54580437,12.29931422,0.0,0.0981446,0,0.0852
0,7.12,3.68,0.6,0.23,192,37.0,85.0,d,e/u,d,e/u,"2974.93, 410.44","3634.84, 277.10",61.0,12.24726915,0.0,0.0981446,0,0.0
0,7.29,2.83,0.65,0.32,193,58.0,79.0,d,e/u,d,e/u,"857.57, 184.95","4434.23, 442.63",78.0,11.77975038,0.0,0.0981446,0,0.0188
5,7.27,3.92,0.51,0.36,1,45.0,93.0,d,e/u,d,e/u,"2762.19, 194.35","2889.94, 193.49",52.0,12.21115737,1.0,1.0,1,0.0
0,6.631666788,2.317584905,0.6439864589,0.3540237936,604,56.97928124,73.77704948,d,e/u,d,e/u,"104.91, 208.84","2206.47, 300.61",84.69341687,11.25782055,0.442633,0.542552,0,0.0768
0,7.12,3.59,0.53,0.11,431,38.0,79.0,d,e/u,d,e/u,"3754.34, 789.02","176.55, 363.53",76.0,11.15689104,0.0,0.0981446,0,0.783
0,7.01,4.45,0.66,0.36,330,76.0,75.0,d,e/u,d,e/u,"801.43, 728.17","364.20, 741.87",35.0,11.71599643,0.0,0.0981446,0,0.0
2,7.23,4.3,0.66,0.24,167,61.0,46.0,d,e/u,d,e/u,"104.08, 278.90","1676.47, 169.83",98.0,11.98768747,0.373031,0.47293,0,0.0596
0,5.48,2.63,0.65,0.17,536,38.0,65.0,d,e/u,d,e/u,"3572.83, 278.65","1329.62, 782.03",37.0,11.31748321,0.0,0.0981446,0,0.8626
0,6.42,3.7,0.53,0.38,583,83.0,32.0,d,e/u,d,e/u,"110.69, 488.87","519.32, 262.95",83.0,11.10892004,0.0,0.0981446,0,0.0
0,7.38,2.75,0.59,0.3,375,65.0,74.0,d,e/u,d,e/u,"3681.29, 733.16","755.82, 276.56",41.0,11.31854472,0.277379,0.377232,0,0.0429
0,6.09,2.93,0.69,0.2,221,72.0,35.0,d,e/u,d,e/u,"300.46, 150.23","2405.18, 406.77",34.0,12.0726099,0.0,0.0981446,0,0.0361
5,6.23,3.85,0.55,0.21,171,25.0,96.0,d,e/u,d,e/u,"2924.32, 196.38","2828.56, 193.77",67.0,11.87519281,1.0,1.0,1,0.0
0,6.25,4.12,0.56,0.18,465,94.0,41.0,d,e/u,d,e/u,"1803.78, 378.72","2999.74, 645.48",55.0,12.20063445,0.419126,0.518993,0,0.0247
0,6.25,2.45,0.64,0.17,355,91.0,31.0,d,e/u,d,e/u,"751.28, 209.26","618.66, 271.69",45.0,12.23048952,0.0,0.0981446,0,0.2887
0,7.121101146,3.677018538,0.6021785794,0.2266660849,579,37.73744395,85.42809403,d,e/u,d,e/u,"2974.93, 410.44","3634.84, 277.10",61.17793026,12.36180787,0.0,0.0981446,0,0.0
4,5.05,2.23,0.61,0.13,1,33.0,47.0,d,e/u,d,e/u,"1916.89, 183.23","2790.44, 200.64",72.0,11.47056211,0.0,0.0981446,0,0.4683
0,5.89,3.2,0.5,0.18,399,65.0,68.0,d,e/u,d,e/u,"3059.04, 338.15","2547.95, 572.69",70.0,11.11727229,0.0,0.0981446,0,0.0
0,6.25,2.45,0.64,0.17,355,91.0,31.0,d,e/u,d,e/u,"751.28, 209.26","618.66, 271.69",45.0,12.23048952,0.0,0.0981446,0,0.1288
3,5.05,2.23,0.61,0.13,177,33.0,78.0,d,e/u,d,e/u,"156.52, 242.37","2896.08, 198.18",72.0,11.52249568,0.901855,1.0,1,0.1542
0,5.65,3.24,0.71,0.27,100,86.0,80.0,d,e/u,d,e/u,"377.77, 164.14","4200.11, 792.34",85.0,11.63124338,0.0,0.0981446,0,0.0514
0,7.12,3.59,0.53,0.11,287,38.0,79.0,d,e/u,d,e/u,"2033.75, 173.97","176.55, 363.53",76.0,11.11291743,0.0,0.0981446,0,0.0
0,5.54,3.88,0.66,0.11,105,72.0,54.0,d,e/u,d,e/u,"272.48, 136.23","2652.23, 681.42",92.0,11.35924282,0.0,0.0981446,0,0.4525
0,6.42,2.15,0.71,0.12,289,51.0,83.0,d,e/u,d,e/u,"1976.28, 407.90","2528.11, 229.78",59.0,12.09756576,0.0,0.0981446,0,0.0
4,5.43,2.85,0.5,0.33,1,31.0,75.0,d,e/u,d,e/u,"1253.73, 400.55","2877.66, 195.43",46.0,11.40496291,0.0,0.0981446,0,0.0906
1,5.27,3.48,0.77,0.2,317,47.0,42.0,d,e/u,d,e/u,"647.35, 191.87","3922.45, 696.76",45.0,11.25152727,0.417753,0.517731,0,0.9524
0,6.94,2.46,0.64,0.2,419,45.0,83.0,d,e/u,d,e/u,"2775.41, 236.20","2190.72, 647.18",76.0,11.16707318,0.0,0.0981446,0,0.0
0,6.25,2.45,0.64,0.17,355,91.0,31.0,d,e/u,d,e/u,"751.28, 209.26","618.66, 271.69",45.0,12.23048952,0.0,0.0981446,0,0.177
4,6.21,3.04,0.68,0.27,458,43.0,77.0,d,e/u,d,e/u,"313.23, 326.62","2871.27, 197.78",94.0,11.27493409,0.0,0.0981446,0,0.7406
3,6.12,4.05,0.67,0.23,1,47.0,47.0,d,e/u,d,e/u,"462.51, 182.17","2874.59, 199.50",51.0,11.10224885,0.0,0.0981446,0,0.0626
0,7.278117847,2.42173359,0.763147865,0.3591391167,351,79.65769157,46.97732777,d,e/u,d,e/u,"2970.74, 312.58","403.78, 753.84",46.14655892,11.10490137,0.0,0.0981446,0,0.0
3,6.42,2.66,0.55,0.21,115,20.0,48.0,d,e/u,d,e/u,"676.97, 190.41","2882.69, 209.97",92.0,11.12849979,0.0,0.0981446,0,0.1371
0,5.41,4.19,0.62,0.26,540,38.0,79.0,d,e/u,d,e/u,"3115.69, 584.43","138.53, 411.75",39.0,11.22282963,0.0,0.0981446,0,0.9668
0,5.64,4.07,0.54,0.17,257,34.0,57.0,d,e/u,d,e/u,"387.72, 259.61","2926.68, 408.94",83.0,12.39720755,0.000468738,0.0989152,0,0.7755
0,7.44,2.18,0.53,0.19,361,65.0,82.0,d,e/u,d,e/u,"2250.17, 407.14","2381.88, 335.87",68.0,12.30372892,0.0,0.0981446,0,0.0
3,5.18,3.3,0.77,0.21,143,64.0,79.0,d,e/u,d,e/u,"489.61, 175.89","2886.28, 195.34",83.0,11.8433051,0.218743,0.318568,0,0.2916
0,6.34,3.28,0.75,0.26,340,83.0,94.0,d,e/u,d,e/u,"3035.95, 476.62","3222.69, 767.67",72.0,11.89449703,0.0,0.0981446,0,0.0
5,5.97,3.44,0.76,0.14,231,74.0,63.0,d,e/u,d,e/u,"2713.85, 193.87","2911.47, 195.60",79.0,11.87323844,1.0,1.0,1,0.0
0,5.03,2.14,0.74,0.25,642,73.0,56.0,d,e/u,d,e/u,"1467.38, 280.01","607.40, 734.15",66.0,11.93622719,0.901855,1.0,1,0.2207
0,7.29,3.03,0.75,0.36,488,64.0,74.0,d,e/u,d,e/u,"210.64, 762.82","1730.07, 368.56",52.0,12.26656823,0.0,0.0981446,0,0.0
3,6.66,3.14,0.69,0.31,134,36.0,93.0,d,e/u,d,e/u,"443.39, 183.36","2889.94, 193.50",49.0,11.22039518,0.00358196,0.102241,0,0.005
0,5.97,3.44,0.76,0.14,693,74.0,63.0,d,e/u,d,e/u,"2435.56, 591.61","1462.01, 536.68",79.0,12.00947781,0.822723,0.922673,1,0.1373
0,5.27,3.72,0.59,0.39,440,82.0,50.0,d,e/u,d,e/u,"2744.96, 374.82","2688.23, 307.80",86.0,12.0566229,0.901855,1.0,1,0.2244
0,5.05,3.72,0.58,0.31,215,83.0,85.0,d,e/u,d,e/u,"359.71, 164.64","2434.94, 304.36",60.0,12.26623598,0.262878,0.362857,0,0.0196
4,7.01,2.83,0.62,0.11,1,22.0,52.0,d,e/u,d,e/u,"1579.49, 164.77","2865.33, 197.52",70.0,11.46147624,0.0,0.0981446,0,0.097
4,7.01,2.83,0.62,0.11,1,22.0,52.0,d,e/u,d,e/u,"1246.61, 167.61","2853.80, 196.58",70.0,11.46147317,0.0,0.0981446,0,0.097
3,5.09,2.8,0.68,0.15,461,64.0,37.0,d,e/u,d,e/u,"422.56, 172.27","2921.78, 199.89",43.0,11.39383945,0.402622,0.502616,0,0.0067
0,5.59,4.24,0.51,0.32,336,75.0,87.0,d,e/u,d,e/u,"1972.40, 260.47","1597.98, 306.47",53.0,11.40078403,0.0,0.0981446,0,0.9846
0,7.124630416,3.590414331,0.5298584072,0.1106305172,432,38.4260476,79.24174091,d,e/u,d,e/u,"3754.34, 789.02","176.55, 363.53",76.30666854,11.15692158,0.0,0.0981446,0,0.7736
5,6.04,3.97,0.69,0.29,138,23.0,66.0,d,e/u,d,e/u,"2523.94, 188.48","2839.40, 200.10",61.0,11.91334252,1.0,1.0,1,0.0
3,5.43,2.85,0.5,0.33,85,31.0,75.0,d,e/u,d,e/u,"278.08, 184.17","2877.66, 195.43",46.0,11.43021602,0.0,0.0981446,0,0.0232
0,5.89,3.2,0.5,0.18,199,65.0,68.0,d,e/u,d,e/u,"3059.04, 338.15","2547.95, 572.69",70.0,11.11418245,0.0,0.0981446,0,0.0
0,6.38,2.79,0.6,0.19,351,86.0,63.0,d,e/u,d,e/u,"1889.35, 340.61","631.28, 692.81",75.0,11.48501085,0.0,0.0981446,0,0.0
2,7.38,2.75,0.59,0.3,125,39.0,74.0,d,e/u,d,e/u,"411.34, 199.61","2861.15, 194.03",41.0,11.24324212,0.0,0.0981446,0,0.0065
3,6.84,4.09,0.55,0.4,1,82.0,90.0,d,e/u,d,e/u,"398.01, 159.95","2848.97, 194.29",92.0,11.52431184,0.0,0.0981446,0,0.0012
0,6.38,2.79,0.6,0.19,526,86.0,63.0,d,e/u,d,e/u,"1889.35, 340.61","631.28, 692.81",75.0,11.53805287,0.0,0.0981446,0,0.0
0,7.44,2.48,0.71,0.13,167,51.0,98.0,d,e/u,d,e/u,"1153.18, 179.67","3108.03, 421.63",58.0,11.80522533,0.0,0.0981446,0,0.9853
3,5.43,3.21,0.56,0.27,401,97.0,65.0,d,e/u,d,e/u,"400.00, 200.00","2878.52, 194.36",47.0,12.11335617,0.107051,0.206887,0,0.1678
1,5.86,3.32,0.61,0.16,145,54.0,38.0,d,e/u,d,e/u,"527.93, 195.84","3419.80, 756.67",72.0,12.01883034,0.0,0.0981446,0,0.0248
3,5.43,3.21,0.56,0.27,201,97.0,65.0,d,e/u,d,e/u,"386.67, 164.94","2878.52, 194.36",47.0,12.05502496,0.0413775,0.141115,0,0.6871
0,5.54,3.88,0.66,0.11,105,72.0,54.0,d,e/u,d,e/u,"272.51, 136.17","2652.23, 681.42",92.0,11.35922609,0.0,0.0981446,0,0.247
0,6.23,3.65,0.64,0.17,109,38.0,98.0,d,e/u,d,e/u,"362.71, 182.80","1495.42, 387.52",33.0,12.07265469,0.0,0.0981446,0,0.038
0,5.83,4.26,0.51,0.33,636,61.0,49.0,d,e/u,d,e/u,"107.37, 392.88","2588.26, 228.29",36.0,11.60908687,0.901855,1.0,1,0.0266
0,7.01,2.83,0.62,0.11,219,37.0,52.0,d,e/u,d,e/u,"2877.59, 168.07","70.28, 534.16",70.0,11.52576348,0.0,0.0981446,0,0.0
0,6.42,3.7,0.53,0.38,583,83.0,32.0,d,e/u,d,e/u,"110.69, 488.87","519.32, 262.95",83.0,11.10892004,0.0,0.0981446,0,0.0
3,6.63,2.32,0.64,0.35,402,56.0,73.0,d,e/u,d,e/u,"394.36, 169.53","2869.81, 195.09",84.0,11.19688161,0.462396,0.562296,1,0.0649
0,5.41,4.19,0.62,0.26,540,38.0,79.0,d,e/u,d,e/u,"3115.69, 584.43","138.53, 411.75",39.0,11.22282963,0.0,0.0981446,0,0.978
0,7.28,2.42,0.76,0.36,350,79.0,46.0,d,e/u,d,e/u,"2970.74, 312.58","403.78, 753.84",46.0,11.10487694,0.0,0.0981446,0,0.0
0,5.05,3.72,0.58,0.31,107,83.0,85.0,d,e/u,d,e/u,"359.71, 164.64","2434.94, 304.36",60.0,12.23420016,0.0,0.0981446,0,0.0101
3,6.96,2.91,0.59,0.16,1,80.0,78.0,d,e/u,d,e/u,"297.59, 133.19","2876.81, 194.16",33.0,11.36612177,0.0,0.0981446,0,0.3969
0,5.05,2.23,0.61,0.13,265,33.0,78.0,d,e/u,d,e/u,"58.26, 254.49","1961.04, 223.67",72.0,11.54945028,0.369038,0.468939,0,0.2684
0,7.29,2.83,0.65,0.32,289,58.0,79.0,d,e/u,d,e/u,"3015.77, 759.21","4434.23, 442.63",78.0,11.80914934,0.00358196,0.102241,0,0.0353
0,5.966250071,3.44278557,0.7604346004,0.1422321318,694,74.34808175,63.71325921,d,e/u,d,e/u,"2435.56, 591.61","1462.01, 536.68",79.18843632,12.00952667,0.800547,0.900525,1,0.0788
5,7.27,3.92,0.51,0.36,168,45.0,93.0,d,e/u,d,e/u,"2762.19, 194.35","2889.94, 193.49",52.0,12.25874085,1.0,1.0,1,0.0
0,6.34,3.61,0.73,0.27,380,95.0,38.0,d,e/u,d,e/u,"2184.49, 263.17","70.15, 332.47",30.0,11.47632012,0.0,0.0981446,0,0.0
0,5.170040987,4.012036784,0.5168140553,0.3573246047,485,34.35253625,35.50722341,d,e/u,d,e/u,"2243.24, 545.97","2157.96, 672.09",40.65939956,12.12247868,0.901855,1.0,1,0.1243
0,6.129348089,4.355730926,0.7443910888,0.2433873521,499,36.99626352,56.1547568,d,e/u,d,e/u,"4261.88, 758.20","3785.30, 270.22",89.09979693,11.16930542,0.0,0.0981446,0,0.6152
1,5.59,2.6,0.56,0.26,251,59.0,92.0,d,e/u,d,e/u,"402.49, 174.57","2432.66, 613.06",85.0,12.33875025,0.901855,1.0,1,0.6115
5,5.43,3.21,0.56,0.27,201,97.0,65.0,d,e/u,d,e/u,"2924.57, 195.02","2878.52, 194.36",47.0,12.05502026,1.0,1.0,1,0.0
0,5.272688731,3.478986634,0.7700522335,0.2036450985,476,47.01421515,42.6264158,d,e/u,d,e/u,"2044.89, 611.18","4048.10, 687.35",45.67998475,11.29916405,0.0,0.0981446,0,0.0533
0,7.44,2.18,0.53,0.19,241,65.0,82.0,d,e/u,d,e/u,"2250.17, 407.14","2381.88, 335.87",68.0,12.26700875,0.0,0.0981446,0,0.0
0,6.38,3.71,0.51,0.3,309,99.0,36.0,d,e/u,d,e/u,"4347.14, 534.45","352.97, 220.62",72.0,12.0021403,0.00358196,0.102241,0,0.0381
0,5.71,4.34,0.66,0.26,196,28.0,67.0,d,e/u,d,e/u,"813.97, 186.00","3635.85, 690.65",42.0,12.34027502,0.0,0.0981446,0,0.0393
0,5.18,3.3,0.77,0.21,427,64.0,79.0,d,e/u,d,e/u,"1867.55, 234.08","2356.35, 560.55",83.0,11.92814216,0.250988,0.350782,0,0.7623
0,6.67,2.59,0.76,0.18,434,58.0,76.0,d,e/u,d,e/u,"1913.61, 326.97","825.52, 691.49",69.0,11.44520403,0.0,0.0981446,0,0.0
0,7.409113978,3.83540826,0.7772349868,0.1383981193,519,86.44150666,72.62020872,d,e/u,d,e/u,"3669.82, 251.12","3541.71, 676.44",42.73238625,11.68941426,0.114648,0.214562,0,0.0448
0,6.82,3.14,0.74,0.26,360,82.0,36.0,d,e/u,d,e/u,"4060.60, 216.13","2338.88, 323.46",72.0,11.58578257,0.901855,1.0,1,0.045
0,6.13,4.36,0.74,0.24,166,36.0,56.0,d,e/u,d,e/u,"402.89, 183.86","3785.30, 270.22",89.0,11.09324407,0.0,0.0981446,0,0.0
0,6.42,2.15,0.71,0.12,145,51.0,83.0,d,e/u,d,e/u,"1976.28, 407.90","2528.11, 229.78",59.0,12.0555069,0.0,0.0981446,0,0.0
0,5.59,4.24,0.51,0.32,112,75.0,87.0,d,e/u,d,e/u,"339.56, 166.71","1597.98, 306.47",53.0,11.33327319,0.0,0.0981446,0,0.7062
0,6.67,2.59,0.76,0.18,434,58.0,76.0,d,e/u,d,e/u,"1913.61, 326.97","825.52, 691.49",69.0,11.44520403,0.0,0.0981446,0,0.0
0,7.47,2.19,0.57,0.25,263,37.0,59.0,d,e/u,d,e/u,"1730.56, 164.41","3282.57, 257.79",36.0,11.46770676,0.0,0.0981446,0,0.0508
0,7.04,3.54,0.54,0.23,451,42.0,83.0,d,e/u,d,e/u,"526.60, 250.38","305.31, 750.11",94.0,11.21870049,0.647173,0.747006,1,0.1163
0,5.94,4.09,0.55,0.34,616,95.0,73.0,d,e/u,d,e/u,"1225.98, 208.77","1403.17, 341.99",44.0,11.44531527,0.478517,0.578414,1,0.1
3,6.66,3.14,0.69,0.31,134,36.0,93.0,d,e/u,d,e/u,"484.15, 186.27","2889.94, 193.50",49.0,11.22038642,0.000468738,0.0989152,0,0.0073
0,5.44,2.15,0.74,0.24,265,96.0,52.0,d,e/u,d,e/u,"394.74, 767.75","1983.40, 299.33",68.0,11.83250579,0.0,0.0981446,0,0.0
0,6.664313359,3.138451462,0.6915435229,0.3119371831,405,36.76423186,93.46323352,d,e/u,d,e/u,"3694.11, 789.08","1500.49, 362.55",49.52330385,11.301075,0.102059,0.202013,0,0.0416
0,5.99813621,2.493450224,0.6886744358,0.288643474,589,39.45529953,36.05862779,d,e/u,d,e/u,"3689.38, 746.45","1523.76, 782.97",66.77970672,11.21019451,0.901855,1.0,1,0.1743
0,6.29,2.76,0.79,0.16,506,65.0,57.0,d,e/u,d,e/u,"3013.23, 370.06","4338.47, 298.47",31.0,11.57682179,0.0,0.0981446,0,0.2748
0,5.91,3.66,0.72,0.16,246,81.0,83.0,d,e/u,d,e/u,"267.30, 157.62","4377.75, 457.08",79.0,11.79969421,0.104583,0.204489,0,0.0122
4,5.64,4.07,0.54,0.17,85,34.0,57.0,d,e/u,d,e/u,"752.38, 229.39","2836.39, 202.31",83.0,12.34536229,0.0,0.0981446,0,0.9879
0,5.32,2.64,0.61,0.36,230,56.0,99.0,d,e/u,d,e/u,"326.49, 173.80","2587.67, 305.43",43.0,11.61347477,0.0,0.0981446,0,0.0954
3,5.21,4.08,0.71,0.34,376,38.0,39.0,d,e/u,d,e/u,"476.17, 185.49","2951.08, 199.94",93.0,11.64393331,0.712618,0.81256,1,0.0061
0,5.91,4.21,0.71,0.13,660,38.0,97.0,d,e/u,d,e/u,"4329.73, 386.37","1449.88, 242.42",60.0,11.19472359,0.0,0.0981446,0,0.7342
0,5.822658652,3.939026701,0.54267005,0.3100488283,546,77.17514955,78.15010266,d,e/u,d,e/u,"1808.47, 343.50","2436.27, 221.71",99.98468092,12.28428851,0.277379,0.377232,0,0.0769
0,5.91,3.66,0.72,0.16,123,81.0,83.0,d,e/u,d,e/u,"267.30, 157.62","4377.75, 457.08",79.0,11.76289693,0.0,0.0981446,0,0.0
0,6.42,2.15,0.71,0.12,145,51.0,83.0,d,e/u,d,e/u,"1976.28, 407.90","2528.11, 229.78",59.0,12.05550181,0.0,0.0981446,0,0.0
0,7.05,2.12,0.74,0.33,186,75.0,35.0,d,e/u,d,e/u,"3138.20, 228.91","1217.09, 746.95",32.0,12.14184336,0.0,0.0981446,0,0.0
0,5.91,4.21,0.71,0.13,440,38.0,97.0,d,e/u,d,e/u,"2701.90, 163.62","1449.88, 242.42",60.0,11.12844566,0.0,0.0981446,0,0.7472
4,6.84,4.09,0.55,0.4,333,82.0,90.0,d,e/u,d,e/u,"1498.45, 126.34","2848.97, 194.29",92.0,11.62042621,0.901855,1.0,1,0.0459
0,6.96,2.91,0.59,0.16,571,80.0,78.0,d,e/u,d,e/u,"4231.44, 255.66","1354.43, 361.91",33.0,11.53255844,0.0,0.0981446,0,0.9307
5,6.75,3.75,0.62,0.36,121,45.0,60.0,d,e/u,d,e/u,"2950.52, 196.89","2874.06, 201.93",83.0,12.16710585,1.0,1.0,1,0.0
0,6.420731057,2.661426295,0.5511996311,0.2135580999,344,34.48340061,48.18999663,d,e/u,d,e/u,"3992.77, 789.41","1400.13, 767.97",92.76446151,11.19722639,0.447566,0.547495,0,0.4766
0,6.42,2.15,0.71,0.12,1,51.0,83.0,d,e/u,d,e/u,"1976.28, 407.90","2528.11, 229.78",59.0,12.01411345,0.0,0.0981446,0,0.0
4,6.23,3.85,0.55,0.21,342,42.0,96.0,d,e/u,d,e/u,"992.71, 180.36","2828.56, 193.77",67.0,11.92544315,0.901855,1.0,1,0.0638
0,5.48,2.63,0.65,0.17,536,38.0,65.0,d,e/u,d,e/u,"3572.83, 278.65","1329.62, 782.03",37.0,11.31748321,0.0,0.0981446,0,0.8709
0,5.91,3.66,0.72,0.16,369,81.0,83.0,d,e/u,d,e/u,"852.89, 736.36","4377.75, 457.08",79.0,11.83699728,0.000468738,0.0989152,0,0.0339
0,6.21,3.36,0.62,0.2,334,51.0,64.0,d,e/u,d,e/u,"1451.39, 625.46","1632.24, 272.26",78.0,11.60867361,0.901855,1.0,1,0.0393
0,5.44,2.15,0.74,0.24,265,96.0,52.0,d,e/u,d,e/u,"394.74, 767.75","1983.40, 299.33",68.0,11.83249701,0.0,0.0981446,0,0.0
0,5.27,3.48,0.77,0.2,475,47.0,42.0,d,e/u,d,e/u,"2044.89, 611.18","4048.10, 687.35",45.0,11.29913046,0.0,0.0981446,0,0.0209
3,5.43,3.21,0.56,0.27,401,97.0,65.0,d,e/u,d,e/u,"386.67, 164.94","2878.52, 194.36",47.0,12.11336319,0.136102,0.236078,0,0.6483
1,5.26,3.23,0.66,0.38,276,57.0,95.0,d,e/u,d,e/u,"595.02, 193.39","1708.70, 241.22",50.0,12.28037109,0.901085,0.999531,1,0.1109
0,5.41,4.19,0.62,0.26,180,38.0,79.0,d,e/u,d,e/u,"358.94, 176.60","138.53, 411.75",39.0,11.1160083,0.0,0.0981446,0,0.1351
0,5.09,2.8,0.68,0.15,461,64.0,37.0,d,e/u,d,e/u,"326.74, 162.59","3028.90, 755.84",43.0,11.39382917,0.412824,0.512734,0,0.0109
0,6.23,3.65,0.64,0.17,329,38.0,98.0,d,e/u,d,e/u,"1427.61, 714.67","1495.42, 387.52",33.0,12.138974,0.0,0.0981446,0,0.0913
2,5.05,3.94,0.65,0.34,183,64.0,53.0,d,e/u,d,e/u,"379.75, 173.27","2161.19, 183.99",91.0,11.5265558,0.901855,1.0,1,0.0131
5,7.27,3.92,0.51,0.36,1,45.0,93.0,d,e/u,d,e/u,"2822.18, 195.74","2889.94, 193.49",52.0,12.21114747,1.0,1.0,1,0.0
0,5.41,4.19,0.62,0.26,540,38.0,79.0,d,e/u,d,e/u,"3115.69, 584.43","138.53, 411.75",39.0,11.22282963,0.0,0.0981446,0,0.9823
0,5.427365649,2.850706957,0.5002540687,0.3282139779,254,31.48369018,75.15306424,d,e/u,d,e/u,"211.87, 723.35","1777.71, 414.59",46.80554723,11.48087689,0.0,0.0981446,0,0.0318
0,7.01,4.45,0.66,0.36,495,76.0,75.0,d,e/u,d,e/u,"801.43, 728.17","364.20, 741.87",35.0,11.76602082,0.0,0.0981446,0,0.0
2,6.02,3.84,0.54,0.18,363,32.0,59.0,d,e/u,d,e/u,"934.20, 182.37","2621.05, 191.71",56.0,11.51780791,0.588696,0.688629,1,0.1351
0,7.23,4.3,0.66,0.24,503,61.0,46.0,d,e/u,d,e/u,"128.43, 521.68","158.09, 205.08",98.0,12.08801127,0.428976,0.528945,0,0.0017
0,5.54,3.88,0.66,0.11,210,72.0,54.0,d,e/u,d,e/u,"272.51, 136.17","2652.23, 681.42",92.0,11.3906929,0.0,0.0981446,0,0.2998
1,6.42,3.7,0.53,0.38,389,83.0,32.0,d,e/u,d,e/u,"110.69, 488.87","519.32, 262.95",83.0,11.13776221,0.0,0.0981446,0,0.1473
0,5.41,3.39,0.67,0.11,274,32.0,30.0,d,e/u,d,e/u,"1549.93, 226.38","3014.82, 769.25",60.0,11.26935267,0.0,0.0981446,0,0.2513
0,6.38,2.79,0.6,0.19,1,86.0,63.0,d,e/u,d,e/u,"1889.35, 340.61","631.28, 692.81",75.0,11.38434619,0.0,0.0981446,0,0.0
0,5.408650677,4.189987323,0.6193887536,0.2627350979,541,38.11980667,79.84105482,d,e/u,d,e/u,"3115.69, 584.43","138.53, 411.75",39.37003079,11.22286933,0.0,0.0981446,0,0.9607
0,5.09,3.09,0.73,0.33,211,99.0,48.0,d,e/u,d,e/u,"3092.65, 564.46","4010.89, 767.06",42.0,11.22179293,0.0,0.0981446,0,0.4149
0,5.65,3.24,0.71,0.27,1,86.0,80.0,d,e/u,d,e/u,"327.00, 161.77","4200.11, 792.34",85.0,11.6018948,0.0,0.0981446,0,0.0
0,5.05,3.72,0.58,0.31,323,83.0,85.0,d,e/u,d,e/u,"2233.51, 464.92","2434.94, 304.36",60.0,12.29929284,0.0,0.0981446,0,0.0852
0,6.55,3.49,0.51,0.38,468,77.0,95.0,d,e/u,d,e/u,"3077.84, 434.87","3537.83, 710.51",45.0,12.17365942,0.0,0.0981446,0,0.9599
0,6.13,4.27,0.73,0.26,458,86.0,67.0,d,e/u,d,e/u,"467.87, 725.87","475.07, 774.66",91.0,11.65778182,0.334148,0.434086,0,0.1568
0,6.7,3.12,0.73,0.3,403,39.0,40.0,d,e/u,d,e/u,"2016.60, 417.93","1559.79, 221.11",80.0,12.28209271,0.0,0.0981446,0,0.0
4,6.84,4.09,0.55,0.4,333,49.0,90.0,d,e/u,d,e/u,"500.00, 200.00","2866.97, 194.21",92.0,11.62043293,0.901855,1.0,1,0.0473
3,7.38,2.75,0.59,0.3,125,39.0,74.0,d,e/u,d,e/u,"416.40, 174.74","2896.19, 194.47",41.0,11.24325011,0.901855,1.0,1,0.0233
0,6.016624827,3.837582725,0.5395411648,0.1769685441,546,32.45835257,59.07753823,d,e/u,d,e/u,"1810.22, 215.79","77.26, 630.90",56.99183487,11.57269946,0.329966,0.429831,0,0.0183
4,5.18,3.3,0.77,0.21,285,64.0,79.0,d,e/u,d,e/u,"500.00, 200.00","2886.28, 195.34",83.0,11.88477936,0.901855,1.0,1,0.88
0,5.863122627,3.315215707,0.6071944865,0.1569537931,436,54.92866521,38.55332702,d,e/u,d,e/u,"3599.64, 770.47","4445.72, 743.68",72.61275786,12.10548653,0.0,0.0981446,0,0.8512
1,6.82,3.14,0.74,0.26,240,82.0,21.0,d,e/u,d,e/u,"511.53, 196.28","1583.38, 224.11",72.0,11.54908774,0.901085,0.999531,1,0.0346
1,5.59,2.6,0.56,0.26,251,59.0,92.0,d,e/u,d,e/u,"378.98, 174.24","2432.66, 613.06",85.0,12.33874026,0.901855,1.0,1,0.6091
0,6.39,3.21,0.61,0.27,242,90.0,78.0,d,e/u,d,e/u,"246.95, 120.77","4004.57, 246.63",75.0,11.70956329,0.0,0.0981446,0,0.585
0,6.21,3.36,0.62,0.2,334,51.0,64.0,d,e/u,d,e/u,"1451.39, 625.46","1632.24, 272.26",78.0,11.60867361,0.901855,1.0,1,0.0608
5,7.04,3.54,0.54,0.23,151,42.0,83.0,d,e/u,d,e/u,"2701.71, 193.40","2832.20, 200.38",94.0,11.12907862,1.0,1.0,1,0.0
1,5.9,3.15,0.65,0.23,135,96.0,30.0,d,e/u,d,e/u,"615.86, 192.81","1371.80, 217.54",95.0,12.28255262,0.0,0.0981446,0,0.4288
0,5.832726095,4.257832155,0.5077860441,0.3331455174,637,61.75562985,49.01134372,d,e/u,d,e/u,"107.37, 392.88","2588.26, 228.29",36.3116123,11.60913267,0.901855,1.0,1,0.0317
0,5.09,3.09,0.73,0.33,211,99.0,48.0,d,e/u,d,e/u,"3092.65, 564.46","4010.89, 767.06",42.0,11.22179593,0.0,0.0981446,0,0.208
0,7.42,2.81,0.72,0.16,232,78.0,76.0,d,e/u,d,e/u,"314.92, 157.46","2292.61, 482.03",42.0,11.31400705,0.0,0.0981446,0,0.2495
0,5.48,4.39,0.61,0.26,509,89.0,54.0,d,e/u,d,e/u,"1880.70, 368.90","2208.45, 330.22",71.0,11.45492629,0.00358196,0.102241,0,0.0276
0,5.428523759,3.207669876,0.5649153489,0.26821115,602,97.92951157,65.69694939,d,e/u,d,e/u,"283.37, 226.93","561.99, 775.95",47.28361732,12.17367891,0.191025,0.290773,0,0.3962
0,6.67,2.9,0.73,0.14,404,54.0,43.0,d,e/u,d,e/u,"179.28, 621.78","2626.14, 228.42",39.0,11.09931291,0.0,0.0981446,0,0.0
0,6.81,2.96,0.6,0.22,592,35.0,73.0,d,e/u,d,e/u,"2823.94, 340.35","190.55, 268.99",36.0,12.04757798,0.0,0.0981446,0,0.0
0,5.65,3.24,0.71,0.27,298,86.0,80.0,d,e/u,d,e/u,"2244.03, 465.03","4200.11, 792.34",85.0,11.69090956,0.0,0.0981446,0,0.2349
0,6.46,3.1,0.7,0.31,189,65.0,70.0,d,e/u,d,e/u,"1050.07, 179.29","707.50, 747.35",83.0,11.39920759,0.0,0.0981446,0,0.0845
0,6.205141165,3.364651665,0.6215800159,0.2023033565,335,51.94884363,64.72457966,d,e/u,d,e/u,"1451.39, 625.46","1632.24, 272.26",78.90255449,11.60869804,0.901855,1.0,1,0.0601
0,7.47,2.19,0.57,0.25,263,37.0,59.0,d,e/u,d,e/u,"1730.56, 164.41","3282.57, 257.79",36.0,11.46770648,0.0,0.0981446,0,0.0456
0,6.36,3.68,0.5,0.15,182,25.0,98.0,d,e/u,d,e/u,"3559.63, 167.40","2412.61, 597.02",70.0,11.77432966,0.0,0.0981446,0,0.8734
5,6.84,4.09,0.55,0.4,167,82.0,90.0,d,e/u,d,e/u,"2645.07, 182.59","2848.97, 194.29",92.0,11.57133498,1.0,1.0,1,0.0
0,5.48,4.39,0.61,0.26,339,89.0,54.0,d,e/u,d,e/u,"331.56, 160.89","2208.45, 330.22",71.0,11.40367762,0.901855,1.0,1,0.0168
1,5.26,3.23,0.66,0.38,276,34.0,95.0,d,e/u,d,e/u,"663.18, 191.04","1802.86, 253.79",50.0,12.28037506,0.901855,1.0,1,0.1306
3,5.48,2.63,0.65,0.17,178,23.0,65.0,d,e/u,d,e/u,"487.52, 185.31","2874.12, 194.38",37.0,11.21125759,0.0,0.0981446,0,0.7503
0,7.23,4.03,0.67,0.2,169,49.0,30.0,d,e/u,d,e/u,"3009.75, 615.60","947.86, 795.78",85.0,11.53521621,0.0,0.0981446,0,0.0
0,7.12,3.59,0.53,0.11,287,38.0,79.0,d,e/u,d,e/u,"2247.97, 177.36","176.55, 363.53",76.0,11.11290272,0.0,0.0981446,0,0.0
4,6.82,3.14,0.74,0.26,120,82.0,36.0,d,e/u,d,e/u,"1100.10, 173.71","2913.44, 200.43",72.0,11.51347183,0.901855,1.0,1,0.0161
0,6.258245067,2.384480131,0.7677434414,0.3862462485,471,72.45963064,59.46068142,d,e/u,d,e/u,"1732.13, 371.80","322.29, 266.87",92.07693769,12.27885978,0.0,0.0981446,0,0.8754
0,5.085724973,3.094297591,0.7261149756,0.332698219,317,99.9358946,48.06482126,d,e/u,d,e/u,"3899.40, 774.18","4010.89, 767.06",42.69068341,11.25365811,0.0,0.0981446,0,0.1723
0,5.09,3.09,0.73,0.33,106,99.0,48.0,d,e/u,d,e/u,"397.69, 160.02","4010.89, 767.06",42.0,11.1903523,0.0,0.0981446,0,0.0
0,5.09,3.09,0.73,0.33,316,99.0,48.0,d,e/u,d,e/u,"3899.40, 774.18","4010.89, 767.06",42.0,11.25363673,0.0,0.0981446,0,0.2446
0,7.01,4.45,0.66,0.36,165,76.0,75.0,d,e/u,d,e/u,"801.43, 728.17","364.20, 741.87",35.0,11.66750297,0.0,0.0981446,0,0.0
0,6.66,3.14,0.69,0.31,269,36.0,93.0,d,e/u,d,e/u,"985.35, 180.15","1500.49, 362.55",49.0,11.26010404,0.0,0.0981446,0,0.0532
0,5.05,3.94,0.65,0.34,274,64.0,53.0,d,e/u,d,e/u,"1531.03, 480.75","297.23, 200.72",91.0,11.55411329,0.901855,1.0,1,0.0354
0,5.94,4.09,0.55,0.34,616,95.0,73.0,d,e/u,d,e/u,"1225.98, 208.77","1403.17, 341.99",44.0,11.44531527,0.431441,0.53143,0,0.1972
0,6.96,2.91,0.59,0.16,381,48.0,78.0,d,e/u,d,e/u,"1786.86, 164.57","1354.43, 361.91",33.0,11.47528921,0.0,0.0981446,0,0.9555
0,5.09,2.8,0.68,0.15,230,64.0,37.0,d,e/u,d,e/u,"326.43, 163.21","3028.90, 755.84",43.0,11.32688227,0.0,0.0981446,0,0.0104
0,6.7,3.12,0.73,0.3,269,39.0,40.0,d,e/u,d,e/u,"2016.60, 417.93","1559.79, 221.11",80.0,12.24112668,0.0,0.0981446,0,0.0
0,5.15,4.13,0.79,0.11,497,51.0,52.0,d,e/u,d,e/u,"4368.95, 701.34","2229.06, 294.91",54.0,12.31845513,0.0,0.0981446,0,0.0893
0,7.42,2.81,0.72,0.16,694,78.0,76.0,d,e/u,d,e/u,"2011.81, 315.73","2292.61, 482.03",42.0,11.45020851,0.0,0.0981446,0,0.8288
5,7.04,3.54,0.54,0.23,1,42.0,83.0,d,e/u,d,e/u,"2701.71, 193.40","2832.20, 200.38",94.0,11.08597924,1.0,1.0,1,0.0
0,5.32,2.64,0.61,0.36,690,56.0,99.0,d,e/u,d,e/u,"1466.40, 709.97","2587.67, 305.43",43.0,11.74909577,0.0,0.0981446,0,0.2897
0,6.09,2.93,0.69,0.2,221,72.0,35.0,d,e/u,d,e/u,"311.69, 155.84","2405.18, 406.77",34.0,12.07260295,0.0,0.0981446,0,0.0497
1,7.07,3.85,0.61,0.32,139,32.0,55.0,d,e/u,d,e/u,"351.05, 183.39","1003.85, 774.62",95.0,11.40493944,0.0,0.0981446,0,0.4298
0,5.48,4.39,0.61,0.26,339,89.0,54.0,d,e/u,d,e/u,"331.56, 160.89","2208.45, 330.22",71.0,11.4036895,0.901855,1.0,1,0.0135
0,7.01,2.83,0.62,0.11,328,37.0,52.0,d,e/u,d,e/u,"4178.60, 693.29","70.28, 534.16",70.0,11.55881977,0.0,0.0981446,0,0.0622
0,5.27,3.48,0.77,0.2,1,47.0,42.0,d,e/u,d,e/u,"329.08, 164.54","4048.10, 687.35",45.0,11.15940359,0.0,0.0981446,0,0.0045
5,6.21,3.36,0.62,0.2,1,51.0,64.0,d,e/u,d,e/u,"2903.14, 195.52","2857.59, 200.51",78.0,11.50953528,1.0,1.0,1,0.0
0,6.13,4.27,0.73,0.26,458,86.0,67.0,d,e/u,d,e/u,"467.87, 725.87","475.07, 774.66",91.0,11.65778182,0.273616,0.37346,0,0.1237
0,5.18,3.3,0.77,0.21,427,64.0,79.0,d,e/u,d,e/u,"1867.55, 234.08","2356.35, 560.55",83.0,11.92814216,0.208874,0.308639,0,0.7572
0,6.014230877,3.435197318,0.766638154,0.2419870804,548,46.74295068,80.50537916,d,e/u,d,e/u,"102.20, 276.88","100.80, 207.37",40.49494743,11.78923301,0.901855,1.0,1,0.0277
0,7.12,3.59,0.53,0.11,287,38.0,79.0,d,e/u,d,e/u,"2149.73, 176.05","176.55, 363.53",76.0,11.11290891,0.0,0.0981446,0,0.0
0,5.32,2.64,0.61,0.36,460,56.0,99.0,d,e/u,d,e/u,"324.43, 173.64","2587.67, 305.43",43.0,11.67978758,0.901855,1.0,1,0.1298
0,5.91,4.21,0.71,0.13,440,38.0,97.0,d,e/u,d,e/u,"2739.90, 163.62","1449.88, 242.42",60.0,11.12842655,0.0,0.0981446,0,0.0
0,6.25,2.45,0.64,0.17,237,91.0,31.0,d,e/u,d,e/u,"310.72, 131.25","618.66, 271.69",45.0,12.19439132,0.0,0.0981446,0,0.0172
0,6.67,2.59,0.76,0.18,289,58.0,76.0,d,e/u,d,e/u,"1913.61, 326.97","825.52, 691.49",69.0,11.40121038,0.0,0.0981446,0,0.0
0,5.54,3.88,0.66,0.11,210,72.0,54.0,d,e/u,d,e/u,"272.51, 136.17","2652.23, 681.42",92.0,11.39069121,0.0,0.0981446,0,0.337
0,5.89,3.2,0.5,0.18,599,65.0,68.0,d,e/u,d,e/u,"3059.04, 338.15","2547.95, 572.69",70.0,11.17753847,0.0,0.0981446,0,0.0
0,5.03,2.14,0.74,0.25,642,73.0,56.0,d,e/u,d,e/u,"1467.38, 280.01","607.40, 734.15",66.0,11.93622719,0.901855,1.0,1,0.2177
3,5.82,3.94,0.54,0.31,181,77.0,78.0,d,e/u,d,e/u,"413.70, 167.94","2794.45, 200.54",99.0,12.17623208,0.450035,0.549965,0,0.0109
0,5.45,3.84,0.55,0.15,695,51.0,55.0,d,e/u,d,e/u,"2285.24, 461.01","1972.20, 631.59",38.0,11.25425353,0.203309,0.303201,0,0.0098
0,5.43,2.85,0.5,0.33,169,18.0,75.0,d,e/u,d,e/u,"148.00, 743.60","1777.71, 414.59",46.0,11.45510884,0.0,0.0981446,0,0.0339
0,5.274168214,3.718070413,0.5896258305,0.3882719498,441,82.8365418,50.88645831,d,e/u,d,e/u,"2744.96, 374.82","2688.23, 307.80",86.18822524,12.05665343,0.901855,1.0,1,0.2349
1,6.42,3.7,0.53,0.38,389,83.0,32.0,d,e/u,d,e/u,"110.69, 488.87","519.32, 262.95",83.0,11.13679604,0.0,0.0981446,0,0.1599
2,6.29,2.76,0.79,0.16,337,65.0,57.0,d,e/u,d,e/u,"368.17, 171.70","1400.00, 200.00",31.0,11.525585,0.249728,0.349713,0,0.0534
0,7.23,4.3,0.66,0.24,503,61.0,46.0,d,e/u,d,e/u,"128.43, 521.68","158.09, 205.08",98.0,12.08801127,0.491056,0.591033,1,0.0062
5,5.17,4.01,0.52,0.36,162,34.0,21.0,d,e/u,d,e/u,"2957.69, 197.54","2895.71, 200.36",40.0,12.02628752,1.0,1.0,1,0.0
0,6.038281112,3.974272181,0.6879580966,0.2923484835,415,39.97680539,66.22978009,d,e/u,d,e/u,"3123.19, 226.18","3147.96, 466.79",61.72026878,11.99581296,0.590386,0.690354,1,0.0284
0,5.43,3.21,0.56,0.27,601,97.0,65.0,d,e/u,d,e/u,"283.37, 226.93","561.99, 775.95",47.0,12.17363616,0.176811,0.276565,0,0.3586
1,6.21,3.04,0.68,0.27,229,43.0,46.0,d,e/u,d,e/u,"122.33, 376.75","2026.39, 188.31",94.0,11.20858266,0.0,0.0981446,0,0.7246
0,5.27,3.48,0.77,0.2,317,47.0,42.0,d,e/u,d,e/u,"374.45, 179.26","4048.10, 687.35",45.0,11.25151536,0.0,0.0981446,0,0.0
0,7.05,2.12,0.74,0.33,372,75.0,35.0,d,e/u,d,e/u,"3138.20, 228.91","1217.09, 746.95",32.0,12.19612637,0.0,0.0981446,0,0.0
0,7.234325502,4.031727664,0.6700039135,0.1975238329,506,49.55002966,30.49945038,d,e/u,d,e/u,"3009.75, 615.60","947.86, 795.78",85.15392073,11.63556798,0.0,0.0981446,0,0.0
2,6.46,3.1,0.7,0.31,94,65.0,70.0,d,e/u,d,e/u,"367.35, 171.60","1637.01, 178.96",83.0,11.37072888,0.0,0.0981446,0,0.4227
0,5.44,2.15,0.74,0.24,133,96.0,52.0,d,e/u,d,e/u,"394.74, 767.75","1983.40, 299.33",68.0,11.79336932,0.0,0.0981446,0,0.0
4,5.64,4.07,0.54,0.17,85,34.0,57.0,d,e/u,d,e/u,"1241.96, 193.82","2881.39, 201.67",83.0,12.34535941,0.0,0.0981446,0,0.9951
0,5.94,4.09,0.55,0.34,616,95.0,73.0,d,e/u,d,e/u,"1225.98, 208.77","1403.17, 341.99",44.0,11.44531527,0.450035,0.549965,0,0.0927
0,5.48,4.39,0.61,0.26,509,89.0,54.0,d,e/u,d,e/u,"1880.70, 368.90","2208.45, 330.22",71.0,11.45492629,0.0,0.0981446,0,0.0591
3,6.84,4.09,0.55,0.4,333,82.0,90.0,d,e/u,d,e/u,"398.01, 159.95","2848.97, 194.29",92.0,11.62042299,0.428976,0.528945,0,0.0082
0,6.46,3.1,0.7,0.31,284,65.0,70.0,d,e/u,d,e/u,"3766.18, 776.64","707.50, 747.35",83.0,11.42799875,0.179362,0.279345,0,0.2864
5,5.43,3.21,0.56,0.27,1,97.0,65.0,d,e/u,d,e/u,"2924.57, 195.02","2878.52, 194.36",47.0,11.99912918,1.0,1.0,1,0.0
1,5.41,3.39,0.67,0.11,183,32.0,30.0,d,e/u,d,e/u,"830.12, 209.87","2671.96, 177.88",60.0,11.24178958,0.0,0.0981446,0,0.4408
0,5.32,2.64,0.61,0.36,460,56.0,99.0,d,e/u,d,e/u,"326.49, 173.80","2587.67, 305.43",43.0,11.67981101,0.874377,0.974272,1,0.0715
3,6.87,3.35,0.59,0.3,339,59.0,59.0,d,e/u,d,e/u,"428.01, 174.36","2876.20, 198.24",76.0,12.24877979,0.901855,1.0,1,0.1563
0,6.42,2.15,0.71,0.12,289,51.0,83.0,d,e/u,d,e/u,"1976.28, 407.90","2528.11, 229.78",59.0,12.09755888,0.0,0.0981446,0,0.0
0,6.81,2.96,0.6,0.22,592,35.0,73.0,d,e/u,d,e/u,"2823.94, 340.35","190.55, 268.99",36.0,12.04757798,0.0,0.0981446,0,0.0
0,5.65,3.24,0.71,0.27,298,86.0,80.0,d,e/u,d,e/u,"2244.03, 465.03","4200.11, 792.34",85.0,11.69090956,0.0,0.0981446,0,0.2808
0,5.59,4.24,0.51,0.32,224,75.0,87.0,d,e/u,d,e/u,"339.56, 166.71","1597.98, 306.47",53.0,11.36650144,0.0,0.0981446,0,0.7206
2,5.64,4.07,0.54,0.17,171,34.0,57.0,d,e/u,d,e/u,"365.09, 209.39","2038.58, 212.48",83.0,12.37086185,0.0,0.0981446,0,0.0116
0,6.01,3.44,0.77,0.24,547,46.0,80.0,d,e/u,d,e/u,"102.20, 276.88","100.80, 207.37",40.0,11.78919332,0.901855,1.0,1,0.0298
0,6.04,3.97,0.69,0.29,414,39.0,66.0,d,e/u,d,e/u,"3123.19, 226.18","3147.96, 466.79",61.0,11.99578242,0.567494,0.667488,1,0.0283
0,6.42,2.66,0.55,0.21,343,34.0,48.0,d,e/u,d,e/u,"3992.77, 789.41","1400.13, 767.97",92.0,11.19720196,0.431441,0.53143,0,0.4753
1,5.9,3.15,0.65,0.23,270,96.0,18.0,d,e/u,d,e/u,"615.86, 192.81","1142.11, 759.64",95.0,12.32227142,0.0,0.0981446,0,0.8261
0,6.38,3.71,0.51,0.3,309,99.0,36.0,d,e/u,d,e/u,"4347.14, 534.45","352.97, 220.62",72.0,12.0021403,0.000468738,0.0989152,0,0.0522
0,5.09,3.09,0.73,0.33,106,99.0,48.0,d,e/u,d,e/u,"397.69, 160.02","4010.89, 767.06",42.0,11.19036078,0.0,0.0981446,0,0.0
0,7.28,2.42,0.76,0.36,233,79.0,46.0,d,e/u,d,e/u,"2970.74, 312.58","403.78, 753.84",46.0,11.09023899,0.0,0.0981446,0,0.0
0,5.48,2.63,0.65,0.17,357,23.0,65.0,d,e/u,d,e/u,"1404.45, 167.09","1329.62, 782.03",37.0,11.263237,0.0,0.0981446,0,0.9146
0,6.34,3.61,0.73,0.27,380,95.0,38.0,d,e/u,d,e/u,"2184.49, 263.17","70.15, 332.47",30.0,11.47632012,0.0,0.0981446,0,0.0
0,7.29,2.83,0.65,0.32,289,58.0,79.0,d,e/u,d,e/u,"3015.77, 759.21","4434.23, 442.63",78.0,11.80914934,0.00358196,0.102241,0,0.0551
3,7.27,3.92,0.51,0.36,335,45.0,93.0,d,e/u,d,e/u,"458.12, 171.75","2889.94, 193.49",52.0,12.30781725,0.901855,1.0,1,0.1955
4,5.41,3.39,0.67,0.11,1,32.0,30.0,d,e/u,d,e/u,"1320.76, 191.06","2954.14, 199.97",60.0,11.18747801,0.0,0.0981446,0,0.328
5,5.83,4.26,0.51,0.33,212,61.0,49.0,d,e/u,d,e/u,"2933.29, 284.53","2911.67, 196.77",36.0,11.4839789,1.0,1.0,1,0.0
0,6.34,3.28,0.75,0.26,340,83.0,94.0,d,e/u,d,e/u,"3035.95, 476.62","3222.69, 767.67",72.0,11.89449109,0.0,0.0981446,0,0.0
5,6.21,3.36,0.62,0.2,112,51.0,64.0,d,e/u,d,e/u,"2763.00, 194.76","2857.59, 200.51",78.0,11.54176892,1.0,1.0,1,0.0
0,6.813970164,2.959390182,0.6023728521,0.2216156357,593,35.04858069,73.10501779,d,e/u,d,e/u,"2823.94, 340.35","190.55, 268.99",36.35893548,12.04762074,0.0,0.0981446,0,0.0
0,6.25,2.45,0.64,0.17,237,91.0,31.0,d,e/u,d,e/u,"310.72, 131.25","618.66, 271.69",45.0,12.19439777,0.0,0.0981446,0,0.027
0,5.86,3.32,0.61,0.16,290,54.0,38.0,d,e/u,d,e/u,"1438.45, 168.03","4445.72, 743.68",72.0,12.06147359,0.0,0.0981446,0,0.6208
3,7.47,2.19,0.57,0.25,131,63.0,35.0,d,e/u,d,e/u,"428.36, 173.65","2898.12, 195.96",36.0,11.42917152,0.0,0.0981446,0,0.0295
4,5.94,4.09,0.55,0.34,1,95.0,73.0,d,e/u,d,e/u,"2903.19, 193.58","2906.42, 194.69",44.0,11.26618794,0.0,0.0981446,0,0.0962
0,5.82,3.94,0.54,0.31,181,77.0,78.0,d,e/u,d,e/u,"311.52, 155.76","2436.27, 221.71",99.0,12.17624068,0.254991,0.354859,0,0.0415
2,6.25,4.12,0.56,0.18,155,94.0,24.0,d,e/u,d,e/u,"363.25, 161.10","1400.00, 200.00",55.0,12.10806626,0.0,0.0981446,0,0.04
0,6.09,2.93,0.69,0.2,441,72.0,35.0,d,e/u,d,e/u,"302.14, 146.98","2405.18, 406.77",34.0,12.13607727,0.0337242,0.133311,0,0.0513
0,6.34,3.61,0.73,0.27,126,95.0,38.0,d,e/u,d,e/u,"2184.49, 263.17","70.15, 332.47",30.0,11.39983005,0.0,0.0981446,0,0.0
0,6.81,2.96,0.6,0.22,198,35.0,73.0,d,e/u,d,e/u,"2823.94, 340.35","190.55, 268.99",36.0,11.93072703,0.0,0.0981446,0,0.0
3,5.48,2.63,0.65,0.17,178,38.0,65.0,d,e/u,d,e/u,"471.53, 185.70","2874.12, 194.38",37.0,11.2112581,0.0,0.0981446,0,0.7503
0,5.41,4.19,0.62,0.26,360,22.0,79.0,d,e/u,d,e/u,"1909.30, 165.27","138.53, 411.75",39.0,11.16857676,0.0,0.0981446,0,0.9569
1,5.59,2.6,0.56,0.26,251,59.0,92.0,d,e/u,d,e/u,"355.63, 173.80","2432.66, 613.06",85.0,12.33875261,0.901855,1.0,1,0.5736
3,6.01,3.44,0.77,0.24,365,46.0,80.0,d,e/u,d,e/u,"421.51, 188.29","2868.00, 193.51",40.0,11.73433027,0.901855,1.0,1,0.0154
0,5.26,3.23,0.66,0.38,414,57.0,95.0,d,e/u,d,e/u,"3522.42, 761.63","2418.01, 668.18",50.0,12.32254217,0.901855,1.0,1,0.0567
0,7.47,2.19,0.57,0.25,263,37.0,59.0,d,e/u,d,e/u,"1767.56, 164.54","3282.57, 257.79",36.0,11.46769654,0.0,0.0981446,0,0.0318
0,7.05,2.13,0.64,0.29,466,98.0,67.0,d,e/u,d,e/u,"3922.46, 260.71","1380.68, 415.80",82.0,11.65040445,0.763922,0.863898,1,0.1057
0,6.55,3.49,0.51,0.38,156,77.0,95.0,d,e/u,d,e/u,"299.39, 149.62","3537.83, 710.51",45.0,12.0804672,0.0,0.0981446,0,0.079
0,6.34,3.28,0.75,0.26,510,83.0,94.0,d,e/u,d,e/u,"3035.95, 476.62","3222.69, 767.67",72.0,11.94573382,0.0,0.0981446,0,0.0
0,7.44,2.18,0.53,0.19,1,65.0,82.0,d,e/u,d,e/u,"2250.17, 407.14","2381.88, 335.87",68.0,12.19691202,0.0,0.0981446,0,0.0
0,5.43,3.21,0.56,0.27,601,97.0,65.0,d,e/u,d,e/u,"283.37, 226.93","561.99, 775.95",47.0,12.17363616,0.258954,0.358884,0,0.4159
0,7.44,2.18,0.53,0.19,241,65.0,82.0,d,e/u,d,e/u,"2250.17, 407.14","2381.88, 335.87",68.0,12.26701912,0.0,0.0981446,0,0.0
5,5.17,4.01,0.52,0.36,1,34.0,21.0,d,e/u,d,e/u,"2957.69, 197.54","2909.61, 200.41",40.0,11.98034441,1.0,1.0,1,0.0
3,6.63,2.32,0.64,0.35,201,56.0,73.0,d,e/u,d,e/u,"394.36, 169.53","2869.81, 195.09",84.0,11.13854673,0.260921,0.360877,0,0.0637
0,6.42,2.66,0.55,0.21,343,34.0,48.0,d,e/u,d,e/u,"3992.77, 789.41","1400.13, 767.97",92.0,11.19720196,0.442633,0.542552,0,0.4766
0,7.17,3.62,0.71,0.16,221,69.0,60.0,d,e/u,d,e/u,"403.29, 171.22","1596.10, 315.44",33.0,12.19210188,0.0,0.0981446,0,0.0327
0,6.34,3.61,0.73,0.27,126,95.0,38.0,d,e/u,d,e/u,"2184.49, 263.17","70.15, 332.47",30.0,11.39982776,0.0,0.0981446,0,0.0
3,5.77,3.9,0.74,0.33,353,35.0,51.0,d,e/u,d,e/u,"611.19, 195.22","2910.19, 194.33",38.0,11.46636814,0.901855,1.0,1,0.1002
0,7.272723223,3.917644968,0.5117350012,0.3638522981,503,75.77817529,93.48933413,d,e/u,d,e/u,"3400.55, 234.86","1633.80, 357.55",52.18210931,12.35848081,0.901855,1.0,1,0.3603
5,6.01,3.44,0.77,0.24,1,46.0,80.0,d,e/u,d,e/u,"2674.31, 178.26","2900.51, 194.35",40.0,11.62971352,1.0,1.0,1,0.0
1,5.86,3.32,0.61,0.16,145,54.0,38.0,d,e/u,d,e/u,"659.56, 191.21","3070.74, 533.09",72.0,12.01883739,0.0,0.0981446,0,0.3188
0,6.81,2.96,0.6,0.22,1,35.0,73.0,d,e/u,d,e/u,"2823.94, 340.35","190.55, 268.99",36.0,11.87538553,0.0,0.0981446,0,0.0
5,7.27,3.92,0.51,0.36,1,45.0,93.0,d,e/u,d,e/u,"2747.17, 193.79","2889.94, 193.49",52.0,12.21112706,1.0,1.0,1,0.0
0,7.05,2.12,0.74,0.33,372,75.0,35.0,d,e/u,d,e/u,"3138.20, 228.91","1217.09, 746.95",32.0,12.19613388,0.0,0.0981446,0,0.0
0,6.23,3.65,0.64,0.17,219,38.0,98.0,d,e/u,d,e/u,"244.71, 195.46","1495.42, 387.52",33.0,12.10531402,0.0,0.0981446,0,0.038
0,7.29,2.83,0.65,0.32,97,58.0,79.0,d,e/u,d,e/u,"345.57, 151.68","4434.23, 442.63",78.0,11.75127865,0.0,0.0981446,0,0.0183
0,6.94,2.46,0.64,0.2,210,45.0,83.0,d,e/u,d,e/u,"2775.41, 236.20","2190.72, 647.18",76.0,11.10645457,0.0,0.0981446,0,0.0
0,5.27,3.72,0.59,0.39,440,82.0,50.0,d,e/u,d,e/u,"2744.96, 374.82","2688.23, 307.80",86.0,12.0566229,0.901855,1.0,1,0.3515
0,7.17,3.62,0.71,0.16,332,69.0,60.0,d,e/u,d,e/u,"2299.52, 471.19","1596.10, 315.44",33.0,12.22577255,0.0,0.0981446,0,0.1051
3,7.3,4.14,0.74,0.19,96,87.0,82.0,d,e/u,d,e/u,"380.29, 159.16","2864.51, 194.29",50.0,11.4124975,0.0,0.0981446,0,0.1284
5,5.17,4.01,0.52,0.36,162,34.0,21.0,d,e/u,d,e/u,"2939.18, 197.06","2916.71, 200.29",40.0,12.02628482,1.0,1.0,1,0.0
0,6.63,2.32,0.64,0.35,603,56.0,73.0,d,e/u,d,e/u,"104.91, 208.84","2206.47, 300.61",84.0,11.25777779,0.437704,0.537604,0,0.0829
0,6.39,3.21,0.61,0.27,242,90.0,78.0,d,e/u,d,e/u,"246.95, 120.77","4004.57, 246.63",75.0,11.70956403,0.0,0.0981446,0,0.3393
0,5.27,3.48,0.77,0.2,475,47.0,42.0,d,e/u,d,e/u,"2044.89, 611.18","4048.10, 687.35",45.0,11.29913046,0.0,0.0981446,0,0.0197
0,7.29,3.03,0.75,0.36,162,64.0,74.0,d,e/u,d,e/u,"210.64, 762.82","1730.07, 368.56",52.0,12.16923361,0.0,0.0981446,0,0.0
0,6.42,2.15,0.71,0.12,433,51.0,83.0,d,e/u,d,e/u,"1976.28, 407.90","2528.11, 229.78",59.0,12.14154882,0.0,0.0981446,0,0.0
0,6.81,2.96,0.6,0.22,395,35.0,73.0,d,e/u,d,e/u,"2823.94, 340.35","190.55, 268.99",36.0,11.98789731,0.0,0.0981446,0,0.0
0,5.27,3.48,0.77,0.2,1,47.0,42.0,d,e/u,d,e/u,"329.13, 164.44","4048.10, 687.35",45.0,11.15941426,0.0,0.0981446,0,0.0
0,7.17,3.62,0.71,0.16,110,69.0,60.0,d,e/u,d,e/u,"403.29, 171.22","1596.10, 315.44",33.0,12.15886786,0.0,0.0981446,0,0.032
0,7.232661496,4.296768802,0.6617945471,0.2424360334,504,61.32758451,46.87884502,d,e/u,d,e/u,"128.43, 521.68","158.09, 205.08",98.81005942,12.08804791,0.450035,0.549965,0,0.0068
0,7.12,3.59,0.53,0.11,143,38.0,79.0,d,e/u,d,e/u,"2149.73, 176.05","176.55, 363.53",76.0,11.11070556,0.0,0.0981446,0,0.0
5,5.18,3.3,0.77,0.21,143,64.0,79.0,d,e/u,d,e/u,"2956.94, 197.36","2886.28, 195.34",83.0,11.84330907,1.0,1.0,1,0.0
4,5.83,4.26,0.51,0.33,424,61.0,49.0,d,e/u,d,e/u,"290.24, 385.87","2911.67, 196.77",36.0,11.54519526,0.901855,1.0,1,0.0229
5,7.41,3.84,0.78,0.14,172,86.0,43.0,d,e/u,d,e/u,"2898.65, 193.89","2891.13, 195.11",42.0,11.58610567,1.0,1.0,1,0.0
0,7.01,2.83,0.62,0.11,219,37.0,52.0,d,e/u,d,e/u,"2877.59, 168.07","70.28, 534.16",70.0,11.5257637,0.0,0.0981446,0,0.0
0,7.38,2.75,0.59,0.3,375,65.0,74.0,d,e/u,d,e/u,"3681.29, 733.16","755.82, 276.56",41.0,11.31854472,0.24021,0.340178,0,0.0343
0,6.09,2.93,0.69,0.2,441,72.0,35.0,d,e/u,d,e/u,"300.94, 149.28","2405.18, 406.77",34.0,12.13609494,0.0214639,0.12135,0,0.0694
0,7.23,4.03,0.67,0.2,1,49.0,30.0,d,e/u,d,e/u,"3009.75, 615.60","947.86, 795.78",85.0,11.48764236,0.0,0.0981446,0,0.0
5,5.27,3.72,0.59,0.39,146,82.0,50.0,d,e/u,d,e/u,"2764.11, 194.83","2872.19, 201.04",86.0,11.96878263,1.0,1.0,1,0.0
5,5.17,4.01,0.52,0.36,1,34.0,21.0,d,e/u,d,e/u,"2939.18, 197.06","2916.71, 200.29",40.0,11.98037462,1.0,1.0,1,0.0
0,7.17,3.62,0.71,0.16,332,69.0,60.0,d,e/u,d,e/u,"2299.52, 471.19","1596.10, 315.44",33.0,12.22577255,0.0,0.0981446,0,0.1051
0,7.04,3.54,0.54,0.23,451,42.0,83.0,d,e/u,d,e/u,"526.60, 250.38","305.31, 750.11",94.0,11.21870049,0.608134,0.70793,1,0.1513
5,5.77,3.9,0.74,0.33,176,35.0,85.0,d,e/u,d,e/u,"2535.26, 188.57","2842.21, 194.08",38.0,11.41497853,1.0,1.0,1,0.0
0,5.21,4.08,0.71,0.34,564,38.0,39.0,d,e/u,d,e/u,"2574.21, 202.37","3436.33, 223.66",93.0,11.70058615,0.617196,0.717044,1,0.0507
0,7.44,2.18,0.53,0.19,121,65.0,82.0,d,e/u,d,e/u,"2250.17, 407.14","2381.88, 335.87",68.0,12.23143697,0.0,0.0981446,0,0.0
4,5.05,3.94,0.65,0.34,92,64.0,53.0,d,e/u,d,e/u,"2360.09, 171.92","2850.06, 197.14",91.0,11.4992673,0.901855,1.0,1,0.0898
2,5.41,3.39,0.67,0.11,92,32.0,30.0,d,e/u,d,e/u,"836.12, 210.00","2504.14, 199.66",60.0,11.21450668,0.0,0.0981446,0,0.0263
0,6.38,2.79,0.6,0.19,1,86.0,63.0,d,e/u,d,e/u,"1889.35, 340.61","631.28, 692.81",75.0,11.38437982,0.0,0.0981446,0,0.0
5,6.87,3.35,0.59,0.3,1,59.0,59.0,d,e/u,d,e/u,"2700.97, 187.68","2876.20, 198.24",76.0,12.15095342,1.0,1.0,1,0.0
0,7.29,3.03,0.75,0.36,488,64.0,74.0,d,e/u,d,e/u,"210.64, 762.82","1730.07, 368.56",52.0,12.26656823,0.0,0.0981446,0,0.0
0,5.27,3.48,0.77,0.2,159,47.0,42.0,d,e/u,d,e/u,"329.13, 164.44","4048.10, 687.35",45.0,11.20476036,0.0,0.0981446,0,0.004
5,6.0,2.49,0.69,0.29,196,39.0,36.0,d,e/u,d,e/u,"2956.35, 197.28","2907.69, 205.25",66.0,11.09386374,1.0,1.0,1,0.0
0,5.97,3.44,0.76,0.14,693,74.0,63.0,d,e/u,d,e/u,"2435.56, 591.61","1462.01, 536.68",79.0,12.00947781,0.848361,0.94803,1,0.0875
0,6.42,2.15,0.71,0.12,433,51.0,83.0,d,e/u,d,e/u,"1976.28, 407.90","2528.11, 229.78",59.0,12.14154882,0.0,0.0981446,0,0.0
0,5.77,3.9,0.74,0.33,530,35.0,85.0,d,e/u,d,e/u,"3121.12, 256.79","4294.02, 721.07",38.0,11.52002226,0.901855,1.0,1,0.1553
0,7.12,3.68,0.6,0.23,192,37.0,85.0,d,e/u,d,e/u,"2974.93, 410.44","3634.84, 277.10",61.0,12.24726628,0.0,0.0981446,0,0.0
0,7.12,3.59,0.53,0.11,143,38.0,79.0,d,e/u,d,e/u,"2033.75, 173.97","176.55, 363.53",76.0,11.11186607,0.0,0.0981446,0,0.0
0,5.91,4.21,0.71,0.13,220,38.0,97.0,d,e/u,d,e/u,"2701.90, 163.62","1449.88, 242.42",60.0,11.11012214,0.0,0.0981446,0,0.5618
3,5.05,2.23,0.61,0.13,177,33.0,78.0,d,e/u,d,e/u,"156.52, 242.37","2896.08, 198.18",72.0,11.52249754,0.901085,0.999531,1,0.1542
0,5.43,2.85,0.5,0.33,169,18.0,75.0,d,e/u,d,e/u,"148.00, 743.60","1777.71, 414.59",46.0,11.45511146,0.0,0.0981446,0,0.0335
0,5.91,4.21,0.71,0.13,440,38.0,97.0,d,e/u,d,e/u,"2701.90, 163.62","1449.88, 242.42",60.0,11.12842676,0.0,0.0981446,0,0.7503
0,5.15,4.13,0.79,0.11,331,51.0,52.0,d,e/u,d,e/u,"367.53, 177.39","2229.06, 294.91",54.0,12.26842167,0.682802,0.782778,1,0.0092
0,6.87,3.35,0.59,0.3,508,59.0,59.0,d,e/u,d,e/u,"4332.25, 220.93","1623.48, 284.73",76.0,12.30002911,0.901085,0.999531,1,0.3787
0,7.44,2.48,0.71,0.13,1,51.0,98.0,d,e/u,d,e/u,"317.52, 158.49","3108.03, 421.63",58.0,11.75628741,0.0,0.0981446,0,0.4155
0,5.65,3.24,0.71,0.27,1,86.0,80.0,d,e/u,d,e/u,"377.77, 164.14","4200.11, 792.34",85.0,11.60190988,0.0,0.0981446,0,0.0
0,6.13,4.36,0.74,0.24,332,36.0,56.0,d,e/u,d,e/u,"402.89, 183.86","3785.30, 270.22",89.0,11.11924741,0.0,0.0981446,0,0.0
0,5.71,4.34,0.66,0.26,294,48.0,67.0,d,e/u,d,e/u,"3313.08, 212.76","3635.85, 690.65",42.0,12.37029545,0.305315,0.40515,0,0.061
0,5.437786196,2.152160487,0.7388661164,0.2432223567,398,96.01467048,52.1837222,d,e/u,d,e/u,"394.74, 767.75","1983.40, 299.33",68.7539071,11.87287095,0.0,0.0981446,0,0.0
0,6.42,2.15,0.71,0.12,1,51.0,83.0,d,e/u,d,e/u,"1976.28, 407.90","2528.11, 229.78",59.0,12.0141163,0.0,0.0981446,0,0.0
0,6.42,2.15,0.71,0.12,1,51.0,83.0,d,e/u,d,e/u,"1976.28, 407.90","2528.11, 229.78",59.0,12.01412199,0.0,0.0981446,0,0.0
0,6.96,2.91,0.59,0.16,191,80.0,78.0,d,e/u,d,e/u,"266.04, 133.01","1354.43, 361.91",33.0,11.4198241,0.0,0.0981446,0,0.5236
0,6.7,3.12,0.73,0.3,1,39.0,40.0,d,e/u,d,e/u,"2016.60, 417.93","1559.79, 221.11",80.0,12.1628886,0.0,0.0981446,0,0.0
0,5.05,2.23,0.61,0.13,265,33.0,78.0,d,e/u,d,e/u,"58.26, 254.49","1961.04, 223.67",72.0,11.54945028,0.34406,0.444057,0,0.3324
0,6.55,3.49,0.51,0.38,468,77.0,95.0,d,e/u,d,e/u,"3077.84, 434.87","3537.83, 710.51",45.0,12.17365942,0.0,0.0981446,0,0.9452
0,6.42,2.66,0.55,0.21,343,34.0,48.0,d,e/u,d,e/u,"3992.77, 789.41","1400.13, 767.97",92.0,11.19720196,0.482269,0.582247,1,0.4766
0,6.81,2.96,0.6,0.22,395,35.0,73.0,d,e/u,d,e/u,"2823.94, 340.35","190.55, 268.99",36.0,11.98789835,0.0,0.0981446,0,0.0
2,6.8,2.67,0.67,0.24,363,54.0,89.0,d,e/u,d,e/u,"496.61, 196.70","2524.23, 202.14",80.0,11.42146666,0.497384,0.597378,1,0.0902
2,6.21,3.04,0.68,0.27,458,43.0,77.0,d,e/u,d,e/u,"118.87, 351.99","2503.55, 199.10",94.0,11.27493298,0.0,0.0981446,0,0.0086
5,7.05,2.13,0.64,0.29,156,98.0,67.0,d,e/u,d,e/u,"2804.38, 195.12","2814.54, 198.06",82.0,11.55781086,1.0,1.0,1,0.0
2,7.01,2.83,0.62,0.11,110,22.0,52.0,d,e/u,d,e/u,"545.18, 195.08","1400.00, 200.00",70.0,11.49312885,0.0,0.0981446,0,0.1393
0,6.46,3.1,0.7,0.31,189,65.0,70.0,d,e/u,d,e/u,"986.05, 181.38","707.50, 747.35",83.0,11.39921962,0.0,0.0981446,0,0.1746
0,7.069995441,3.854203389,0.6070530365,0.317443544,420,32.78901639,55.22303415,d,e/u,d,e/u,"897.86, 674.11","1003.85, 774.62",95.96575554,11.4886091,0.000468738,0.0989152,0,0.9161
3,6.75,3.75,0.62,0.36,243,45.0,60.0,d,e/u,d,e/u,"466.64, 180.50","2874.06, 201.93",83.0,12.20328957,0.901855,1.0,1,0.0151
5,5.18,3.3,0.77,0.21,143,64.0,79.0,d,e/u,d,e/u,"2462.68, 187.56","2886.28, 195.34",83.0,11.84328215,1.0,1.0,1,0.0
0,5.32,2.64,0.61,0.36,230,56.0,99.0,d,e/u,d,e/u,"324.43, 173.64","2587.67, 305.43",43.0,11.61346666,0.0257282,0.125623,0,0.1307
1,6.25,4.12,0.56,0.18,310,94.0,24.0,d,e/u,d,e/u,"363.25, 161.10","2891.72, 235.12",55.0,12.15363125,0.0,0.0981446,0,0.0297
0,5.45,3.84,0.55,0.15,695,51.0,55.0,d,e/u,d,e/u,"2285.24, 461.01","1972.20, 631.59",38.0,11.25425353,0.29207,0.391866,0,0.156
0,6.02,3.84,0.54,0.18,545,32.0,59.0,d,e/u,d,e/u,"1810.22, 215.79","77.26, 630.90",56.0,11.57265976,0.296492,0.396454,0,0.0318
2,5.27,3.48,0.77,0.2,1,47.0,42.0,d,e/u,d,e/u,"647.35, 191.87","2970.50, 198.32",45.0,11.15940283,0.0,0.0981446,0,0.7446
1,6.42,3.7,0.53,0.38,195,83.0,32.0,d,e/u,d,e/u,"110.69, 488.87","519.32, 262.95",83.0,11.19888415,0.901855,1.0,1,0.2732
0,5.44,2.15,0.74,0.24,397,96.0,52.0,d,e/u,d,e/u,"394.74, 767.75","1983.40, 299.33",68.0,11.87284347,0.0,0.0981446,0,0.0
0,7.44,2.18,0.53,0.19,361,65.0,82.0,d,e/u,d,e/u,"2250.17, 407.14","2381.88, 335.87",68.0,12.30372892,0.0,0.0981446,0,0.0
4,5.97,3.44,0.76,0.14,462,74.0,63.0,d,e/u,d,e/u,"2062.00, 179.59","2914.33, 199.42",79.0,11.94018692,0.901085,0.999531,1,0.2506
2,7.23,4.3,0.66,0.24,335,61.0,46.0,d,e/u,d,e/u,"104.08, 278.90","1676.47, 169.83",98.0,12.03736869,0.650287,0.750272,1,0.1109
0,5.44,2.15,0.74,0.24,133,96.0,52.0,d,e/u,d,e/u,"394.74, 767.75","1983.40, 299.33",68.0,11.79336932,0.0,0.0981446,0,0.0
0,5.21,4.08,0.71,0.34,564,38.0,39.0,d,e/u,d,e/u,"2574.21, 202.37","3436.33, 223.66",93.0,11.70058615,0.622768,0.722621,1,0.0305
3,6.96,2.91,0.59,0.16,191,80.0,78.0,d,e/u,d,e/u,"400.00, 200.00","2876.81, 194.16",33.0,11.41982738,0.0,0.0981446,0,0.3652
0,7.29,2.83,0.65,0.32,97,58.0,79.0,d,e/u,d,e/u,"345.57, 151.68","4434.23, 442.63",78.0,11.7512735,0.0,0.0981446,0,0.0026
0,7.44,2.48,0.71,0.13,250,51.0,98.0,d,e/u,d,e/u,"3052.09, 573.87","3108.03, 421.63",58.0,11.8309645,0.0,0.0981446,0,0.9334
4,5.26,3.23,0.66,0.38,138,57.0,95.0,d,e/u,d,e/u,"1173.00, 171.24","2851.42, 193.68",50.0,12.24009332,0.901085,0.999531,1,0.0223
0,6.42,2.66,0.55,0.21,229,34.0,48.0,d,e/u,d,e/u,"2654.51, 164.83","1400.13, 767.97",92.0,11.16231468,0.0,0.0981446,0,0.0
2,7.05,2.13,0.64,0.29,311,98.0,67.0,d,e/u,d,e/u,"587.31, 193.74","2735.55, 197.24",82.0,11.60338772,0.858885,0.958622,1,0.0357
0,7.04,3.54,0.54,0.23,451,42.0,83.0,d,e/u,d,e/u,"526.60, 250.38","305.31, 750.11",94.0,11.21870049,0.696799,0.796691,1,0.258
0,5.48,2.63,0.65,0.17,536,38.0,65.0,d,e/u,d,e/u,"3572.83, 278.65","1329.62, 782.03",37.0,11.31748321,0.0,0.0981446,0,0.8711
1,5.05,2.23,0.61,0.13,177,33.0,78.0,d,e/u,d,e/u,"58.26, 254.49","1727.25, 213.81",72.0,11.52248231,0.0712232,0.170976,0,0.4783
0,5.77,3.9,0.74,0.33,530,35.0,85.0,d,e/u,d,e/u,"3121.12, 256.79","4294.02, 721.07",38.0,11.52002226,0.901855,1.0,1,0.1959
0,6.66,3.14,0.69,0.31,404,36.0,93.0,d,e/u,d,e/u,"3694.11, 789.08","1500.49, 362.55",49.0,11.30104751,0.116908,0.216676,0,0.0432
1,5.9,3.15,0.65,0.23,135,96.0,30.0,d,e/u,d,e/u,"519.91, 196.00","1371.80, 217.54",95.0,12.28256613,0.0,0.0981446,0,0.4288
1,6.29,2.76,0.79,0.16,337,65.0,57.0,d,e/u,d,e/u,"296.82, 143.14","4281.79, 292.47",31.0,11.52559094,0.0,0.0981446,0,0.1062
0,6.67,2.59,0.76,0.18,289,58.0,76.0,d,e/u,d,e/u,"1913.61, 326.97","825.52, 691.49",69.0,11.40121402,0.0,0.0981446,0,0.0
1,7.07,3.85,0.61,0.32,139,32.0,55.0,d,e/u,d,e/u,"352.49, 184.13","1003.85, 774.62",95.0,11.40491788,0.0,0.0981446,0,0.4366
0,5.48,4.39,0.61,0.26,169,89.0,54.0,d,e/u,d,e/u,"331.56, 160.89","2208.45, 330.22",71.0,11.35344167,0.0,0.0981446,0,0.0161
1,5.86,3.32,0.61,0.16,145,54.0,23.0,d,e/u,d,e/u,"574.86, 194.62","4331.73, 745.12",72.0,12.01882806,0.0,0.0981446,0,0.0317
3,6.13,4.27,0.73,0.26,152,86.0,67.0,d,e/u,d,e/u,"451.52, 188.38","2802.74, 198.55",91.0,11.56638554,0.473541,0.573489,1,0.0582
1,6.42,3.7,0.53,0.38,1,83.0,32.0,d,e/u,d,e/u,"110.69, 488.87","519.32, 262.95",83.0,11.26245197,0.0,0.0981446,0,0.2554
0,7.00781474,2.827169072,0.6197504569,0.110899464,329,37.66176195,52.59869204,d,e/u,d,e/u,"4178.60, 693.29","70.28, 534.16",70.99928002,11.5588442,0.0,0.0981446,0,0.0627
4,6.82,3.14,0.74,0.26,120,82.0,36.0,d,e/u,d,e/u,"1672.79, 167.53","2955.58, 200.16",72.0,11.51348937,0.901855,1.0,1,0.0164
0,5.89,3.2,0.5,0.18,199,65.0,68.0,d,e/u,d,e/u,"3059.04, 338.15","2547.95, 572.69",70.0,11.11414929,0.0,0.0981446,0,0.0
1,6.25,4.12,0.56,0.18,310,94.0,24.0,d,e/u,d,e/u,"363.25, 161.10","2742.97, 198.59",55.0,12.15362665,0.0,0.0981446,0,0.0416
1,5.59,2.6,0.56,0.26,125,59.0,92.0,d,e/u,d,e/u,"355.63, 173.80","2432.66, 613.06",85.0,12.30137698,0.0,0.0981446,0,0.6082
0,7.23,4.03,0.67,0.2,337,49.0,30.0,d,e/u,d,e/u,"3009.75, 615.60","947.86, 795.78",85.0,11.5848947,0.0,0.0981446,0,0.0
0,5.82,3.94,0.54,0.31,545,77.0,78.0,d,e/u,d,e/u,"1808.47, 343.50","2436.27, 221.71",99.0,12.28424881,0.265975,0.365772,0,0.0114
0,5.15,4.13,0.79,0.11,331,51.0,52.0,d,e/u,d,e/u,"367.53, 177.39","2229.06, 294.91",54.0,12.26842183,0.695282,0.795047,1,0.023
2,7.23,4.3,0.66,0.24,335,61.0,46.0,d,e/u,d,e/u,"110.16, 339.59","2014.25, 180.30",98.0,12.03738652,0.704993,0.80481,1,0.0465
0,5.89,3.2,0.5,0.18,599,65.0,68.0,d,e/u,d,e/u,"3059.04, 338.15","2547.95, 572.69",70.0,11.17753847,0.0,0.0981446,0,0.0
0,6.29,2.76,0.79,0.16,168,65.0,57.0,d,e/u,d,e/u,"324.16, 162.08","4338.47, 298.47",31.0,11.47591368,0.0,0.0981446,0,0.005
0,5.59,4.24,0.51,0.32,112,75.0,87.0,d,e/u,d,e/u,"339.56, 166.71","1597.98, 306.47",53.0,11.3332773,0.0,0.0981446,0,0.7062
0,6.34,3.28,0.75,0.26,170,83.0,94.0,d,e/u,d,e/u,"3035.95, 476.62","3222.69, 767.67",72.0,11.84423621,0.0,0.0981446,0,0.0
0,7.41,3.84,0.78,0.14,518,86.0,72.0,d,e/u,d,e/u,"3669.82, 251.12","3541.71, 676.44",42.0,11.68937762,0.0800269,0.179748,0,0.0244
0,6.39,3.21,0.61,0.27,363,90.0,78.0,d,e/u,d,e/u,"1975.07, 415.23","4004.57, 246.63",75.0,11.74625508,0.0,0.0981446,0,0.9613
0,5.05,3.72,0.58,0.31,323,83.0,85.0,d,e/u,d,e/u,"2233.51, 464.92","2434.94, 304.36",60.0,12.29929284,0.0,0.0981446,0,0.0852
3,7.47,2.19,0.57,0.25,131,63.0,59.0,d,e/u,d,e/u,"428.36, 173.65","2920.11, 196.01",36.0,11.4291731,0.0,0.0981446,0,0.0284
0,6.820342512,3.143227346,0.7445399132,0.2646642517,361,82.79224972,36.45728809,d,e/u,d,e/u,"4060.60, 216.13","2338.88, 323.46",72.93723236,11.585807,0.901085,0.999531,1,0.045
0,5.909336011,3.657648996,0.7212683416,0.163330368,370,81.54040543,83.2171876,d,e/u,d,e/u,"852.89, 736.36","4377.75, 457.08",79.64097876,11.83702476,0.000468738,0.0989152,0,0.0339
0,5.26,3.23,0.66,0.38,414,57.0,95.0,d,e/u,d,e/u,"3522.42, 761.63","2418.01, 668.18",50.0,12.32254217,0.901855,1.0,1,0.0576
3,5.77,3.9,0.74,0.33,353,35.0,85.0,d,e/u,d,e/u,"807.06, 186.55","2842.21, 194.08",38.0,11.46636967,0.901855,1.0,1,0.1114
0,7.441103421,2.176920615,0.5282554198,0.1882419054,362,65.33099619,82.14520056,d,e/u,d,e/u,"2250.17, 407.14","2381.88, 335.87",68.64537716,12.30375335,0.0,0.0981446,0,0.0
0,6.75,3.75,0.62,0.36,365,45.0,60.0,d,e/u,d,e/u,"1535.08, 500.33","2499.70, 526.28",83.0,12.24060789,0.901855,1.0,1,0.0523
0,6.34,3.61,0.73,0.27,126,95.0,38.0,d,e/u,d,e/u,"2184.49, 263.17","70.15, 332.47",30.0,11.39983978,0.0,0.0981446,0,0.0
1,5.94,4.09,0.55,0.34,1,95.0,73.0,d,e/u,d,e/u,"378.77, 163.12","1329.85, 255.25",44.0,11.26621843,0.0,0.0981446,0,0.2634
0,5.44,2.15,0.74,0.24,133,96.0,52.0,d,e/u,d,e/u,"394.74, 767.75","1983.40, 299.33",68.0,11.79395431,0.0,0.0981446,0,0.0
2,6.25,4.12,0.56,0.18,155,94.0,41.0,d,e/u,d,e/u,"363.25, 161.10","2837.83, 199.40",55.0,12.10804148,0.091354,0.191234,0,0.0222
0,6.252903171,2.449610385,0.6397975668,0.1692762312,356,91.33779917,31.76570817,d,e/u,d,e/u,"751.28, 209.26","618.66, 271.69",45.72354762,12.23051395,0.0,0.0981446,0,0.0366
0,6.21,3.36,0.62,0.2,334,51.0,64.0,d,e/u,d,e/u,"1451.39, 625.46","1632.24, 272.26",78.0,11.60867361,0.901855,1.0,1,0.0367
0,6.02,3.84,0.54,0.18,363,32.0,59.0,d,e/u,d,e/u,"349.05, 171.56","77.26, 630.90",56.0,11.51779531,0.12655,0.226358,0,0.0194
0,5.27,3.48,0.77,0.2,475,47.0,42.0,d,e/u,d,e/u,"2044.89, 611.18","4048.10, 687.35",45.0,11.29913046,0.0,0.0981446,0,0.0348
1,7.07,3.85,0.61,0.32,279,32.0,55.0,d,e/u,d,e/u,"188.14, 181.53","1003.85, 774.62",95.0,11.44581712,0.0712232,0.170976,0,0.7444
0,5.318901744,2.643982491,0.6058907811,0.3594927216,691,56.63762947,99.24970389,d,e/u,d,e/u,"1466.40, 709.97","2587.67, 305.43",43.64962802,11.74914463,0.0,0.0981446,0,0.1653
0,6.02,3.84,0.54,0.18,363,32.0,59.0,d,e/u,d,e/u,"348.33, 172.92","77.26, 630.90",56.0,11.51779995,0.162143,0.261884,0,0.0059
0,7.23,4.03,0.67,0.2,505,49.0,30.0,d,e/u,d,e/u,"3009.75, 615.60","947.86, 795.78",85.0,11.63553134,0.0,0.0981446,0,0.0
3,5.09,2.8,0.68,0.15,230,64.0,37.0,d,e/u,d,e/u,"422.56, 172.27","2921.78, 199.89",43.0,11.32692614,0.3635,0.463474,0,0.0065
0,5.91,3.66,0.72,0.16,123,81.0,83.0,d,e/u,d,e/u,"267.30, 157.62","4377.75, 457.08",79.0,11.76288775,0.0,0.0981446,0,0.0
0,6.7,3.12,0.73,0.3,403,39.0,40.0,d,e/u,d,e/u,"2016.60, 417.93","1559.79, 221.11",80.0,12.28209271,0.0,0.0981446,0,0.0
4,6.63,2.32,0.64,0.35,402,56.0,73.0,d,e/u,d,e/u,"2905.42, 197.49","2796.19, 196.66",84.0,11.19686407,0.901855,1.0,1,0.2
0,7.05,2.13,0.64,0.29,466,98.0,67.0,d,e/u,d,e/u,"3922.46, 260.71","1380.68, 415.80",82.0,11.65040445,0.82627,0.925892,1,0.1421
1,6.42,3.7,0.53,0.38,195,83.0,32.0,d,e/u,d,e/u,"110.69, 488.87","519.32, 262.95",83.0,11.19888945,0.897759,0.996418,1,0.2715
5,5.18,3.3,0.77,0.21,1,64.0,79.0,d,e/u,d,e/u,"2956.94, 197.36","2886.28, 195.34",83.0,11.80248048,1.0,1.0,1,0.0
5,6.01,3.44,0.77,0.24,183,46.0,80.0,d,e/u,d,e/u,"2674.31, 178.26","2900.51, 194.35",40.0,11.68119515,1.0,1.0,1,0.0
0,5.54,3.88,0.66,0.11,315,72.0,54.0,d,e/u,d,e/u,"833.55, 205.47","2652.23, 681.42",92.0,11.4225277,0.000468738,0.0989152,0,0.7654
0,6.25,2.45,0.64,0.17,119,91.0,31.0,d,e/u,d,e/u,"310.72, 131.25","618.66, 271.69",45.0,12.15939537,0.0,0.0981446,0,0.0291
0,6.26,2.38,0.77,0.39,470,72.0,59.0,d,e/u,d,e/u,"1732.13, 371.80","322.29, 266.87",92.0,12.27882619,0.0,0.0981446,0,0.8275
2,6.8,2.67,0.67,0.24,363,54.0,89.0,d,e/u,d,e/u,"802.74, 186.42","1706.24, 205.83",80.0,11.42147295,0.564342,0.664224,1,0.0906
5,5.27,3.72,0.59,0.39,146,82.0,50.0,d,e/u,d,e/u,"2714.13, 193.59","2872.31, 200.81",86.0,11.96877681,1.0,1.0,1,0.0
4,6.96,2.91,0.59,0.16,1,80.0,78.0,d,e/u,d,e/u,"1114.93, 151.18","2876.81, 194.16",33.0,11.36610405,0.0,0.0981446,0,0.9348
0,5.05,3.72,0.58,0.31,107,83.0,85.0,d,e/u,d,e/u,"359.71, 164.64","2434.94, 304.36",60.0,12.23421214,0.0,0.0981446,0,0.0191
5,7.05,2.13,0.64,0.29,1,98.0,67.0,d,e/u,d,e/u,"2804.38, 195.12","2814.54, 198.06",82.0,11.51358669,1.0,1.0,1,0.0
0,5.32,2.64,0.61,0.36,690,56.0,99.0,d,e/u,d,e/u,"1466.40, 709.97","2587.67, 305.43",43.0,11.74909577,0.0,0.0981446,0,0.2511
5,7.04,3.54,0.54,0.23,151,42.0,83.0,d,e/u,d,e/u,"2916.74, 195.14","2915.39, 194.48",94.0,11.12910421,1.0,1.0,1,0.0
3,5.18,3.3,0.77,0.21,285,64.0,79.0,d,e/u,d,e/u,"489.61, 175.89","2886.28, 195.34",83.0,11.88476793,0.491056,0.591033,1,0.3482
0,6.12,4.05,0.67,0.23,466,47.0,47.0,d,e/u,d,e/u,"2679.60, 262.09","3458.65, 749.55",51.0,11.22602074,0.0169465,0.116203,0,0.0524
0,6.38,3.71,0.51,0.3,103,99.0,36.0,d,e/u,d,e/u,"264.10, 117.87","352.97, 220.62",72.0,11.94005349,0.0,0.0981446,0,0.0157
0,6.7,3.12,0.73,0.3,269,39.0,40.0,d,e/u,d,e/u,"2016.60, 417.93","1559.79, 221.11",80.0,12.24113523,0.0,0.0981446,0,0.0
0,6.09,2.93,0.69,0.2,1,72.0,35.0,d,e/u,d,e/u,"300.46, 150.23","2405.18, 406.77",34.0,12.01123414,0.0,0.0981446,0,0.1091
0,6.25,2.45,0.64,0.17,1,91.0,31.0,d,e/u,d,e/u,"310.72, 131.25","618.66, 271.69",45.0,12.12545599,0.0,0.0981446,0,0.022
4,5.05,3.94,0.65,0.34,92,64.0,53.0,d,e/u,d,e/u,"2364.23, 185.38","2862.26, 197.30",91.0,11.49926802,0.901085,0.999531,1,0.0767
5,6.87,3.35,0.59,0.3,1,59.0,59.0,d,e/u,d,e/u,"2711.96, 188.14","2876.20, 198.24",76.0,12.15095425,1.0,1.0,1,0.0
0,7.07,3.85,0.61,0.32,139,32.0,55.0,d,e/u,d,e/u,"354.90, 177.76","1003.85, 774.62",95.0,11.40492475,0.0,0.0981446,0,0.7507
3,5.43,2.85,0.5,0.33,85,31.0,75.0,d,e/u,d,e/u,"339.72, 186.57","2877.66, 195.43",46.0,11.43021253,0.0,0.0981446,0,0.0235
0,5.83,4.26,0.51,0.33,636,61.0,49.0,d,e/u,d,e/u,"107.37, 392.88","2588.26, 228.29",36.0,11.60908687,0.901855,1.0,1,0.0202
0,6.42,2.15,0.71,0.12,433,51.0,83.0,d,e/u,d,e/u,"1976.28, 407.90","2528.11, 229.78",59.0,12.14154882,0.0,0.0981446,0,0.0
0,6.25,4.12,0.56,0.18,465,94.0,41.0,d,e/u,d,e/u,"1803.78, 378.72","2999.74, 645.48",55.0,12.20063445,0.389862,0.489839,0,0.0237
0,5.48,2.63,0.65,0.17,357,38.0,65.0,d,e/u,d,e/u,"1405.24, 166.13","1329.62, 782.03",37.0,11.26322504,0.0,0.0981446,0,0.918
0,7.12,3.59,0.53,0.11,431,38.0,79.0,d,e/u,d,e/u,"3754.34, 789.02","176.55, 363.53",76.0,11.15689104,0.0,0.0981446,0,0.7775
0,7.29,2.83,0.65,0.32,1,58.0,79.0,d,e/u,d,e/u,"335.55, 167.14","4434.23, 442.63",78.0,11.72309303,0.0,0.0981446,0,0.009
4,5.45,3.84,0.55,0.15,463,51.0,55.0,d,e/u,d,e/u,"1178.60, 170.76","2937.77, 196.40",38.0,11.18435369,0.901855,1.0,1,0.0831
5,5.03,2.14,0.74,0.25,428,43.0,56.0,d,e/u,d,e/u,"2787.17, 195.69","2861.44, 198.20",66.0,11.87174274,1.0,1.0,1,0.0
5,6.75,3.75,0.62,0.36,121,45.0,60.0,d,e/u,d,e/u,"2928.54, 196.32","2874.06, 201.93",83.0,12.16711466,1.0,1.0,1,0.0
0,6.75,3.75,0.62,0.36,365,45.0,60.0,d,e/u,d,e/u,"1535.08, 500.33","2499.70, 526.28",83.0,12.24060789,0.901855,1.0,1,0.0647
0,5.904024782,3.14790308,0.6546399453,0.2265863975,406,96.45239348,30.54255506,d,e/u,d,e/u,"4435.40, 584.89","110.12, 754.44",95.38520697,12.36326458,0.0,0.0981446,0,0.1003
4,5.64,4.07,0.54,0.17,85,34.0,57.0,d,e/u,d,e/u,"500.00, 200.00","2870.51, 201.68",83.0,12.34537326,0.0,0.0981446,0,0.9339
5,5.17,4.01,0.52,0.36,162,34.0,21.0,d,e/u,d,e/u,"2957.69, 197.54","2909.61, 200.41",40.0,12.02626005,1.0,1.0,1,0.0
0,5.91,4.21,0.71,0.13,220,38.0,97.0,d,e/u,d,e/u,"2701.90, 163.62","1449.88, 242.42",60.0,11.11011799,0.0,0.0981446,0,0.5672
5,7.04,3.54,0.54,0.23,1,42.0,83.0,d,e/u,d,e/u,"2916.74, 195.14","2915.39, 194.48",94.0,11.08599529,1.0,1.0,1,0.0
0,7.47,2.19,0.57,0.25,395,63.0,59.0,d,e/u,d,e/u,"3537.60, 727.65","3282.57, 257.79",36.0,11.5080543,0.111822,0.211461,0,0.0482
1,5.94,4.09,0.55,0.34,206,95.0,73.0,d,e/u,d,e/u,"378.77, 163.12","1329.85, 255.25",44.0,11.32375454,0.0257282,0.125623,0,0.4366
1,6.04,3.97,0.69,0.29,276,39.0,66.0,d,e/u,d,e/u,"827.68, 186.19","1954.39, 204.20",61.0,11.95361963,0.587016,0.686912,1,0.0135
0,6.936613633,2.458728956,0.6410727249,0.2013826597,629,45.97407557,83.79477872,d,e/u,d,e/u,"2775.41, 236.20","2190.72, 647.18",76.95303522,11.23039996,0.0,0.0981446,0,0.0
0,6.09,2.93,0.69,0.2,1,72.0,35.0,d,e/u,d,e/u,"364.86, 182.43","2405.18, 406.77",34.0,12.01125044,0.0,0.0981446,0,0.0
5,5.18,3.3,0.77,0.21,1,64.0,79.0,d,e/u,d,e/u,"2462.68, 187.56","2886.28, 195.34",83.0,11.80246054,1.0,1.0,1,0.0
5,6.01,3.44,0.77,0.24,1,46.0,80.0,d,e/u,d,e/u,"2692.30, 177.57","2868.00, 193.51",40.0,11.62967107,1.0,1.0,1,0.0
1,6.38,3.71,0.51,0.3,206,59.0,21.0,d,e/u,d,e/u,"606.85, 192.98","766.89, 212.47",72.0,11.97090904,0.0,0.0981446,0,0.0144
0,7.16504967,3.623278396,0.7093333926,0.1604059625,333,69.43379188,60.29201027,d,e/u,d,e/u,"2299.52, 471.19","1596.10, 315.44",33.54747828,12.22579698,0.0,0.0981446,0,0.1051
0,5.09,3.09,0.73,0.33,1,99.0,48.0,d,e/u,d,e/u,"397.69, 160.02","4010.89, 767.06",42.0,11.15984039,0.0,0.0981446,0,0.0
0,7.38,2.75,0.59,0.3,375,65.0,74.0,d,e/u,d,e/u,"3681.29, 733.16","755.82, 276.56",41.0,11.31854472,0.247697,0.347638,0,0.0405
1,6.12,4.05,0.67,0.23,311,47.0,47.0,d,e/u,d,e/u,"785.76, 188.18","2076.39, 195.50",51.0,11.17900699,0.123934,0.223566,0,0.4064
0,5.943471505,4.093672556,0.5509605533,0.3385083947,617,95.18748724,73.18213043,d,e/u,d,e/u,"1225.98, 208.77","1403.17, 341.99",44.61729112,11.44536108,0.459921,0.559832,1,0.0728
5,6.0,2.49,0.69,0.29,196,39.0,36.0,d,e/u,d,e/u,"2933.40, 196.73","2937.64, 203.55",66.0,11.09389068,1.0,1.0,1,0.0
0,5.64,4.07,0.54,0.17,257,34.0,57.0,d,e/u,d,e/u,"387.72, 259.61","2926.68, 408.94",83.0,12.39720755,0.0,0.0981446,0,0.6346
3,5.71,4.34,0.66,0.26,98,48.0,67.0,d,e/u,d,e/u,"481.36, 181.43","2932.82, 195.54",42.0,12.31121293,0.0,0.0981446,0,0.0254
0,6.700004551,3.124997996,0.7339788995,0.2976550407,404,39.78713543,40.33757967,d,e/u,d,e/u,"2016.60, 417.93","1559.79, 221.11",80.69614811,12.28212019,0.0,0.0981446,0,0.0
2,6.96,2.91,0.59,0.16,191,80.0,78.0,d,e/u,d,e/u,"267.51, 129.78","1400.00, 200.00",33.0,11.41982842,0.0,0.0981446,0,0.0403
5,6.87,3.35,0.59,0.3,1,59.0,59.0,d,e/u,d,e/u,"2770.91, 190.56","2876.20, 198.24",76.0,12.15097308,1.0,1.0,1,0.0
0,6.84,4.09,0.55,0.4,499,82.0,90.0,d,e/u,d,e/u,"2395.67, 515.35","2973.66, 264.56",92.0,11.67045035,0.447566,0.547495,0,0.0372
0,5.86,3.32,0.61,0.16,290,54.0,38.0,d,e/u,d,e/u,"1671.40, 165.13","4445.72, 743.68",72.0,12.06146909,0.0,0.0981446,0,0.6704
0,6.23,3.65,0.64,0.17,329,38.0,98.0,d,e/u,d,e/u,"1427.61, 714.67","1495.42, 387.52",33.0,12.138974,0.0,0.0981446,0,0.0911
0,6.120005538,4.047460215,0.6726328575,0.2318341259,467,47.61777405,47.50763006,d,e/u,d,e/u,"2679.60, 262.09","3458.65, 749.55",51.50176905,11.22605433,0.0551815,0.154589,0,0.106
5,6.21,3.36,0.62,0.2,1,51.0,64.0,d,e/u,d,e/u,"2763.00, 194.76","2857.59, 200.51",78.0,11.50953078,1.0,1.0,1,0.0
0,5.65,3.24,0.71,0.27,298,86.0,80.0,d,e/u,d,e/u,"2244.03, 465.03","4200.11, 792.34",85.0,11.69090956,0.000468738,0.0989152,0,0.2498
0,7.47,2.19,0.57,0.25,395,63.0,59.0,d,e/u,d,e/u,"3537.60, 727.65","3282.57, 257.79",36.0,11.5080543,0.176811,0.276565,0,0.0524
0,6.94,2.46,0.64,0.2,628,45.0,83.0,d,e/u,d,e/u,"2775.41, 236.20","2190.72, 647.18",76.0,11.23035416,0.0,0.0981446,0,0.0
4,7.04,3.54,0.54,0.23,301,42.0,83.0,d,e/u,d,e/u,"500.00, 200.00","2882.39, 194.49",94.0,11.17290956,0.901855,1.0,1,0.4085
0,7.27,3.92,0.51,0.36,502,75.0,93.0,d,e/u,d,e/u,"3400.55, 234.86","1633.80, 357.55",52.0,12.35844417,0.901855,1.0,1,0.3569
0,7.42,2.81,0.72,0.16,1,78.0,76.0,d,e/u,d,e/u,"314.92, 157.46","2292.61, 482.03",42.0,11.24992863,0.0,0.0981446,0,0.2878
3,6.12,4.05,0.67,0.23,1,47.0,28.0,d,e/u,d,e/u,"785.76, 188.18","2890.40, 199.96",51.0,11.10349187,0.0,0.0981446,0,0.0044
3,6.75,3.75,0.62,0.36,243,45.0,60.0,d,e/u,d,e/u,"426.18, 181.46","2874.06, 201.93",83.0,12.20329069,0.901855,1.0,1,0.0154
0,7.23,4.03,0.67,0.2,169,49.0,30.0,d,e/u,d,e/u,"3009.75, 615.60","947.86, 795.78",85.0,11.53522143,0.0,0.0981446,0,0.0
0,5.09,2.8,0.68,0.15,230,64.0,37.0,d,e/u,d,e/u,"285.86, 142.93","3028.90, 755.84",43.0,11.32693533,0.0,0.0981446,0,0.0121
0,6.13,4.36,0.74,0.24,498,36.0,56.0,d,e/u,d,e/u,"4261.88, 758.20","3785.30, 270.22",89.0,11.16926877,0.0,0.0981446,0,0.6171
0,6.669095695,2.900994004,0.7298377939,0.1388972273,607,54.70464132,43.33603363,d,e/u,d,e/u,"179.28, 621.78","2626.14, 228.42",39.35002897,11.16023526,0.0,0.0981446,0,0.0
0,7.23,4.03,0.67,0.2,505,49.0,30.0,d,e/u,d,e/u,"3009.75, 615.60","947.86, 795.78",85.0,11.63553134,0.0,0.0981446,0,0.0
3,5.43,3.21,0.56,0.27,401,97.0,65.0,d,e/u,d,e/u,"393.08, 160.03","2878.52, 194.36",47.0,12.11337733,0.149088,0.248781,0,0.3285
4,5.27,3.72,0.59,0.39,293,82.0,50.0,d,e/u,d,e/u,"1206.57, 170.56","2872.19, 201.04",86.0,12.01203157,0.901855,1.0,1,0.1285
0,5.89,3.2,0.5,0.18,399,65.0,68.0,d,e/u,d,e/u,"3059.04, 338.15","2547.95, 572.69",70.0,11.11726186,0.0,0.0981446,0,0.0
0,6.04,3.97,0.69,0.29,276,39.0,66.0,d,e/u,d,e/u,"1149.51, 176.37","3147.96, 466.79",61.0,11.95360579,0.0968312,0.196807,0,0.0119
0,7.29,3.03,0.75,0.36,325,64.0,74.0,d,e/u,d,e/u,"210.64, 762.82","1730.07, 368.56",52.0,12.21714691,0.0,0.0981446,0,0.0
0,5.09,2.8,0.68,0.15,692,64.0,37.0,d,e/u,d,e/u,"3018.71, 490.02","3028.90, 755.84",43.0,11.46313892,0.197582,0.297564,0,0.0267
0,5.477350438,4.39025495,0.6115713486,0.2595949594,510,89.38602648,54.40205586,d,e/u,d,e/u,"1880.70, 368.90","2208.45, 330.22",71.45560139,11.45496294,0.0,0.0981446,0,0.0562
0,6.02,3.84,0.54,0.18,181,32.0,59.0,d,e/u,d,e/u,"347.83, 173.90","77.26, 630.90",56.0,11.46465402,0.0,0.0981446,0,0.0124
5,5.17,4.01,0.52,0.36,1,34.0,21.0,d,e/u,d,e/u,"2957.69, 197.54","2895.71, 200.36",40.0,11.98035004,1.0,1.0,1,0.0
3,5.77,3.9,0.74,0.33,353,35.0,51.0,d,e/u,d,e/u,"716.10, 190.96","2910.19, 194.33",38.0,11.46637082,0.901855,1.0,1,0.0652
0,7.436063689,2.483989062,0.7057949911,0.1341476736,251,51.04320362,98.38220284,d,e/u,d,e/u,"3052.09, 573.87","3108.03, 421.63",58.17177583,11.83098282,0.0,0.0981446,0,0.9688
0,5.91,4.21,0.71,0.13,660,38.0,97.0,d,e/u,d,e/u,"4329.73, 386.37","1449.88, 242.42",60.0,11.19472359,0.0,0.0981446,0,0.7308
1,5.41,3.39,0.67,0.11,183,32.0,30.0,d,e/u,d,e/u,"817.12, 209.57","2641.97, 178.40",60.0,11.24178579,0.0,0.0981446,0,0.4404
3,5.94,4.09,0.55,0.34,411,95.0,73.0,d,e/u,d,e/u,"416.85, 169.32","2906.42, 194.69",44.0,11.3832099,0.510161,0.610138,1,0.125
0,5.89,3.2,0.5,0.18,599,65.0,68.0,d,e/u,d,e/u,"3059.04, 338.15","2547.95, 572.69",70.0,11.17753847,0.0,0.0981446,0,0.0
0,5.71,4.34,0.66,0.26,196,48.0,67.0,d,e/u,d,e/u,"813.97, 185.77","3635.85, 690.65",42.0,12.34028161,0.0,0.0981446,0,0.0348
2,5.05,3.94,0.65,0.34,183,64.0,53.0,d,e/u,d,e/u,"447.18, 199.28","2067.41, 181.69",91.0,11.52655709,0.901855,1.0,1,0.0118
0,7.28,2.42,0.76,0.36,350,79.0,46.0,d,e/u,d,e/u,"2970.74, 312.58","403.78, 753.84",46.0,11.10487694,0.0,0.0981446,0,0.0
4,5.45,3.84,0.55,0.15,463,51.0,55.0,d,e/u,d,e/u,"604.20, 168.72","2937.77, 196.40",38.0,11.18434825,0.901855,1.0,1,0.1027
4,5.27,3.72,0.59,0.39,293,82.0,50.0,d,e/u,d,e/u,"1107.67, 175.16","2852.19, 201.21",86.0,12.01203747,0.901855,1.0,1,0.1263
4,7.04,3.54,0.54,0.23,301,42.0,83.0,d,e/u,d,e/u,"811.39, 239.46","2832.20, 200.38",94.0,11.17289756,0.901855,1.0,1,0.564
0,6.36,3.68,0.5,0.15,273,42.0,98.0,d,e/u,d,e/u,"4377.50, 337.95","2412.61, 597.02",70.0,11.80190255,0.0,0.0981446,0,0.8596
3,6.12,4.05,0.67,0.23,1,47.0,47.0,d,e/u,d,e/u,"693.80, 191.03","2901.64, 199.60",51.0,11.08921244,0.0,0.0981446,0,0.026
0,7.01,4.45,0.66,0.36,165,76.0,75.0,d,e/u,d,e/u,"801.43, 728.17","364.20, 741.87",35.0,11.66748126,0.0,0.0981446,0,0.0
0,6.12,4.05,0.67,0.23,466,47.0,47.0,d,e/u,d,e/u,"2679.60, 262.09","3458.65, 749.55",51.0,11.22602074,0.0337242,0.133311,0,0.0967
1,5.9,3.15,0.65,0.23,270,96.0,18.0,d,e/u,d,e/u,"519.91, 196.00","1142.11, 759.64",95.0,12.32228789,0.0,0.0981446,0,0.8345
0,5.09,2.8,0.68,0.15,692,64.0,37.0,d,e/u,d,e/u,"3018.71, 490.02","3028.90, 755.84",43.0,11.46313892,0.181252,0.28116,0,0.0258
0,5.65,3.24,0.71,0.27,199,86.0,80.0,d,e/u,d,e/u,"327.00, 161.77","4200.11, 792.34",85.0,11.66090222,0.0450759,0.144939,0,0.0816
0,6.0,2.49,0.69,0.29,588,39.0,36.0,d,e/u,d,e/u,"3689.38, 746.45","1523.76, 782.97",66.0,11.21015176,0.901855,1.0,1,0.1876
3,5.43,3.21,0.56,0.27,201,97.0,65.0,d,e/u,d,e/u,"283.37, 226.93","2878.52, 194.36",47.0,12.05501105,0.0994751,0.199453,0,0.2864
0,6.04,3.97,0.69,0.29,414,39.0,66.0,d,e/u,d,e/u,"3123.19, 226.18","3147.96, 466.79",61.0,11.99578242,0.515237,0.615088,1,0.0301
2,7.3,4.14,0.74,0.19,193,87.0,82.0,d,e/u,d,e/u,"289.42, 161.29","2864.51, 194.29",50.0,11.44156637,0.256978,0.356878,0,0.0098
0,6.67,2.59,0.76,0.18,144,58.0,76.0,d,e/u,d,e/u,"1913.61, 326.97","825.52, 691.49",69.0,11.35857097,0.0,0.0981446,0,0.0
0,6.66,3.14,0.69,0.31,404,36.0,93.0,d,e/u,d,e/u,"3694.11, 789.08","1500.49, 362.55",49.0,11.30104751,0.0994751,0.199453,0,0.0354
0,5.04981153,2.231425853,0.6109599698,0.1269397776,266,33.05541893,78.53533449,d,e/u,d,e/u,"58.26, 254.49","1961.04, 223.67",72.04101637,11.5494686,0.339927,0.43987,0,0.2079
0,6.75,3.75,0.62,0.36,365,45.0,60.0,d,e/u,d,e/u,"1535.08, 500.33","2499.70, 526.28",83.0,12.24060789,0.901855,1.0,1,0.063
2,6.0,2.49,0.69,0.29,392,39.0,36.0,d,e/u,d,e/u,"715.28, 189.11","2188.85, 246.16",66.0,11.15107617,0.901855,1.0,1,0.6794
0,5.27,3.48,0.77,0.2,159,47.0,42.0,d,e/u,d,e/u,"329.45, 163.80","4048.10, 687.35",45.0,11.20476706,0.0,0.0981446,0,0.0032
4,7.04,3.54,0.54,0.23,301,42.0,83.0,d,e/u,d,e/u,"500.00, 200.00","2915.39, 194.48",94.0,11.17291899,0.901855,1.0,1,0.3781
0,6.81,2.96,0.6,0.22,395,35.0,73.0,d,e/u,d,e/u,"2823.94, 340.35","190.55, 268.99",36.0,11.98790654,0.0,0.0981446,0,0.0
3,5.94,4.09,0.55,0.34,411,95.0,73.0,d,e/u,d,e/u,"381.64, 155.02","2906.42, 194.69",44.0,11.38323759,0.512699,0.612614,1,0.0805
0,5.41,3.39,0.67,0.11,274,32.0,30.0,d,e/u,d,e/u,"1549.93, 226.38","3014.82, 769.25",60.0,11.26935267,0.0,0.0981446,0,0.2436
0,5.32,2.64,0.61,0.36,460,56.0,99.0,d,e/u,d,e/u,"324.43, 173.64","2587.67, 305.43",43.0,11.67981142,0.858885,0.958622,1,0.0311
0,5.09,3.09,0.73,0.33,211,99.0,48.0,d,e/u,d,e/u,"3092.65, 564.46","4010.89, 767.06",42.0,11.22180194,0.0,0.0981446,0,0.4355
1,5.59,2.6,0.56,0.26,125,59.0,92.0,d,e/u,d,e/u,"378.98, 174.24","2432.66, 613.06",85.0,12.30137526,0.0,0.0981446,0,0.6102
2,6.0,2.49,0.69,0.29,392,39.0,36.0,d,e/u,d,e/u,"692.64, 190.08","2221.80, 244.28",66.0,11.1510929,0.901855,1.0,1,0.7014
0,6.09,2.93,0.69,0.2,661,72.0,35.0,d,e/u,d,e/u,"3648.55, 292.68","2405.18, 406.77",34.0,12.2023861,0.0586202,0.158269,0,0.2791
0,6.415831946,3.699055831,0.5267928802,0.3787046167,584,83.09573536,32.91093708,d,e/u,d,e/u,"110.69, 488.87","519.32, 262.95",83.57813217,11.10896279,0.0,0.0981446,0,0.0
0,6.34,3.28,0.75,0.26,170,83.0,94.0,d,e/u,d,e/u,"3035.95, 476.62","3222.69, 767.67",72.0,11.84424435,0.0,0.0981446,0,0.0
0,7.44,2.18,0.53,0.19,361,65.0,82.0,d,e/u,d,e/u,"2250.17, 407.14","2381.88, 335.87",68.0,12.30372892,0.0,0.0981446,0,0.0
0,6.7,3.12,0.73,0.3,135,39.0,40.0,d,e/u,d,e/u,"2016.60, 417.93","1559.79, 221.11",80.0,12.20202206,0.0,0.0981446,0,0.0
2,6.13,4.27,0.73,0.26,305,86.0,67.0,d,e/u,d,e/u,"278.17, 163.22","2583.21, 192.59",91.0,11.61137592,0.431441,0.53143,0,0.5877
0,5.05,3.94,0.65,0.34,274,64.0,53.0,d,e/u,d,e/u,"1531.03, 480.75","297.23, 200.72",91.0,11.55411329,0.901855,1.0,1,0.0359
4,5.05,2.23,0.61,0.13,1,33.0,78.0,d,e/u,d,e/u,"4561.95, 81.82","2896.08, 198.18",72.0,11.47055917,0.0,0.0981446,0,0.2988
0,7.12,3.68,0.6,0.23,578,37.0,85.0,d,e/u,d,e/u,"2974.93, 410.44","3634.84, 277.10",61.0,12.36176512,0.0,0.0981446,0,0.0
1,6.12,4.05,0.67,0.23,311,47.0,47.0,d,e/u,d,e/u,"693.80, 191.03","3411.67, 750.93",51.0,11.17900699,0.0,0.0981446,0,0.8333
0,6.34,3.28,0.75,0.26,510,83.0,94.0,d,e/u,d,e/u,"3035.95, 476.62","3222.69, 767.67",72.0,11.94573382,0.0,0.0981446,0,0.0
5,5.05,3.94,0.65,0.34,1,64.0,53.0,d,e/u,d,e/u,"2903.45, 195.18","2881.35, 197.22",91.0,11.47223276,1.0,1.0,1,0.0
2,7.3,4.14,0.74,0.19,193,87.0,82.0,d,e/u,d,e/u,"294.08, 150.42","2864.51, 194.29",50.0,11.44156336,0.218743,0.318568,0,0.0089
0,7.29,3.03,0.75,0.36,325,64.0,74.0,d,e/u,d,e/u,"210.64, 762.82","1730.07, 368.56",52.0,12.21715198,0.0,0.0981446,0,0.0
3,5.17,4.01,0.52,0.36,323,34.0,21.0,d,e/u,d,e/u,"618.66, 195.11","2895.71, 200.36",40.0,12.0736205,0.901855,1.0,1,0.1412
0,7.29,3.03,0.75,0.36,162,64.0,74.0,d,e/u,d,e/u,"210.64, 762.82","1730.07, 368.56",52.0,12.16921658,0.0,0.0981446,0,0.0
0,5.175653568,3.302150545,0.7741291051,0.2077138232,428,64.74944434,79.46015426,d,e/u,d,e/u,"1867.55, 234.08","2356.35, 560.55",83.85787568,11.9281727,0.137973,0.237692,0,0.7893
0,6.23,3.65,0.64,0.17,219,38.0,98.0,d,e/u,d,e/u,"206.72, 194.35","1495.42, 387.52",33.0,12.10531741,0.0,0.0981446,0,0.0378
0,7.01,4.45,0.66,0.36,330,76.0,75.0,d,e/u,d,e/u,"801.43, 728.17","364.20, 741.87",35.0,11.71597905,0.0,0.0981446,0,0.0
0,6.67,2.59,0.76,0.18,289,58.0,76.0,d,e/u,d,e/u,"1913.61, 326.97","825.52, 691.49",69.0,11.40120864,0.0,0.0981446,0,0.0
3,7.27,3.92,0.51,0.36,335,45.0,93.0,d,e/u,d,e/u,"487.53, 171.67","2889.94, 193.49",52.0,12.30781347,0.901855,1.0,1,0.1955
0,5.43,2.85,0.5,0.33,169,18.0,75.0,d,e/u,d,e/u,"148.00, 743.60","1777.71, 414.59",46.0,11.45511668,0.0,0.0981446,0,0.0332
0,5.05,3.72,0.58,0.31,107,83.0,85.0,d,e/u,d,e/u,"359.71, 164.64","2434.94, 304.36",60.0,12.23419655,0.0,0.0981446,0,0.0198
4,7.01,2.83,0.62,0.11,1,22.0,52.0,d,e/u,d,e/u,"1491.47, 163.31","2936.78, 196.30",70.0,11.46146728,0.0,0.0981446,0,0.097
0,7.44,2.18,0.53,0.19,121,65.0,82.0,d,e/u,d,e/u,"2250.17, 407.14","2381.88, 335.87",68.0,12.23142321,0.0,0.0981446,0,0.0
0,6.26,2.38,0.77,0.39,470,72.0,59.0,d,e/u,d,e/u,"1732.13, 371.80","322.29, 266.87",92.0,12.27882619,0.00358196,0.102241,0,0.8039
0,5.59,4.24,0.51,0.32,224,75.0,87.0,d,e/u,d,e/u,"339.56, 166.71","1597.98, 306.47",53.0,11.36650278,0.0,0.0981446,0,0.7062
3,5.43,3.21,0.56,0.27,1,97.0,65.0,d,e/u,d,e/u,"386.67, 164.94","2878.52, 194.36",47.0,11.99915234,0.0,0.0981446,0,0.4881
0,7.29,2.83,0.65,0.32,289,58.0,79.0,d,e/u,d,e/u,"3015.77, 759.21","4434.23, 442.63",78.0,11.80914934,0.0,0.0981446,0,0.0171
0,5.65,3.24,0.71,0.27,199,86.0,80.0,d,e/u,d,e/u,"377.77, 164.14","4200.11, 792.34",85.0,11.66089196,0.000468738,0.0989152,0,0.0191
0,6.81,2.96,0.6,0.22,1,35.0,73.0,d,e/u,d,e/u,"2823.94, 340.35","190.55, 268.99",36.0,11.87538803,0.0,0.0981446,0,0.0
0,5.41,3.39,0.67,0.11,274,32.0,30.0,d,e/u,d,e/u,"1549.93, 226.38","3014.82, 769.25",60.0,11.26935267,0.0,0.0981446,0,0.1328
2,6.8,2.67,0.67,0.24,181,54.0,89.0,d,e/u,d,e/u,"802.74, 186.42","2611.23, 201.75",80.0,11.36833335,0.260921,0.360877,0,0.0871
3,6.87,3.35,0.59,0.3,339,59.0,59.0,d,e/u,d,e/u,"428.01, 174.36","2876.20, 198.24",76.0,12.2488042,0.901855,1.0,1,0.1542
5,7.04,3.54,0.54,0.23,151,42.0,83.0,d,e/u,d,e/u,"2892.42, 197.83","2882.39, 194.49",94.0,11.12908058,1.0,1.0,1,0.0
0,6.25,4.12,0.56,0.18,465,94.0,41.0,d,e/u,d,e/u,"1803.78, 378.72","2999.74, 645.48",55.0,12.20063445,0.428976,0.528945,0,0.0262
0,5.91,4.21,0.71,0.13,220,38.0,97.0,d,e/u,d,e/u,"2739.90, 163.62","1449.88, 242.42",60.0,11.11014675,0.0,0.0981446,0,0.0
0,6.226528024,3.852960763,0.5456510819,0.2120635413,514,42.15977386,96.89363737,d,e/u,d,e/u,"2737.48, 327.36","1231.01, 749.07",67.59883794,11.97731951,0.901855,1.0,1,0.0493
0,6.96,2.91,0.59,0.16,381,80.0,78.0,d,e/u,d,e/u,"843.41, 185.28","1354.43, 361.91",33.0,11.47528924,0.0,0.0981446,0,0.9154
0,5.44,2.15,0.74,0.24,1,96.0,52.0,d,e/u,d,e/u,"394.74, 767.75","1983.40, 299.33",68.0,11.75539159,0.0,0.0981446,0,0.0
4,6.21,3.04,0.68,0.27,229,43.0,77.0,d,e/u,d,e/u,"1261.03, 308.20","2902.54, 199.82",94.0,11.20857187,0.0,0.0981446,0,0.7149
0,5.446872889,3.836962191,0.5478518254,0.1484805581,696,51.05960226,55.87108194,d,e/u,d,e/u,"2285.24, 461.01","1972.20, 631.59",38.34061816,11.25430239,0.230388,0.330255,0,0.0614
5,6.23,3.85,0.55,0.21,171,42.0,96.0,d,e/u,d,e/u,"2949.09, 197.00","2828.56, 193.77",67.0,11.87518292,1.0,1.0,1,0.0
0,5.82,3.94,0.54,0.31,545,77.0,78.0,d,e/u,d,e/u,"1808.47, 343.50","2436.27, 221.71",99.0,12.28424881,0.265975,0.365772,0,0.0101
0,6.377196161,3.712622781,0.5134356351,0.3030923165,310,99.80297858,36.07313565,d,e/u,d,e/u,"4347.14, 534.45","352.97, 220.62",72.11091909,12.00216168,0.0,0.0981446,0,0.0487
5,5.97,3.44,0.76,0.14,231,74.0,63.0,d,e/u,d,e/u,"2727.85, 194.08","2914.33, 199.42",79.0,11.87325701,1.0,1.0,1,0.0
0,6.09,2.93,0.69,0.2,221,72.0,35.0,d,e/u,d,e/u,"300.48, 150.21","2405.18, 406.77",34.0,12.07258916,0.0,0.0981446,0,0.0314
0,5.44,2.15,0.74,0.24,397,96.0,52.0,d,e/u,d,e/u,"394.74, 767.75","1983.40, 299.33",68.0,11.87284347,0.0,0.0981446,0,0.0
0,6.94,2.46,0.64,0.2,210,45.0,83.0,d,e/u,d,e/u,"2775.41, 236.20","2190.72, 647.18",76.0,11.10644821,0.0,0.0981446,0,0.0
0,7.47,2.19,0.57,0.25,395,63.0,59.0,d,e/u,d,e/u,"3537.60, 727.65","3282.57, 257.79",36.0,11.5080543,0.145087,0.245027,0,0.0453
0,5.586590684,4.241236845,0.5076539402,0.323453421,337,75.82445399,87.0858922,d,e/u,d,e/u,"1972.40, 260.47","1597.98, 306.47",53.47003119,11.40080846,0.0,0.0981446,0,0.9846
0,6.55,3.49,0.51,0.38,312,77.0,95.0,d,e/u,d,e/u,"307.02, 136.11","3537.83, 710.51",45.0,12.12664269,0.0,0.0981446,0,0.2387
0,7.28,2.42,0.76,0.36,116,79.0,46.0,d,e/u,d,e/u,"2970.74, 312.58","403.78, 753.84",46.0,11.12666509,0.0,0.0981446,0,0.0
0,6.39,3.21,0.61,0.27,121,90.0,78.0,d,e/u,d,e/u,"245.91, 122.83","4004.57, 246.63",75.0,11.67336019,0.0,0.0981446,0,0.4084
3,7.27,3.92,0.51,0.36,335,45.0,93.0,d,e/u,d,e/u,"458.12, 171.75","2889.94, 193.49",52.0,12.30780563,0.901855,1.0,1,0.1955
0,7.12,3.68,0.6,0.23,385,37.0,85.0,d,e/u,d,e/u,"2974.93, 410.44","3634.84, 277.10",61.0,12.30328685,0.0,0.0981446,0,0.0
4,6.26,2.38,0.77,0.39,313,72.0,59.0,d,e/u,d,e/u,"1464.06, 168.08","2909.87, 195.39",92.0,12.23122198,0.901855,1.0,1,0.8627
5,5.83,4.26,0.51,0.33,212,61.0,49.0,d,e/u,d,e/u,"3005.24, 281.77","2931.67, 196.75",36.0,11.48400739,1.0,1.0,1,0.0
0,6.29,2.76,0.79,0.16,506,65.0,57.0,d,e/u,d,e/u,"3013.23, 370.06","4338.47, 298.47",31.0,11.57682179,0.0,0.0981446,0,0.2468
4,5.94,4.09,0.55,0.34,206,95.0,73.0,d,e/u,d,e/u,"2903.19, 193.58","2906.42, 194.69",44.0,11.32373248,0.901855,1.0,1,0.1005
3,6.84,4.09,0.55,0.4,167,82.0,90.0,d,e/u,d,e/u,"398.01, 159.95","2848.97, 194.29",92.0,11.57132366,0.421586,0.521483,0,0.0022
0,5.89,3.2,0.5,0.18,399,65.0,68.0,d,e/u,d,e/u,"3059.04, 338.15","2547.95, 572.69",70.0,11.11726489,0.0,0.0981446,0,0.0
5,7.05,2.13,0.64,0.29,156,98.0,67.0,d,e/u,d,e/u,"2824.23, 195.53","2895.54, 198.91",82.0,11.55780657,1.0,1.0,1,0.0
0,6.02,3.84,0.54,0.18,545,32.0,59.0,d,e/u,d,e/u,"1810.22, 215.79","77.26, 630.90",56.0,11.57265976,0.313088,0.412984,0,0.0512
1,6.66,3.14,0.69,0.31,269,36.0,93.0,d,e/u,d,e/u,"761.49, 187.50","1500.49, 362.55",49.0,11.26011115,0.445099,0.545024,0,0.5903
0,6.26,2.38,0.77,0.39,470,72.0,59.0,d,e/u,d,e/u,"1732.13, 371.80","322.29, 266.87",92.0,12.27882619,0.0,0.0981446,0,0.8242
0,6.0,2.49,0.69,0.29,588,39.0,36.0,d,e/u,d,e/u,"3689.38, 746.45","1523.76, 782.97",66.0,11.21015176,0.901855,1.0,1,0.1923
0,7.38,2.75,0.59,0.3,250,39.0,74.0,d,e/u,d,e/u,"1814.71, 166.29","755.82, 276.56",41.0,11.28062366,0.0,0.0981446,0,0.0343
0,5.32,2.64,0.61,0.36,230,56.0,99.0,d,e/u,d,e/u,"324.43, 173.64","2587.67, 305.43",43.0,11.61344645,0.0257282,0.125623,0,0.0702
0,6.01,3.44,0.77,0.24,547,46.0,80.0,d,e/u,d,e/u,"102.20, 276.88","100.80, 207.37",40.0,11.78919332,0.901855,1.0,1,0.0247
5,7.05,2.13,0.64,0.29,156,98.0,67.0,d,e/u,d,e/u,"2766.35, 194.56","2864.11, 197.40",82.0,11.55781884,1.0,1.0,1,0.0
3,5.21,4.08,0.71,0.34,188,22.0,39.0,d,e/u,d,e/u,"593.41, 194.87","2983.08, 199.98",93.0,11.58904548,0.0773271,0.177277,0,0.0026
2,5.54,3.88,0.66,0.11,105,72.0,54.0,d,e/u,d,e/u,"393.60, 171.93","2783.49, 202.53",92.0,11.35922791,0.0,0.0981446,0,0.0121
0,6.38,2.79,0.6,0.19,351,86.0,63.0,d,e/u,d,e/u,"1889.35, 340.61","631.28, 692.81",75.0,11.48500788,0.0,0.0981446,0,0.0
0,5.17,4.01,0.52,0.36,484,34.0,35.0,d,e/u,d,e/u,"2243.24, 545.97","2157.96, 672.09",40.0,12.12244509,0.901855,1.0,1,0.1476
0,7.048757729,2.129006479,0.637046487,0.2855790499,467,98.99663376,67.40761188,d,e/u,d,e/u,"3922.46, 260.71","1380.68, 415.80",82.5249439,11.65043804,0.766507,0.866371,1,0.0786
4,7.3,4.14,0.74,0.19,96,87.0,82.0,d,e/u,d,e/u,"1420.81, 162.94","2864.51, 194.29",50.0,11.41248231,0.580966,0.680932,1,0.5182
0,6.38,2.79,0.6,0.19,526,86.0,63.0,d,e/u,d,e/u,"1889.35, 340.61","631.28, 692.81",75.0,11.53805287,0.0,0.0981446,0,0.0
0,6.96,2.91,0.59,0.16,1,80.0,78.0,d,e/u,d,e/u,"266.04, 133.02","1354.43, 361.91",33.0,11.36611201,0.0,0.0981446,0,0.5765
0,7.053636617,2.123266627,0.7448616758,0.328997449,559,75.80858291,35.35162647,d,e/u,d,e/u,"3138.20, 228.91","1217.09, 746.95",32.39636419,12.25223439,0.0,0.0981446,0,0.0
0,5.09,3.09,0.73,0.33,316,99.0,48.0,d,e/u,d,e/u,"3899.40, 774.18","4010.89, 767.06",42.0,11.25363673,0.0,0.0981446,0,0.217
5,6.01,3.44,0.77,0.24,183,46.0,80.0,d,e/u,d,e/u,"2692.30, 177.57","2868.00, 193.51",40.0,11.68120354,1.0,1.0,1,0.0
1,6.04,3.97,0.69,0.29,276,23.0,66.0,d,e/u,d,e/u,"743.76, 188.48","2350.38, 207.19",61.0,11.95364206,0.349758,0.449732,0,0.0189
