PRGS,ORCH_1_Dstop,ORCH_1_Drestart,ORCH_1_Fstop,ORCH_1_Frestart,PSCS__TAU,HUM_1_VEL,HUM_2_VEL,HUM_1_FW,HUM_1_AGE,HUM_1_STA,HUM_2_FW,HUM_2_AGE,HUM_2_STA,HUM_1_POS_X,HUM_1_POS_Y,HUM_2_POS_X,HUM_2_POS_Y,ROB_1_VEL,ROB_1_CHG,SCS,FTG
0.0,6.599348231326369,2.933974055060096,0.5393513396702904,0.3760882890889833,395.0,30.412069698164075,38.24546326730737,0.0,1.0,0.0,1.0,0.0,0.0,2823.94,340.35,190.55,268.99,91.25221596740552,11.98789835,0.333640616695952,0.0008825
4.0,7.283463696153598,3.476004124194606,0.7126927506436264,0.3856590042835612,156.0,91.49570183455526,36.90860253772279,0.0,1.0,2.0,2.0,0.0,0.0,2197.95,183.74,2968.74,199.35,86.4831509366036,12.18505657,0.8796190150000011,0.3278560999999997
0.0,6.682125380040053,2.166443379340494,0.791307580291122,0.388883974267236,289.0,56.13447154564224,31.01270337787914,0.0,0.0,2.0,1.0,1.0,1.0,1913.61,326.97,825.52,691.49,79.18256690166918,11.40120864,0.3344738764733329,0.01909
0.0,5.024746548687754,3.970434238991833,0.7184545593404799,0.3790367895645423,1.0,44.47521420645421,74.00329913546021,1.0,1.0,0.0,2.0,1.0,1.0,335.34,167.56,4434.23,442.63,85.21771196305824,11.72310558,0.4270477173333329,0.004094
0.0,5.008299096139473,4.005694295259694,0.5372987608911589,0.3961386209979187,414.0,57.54418346151451,95.64004618130166,2.0,1.0,0.0,0.0,1.0,1.0,3522.42,761.63,2418.01,668.18,82.52282790508619,12.32254217,0.925055758666668,0.0286814023809523
3.0,5.103957209754587,2.407983480757031,0.7392521873610705,0.3746161909070715,201.0,97.74082215776026,57.45762204522988,1.0,0.0,1.0,1.0,1.0,0.0,394.36,169.53,2869.81,195.09,55.76157901258952,11.13854673,0.5135173726899995,0.0192234999999999
0.0,5.782232631128399,3.558329582131253,0.5072152671421233,0.3780816558790872,269.0,36.24879091330229,43.02501584586601,2.0,0.0,0.0,0.0,0.0,0.0,2016.6,417.93,1559.79,221.11,82.00995749438627,12.24112668,0.5529249040233326,0.0016745166666666
5.0,5.962419517023785,2.816367237039135,0.7159895274842195,0.2191098151952916,171.0,73.32918460297321,48.66214789514536,2.0,1.0,0.0,2.0,1.0,1.0,2949.09,197.0,2828.56,193.77,54.29138308300145,11.87518292,1.0,0.0
0.0,5.00406520967667,2.2861124318935357,0.7784596796790122,0.3355893220259735,435.0,31.821868281130055,30.262846218617465,1.0,0.0,2.0,1.0,1.0,0.0,3599.64,770.47,4445.72,743.68,62.78175207382324,12.105456,0.4624185127128568,0.364188330952381
0.0,6.559030021368977,3.888346485512451,0.7797872533647145,0.2860231007516127,661.0,32.66616357365974,60.54128979925392,1.0,1.0,1.0,1.0,1.0,1.0,3648.55,292.68,2405.18,406.77,78.4453633045039,12.2023861,0.5774655285788886,0.171144344047619
0.0,5.229378780592394,3.3901352770775217,0.504204205734735,0.3674371276077929,509.0,96.11914306998096,54.59767500724482,0.0,1.0,0.0,0.0,0.0,0.0,1880.7,368.9,2208.45,330.22,78.56330744524996,11.45492629,0.7024472987999999,0.0218405333333333
0.0,5.031031969282339,2.124815005161131,0.7953462095658872,0.2625438045643312,431.0,99.08889892723894,46.854104745190654,0.0,0.0,2.0,1.0,0.0,1.0,3754.34,789.02,176.55,363.53,75.97512373578957,11.15689104,0.4599378678714281,0.3087770499999998
0.0,5.204210144955653,2.2745135580314484,0.7867172070944873,0.3821518953042098,230.0,37.112981238294665,33.02035435815413,2.0,0.0,1.0,1.0,0.0,0.0,324.43,173.64,2587.67,305.43,65.30235018457861,11.61344645,0.5594248824999992,0.0338921666666666
5.0,5.850850072648453,2.3821321552418557,0.6404184680812826,0.3090625188007226,1.0,74.52817880290085,59.02283504171623,0.0,1.0,1.0,2.0,1.0,0.0,2711.96,188.14,2876.2,198.24,78.96747466877582,12.15095425,1.0,0.0
0.0,5.001993520730754,2.2858204752455165,0.7932620546181035,0.3843946774180651,121.0,45.3038784273736,30.430481293306386,1.0,1.0,2.0,1.0,0.0,0.0,245.91,122.83,4004.57,246.63,34.44457779359075,11.67338544,0.4475785410233329,0.203905125
0.0,5.014048170311054,3.9925703727650537,0.568830624442053,0.3835136233993834,109.0,51.79904841292947,41.12064385393983,0.0,0.0,0.0,0.0,1.0,2.0,362.71,182.8,1495.42,387.52,55.87106145217144,12.07265469,0.5703964333333328,0.0104738333333333
4.0,5.7414490512002665,3.951625616756171,0.7603437576007086,0.3932854238739223,1.0,93.13319849664624,90.47797236748151,2.0,0.0,1.0,1.0,0.0,2.0,2865.39,191.72,2906.42,194.69,47.36725356147004,11.26618748,0.5365062182999994,0.0456511
0.0,5.039640515509744,2.980694882806952,0.5016210480134543,0.3963414548416267,399.0,59.89522763846806,41.484559392324186,0.0,0.0,0.0,1.0,1.0,1.0,3059.04,338.15,2547.95,572.69,78.49865461049467,11.11726489,0.669475602333333,0.0043910833333333
0.0,6.184541531974405,4.0004028504830496,0.5211152221930614,0.2010336763654994,335.0,33.464048821363306,67.96609621428271,2.0,1.0,0.0,2.0,0.0,0.0,1451.39,625.46,1632.24,272.26,87.74256065252584,11.60869804,0.8027619056697624,0.0135547749999999
0.0,5.49294625901536,4.45761975474784,0.6326454217812991,0.3897116461215506,328.0,51.13134502789029,37.76044632692179,2.0,0.0,0.0,0.0,1.0,1.0,4178.6,693.29,70.28,534.16,82.39568423654099,11.55881977,0.5756277276133326,0.0231663999999999
0.0,5.038950692962298,3.894758854025656,0.7847627888955104,0.3715459242979808,273.0,54.59060481390197,30.26345486782281,1.0,0.0,2.0,2.0,0.0,0.0,4377.5,337.95,2412.61,597.02,50.85286540250147,11.80190255,0.6127668870433327,0.3235462904761905
3.0,5.875403946273607,3.5394441313647755,0.7804353268440472,0.3649991879617993,1.0,76.60540347589885,75.41271429121747,1.0,0.0,0.0,0.0,0.0,2.0,398.01,159.95,2848.97,194.29,79.76441882381206,11.52431184,0.4192539331899995,0.00384
0.0,6.843653187965204,3.999591577371743,0.7891483062885132,0.2946609802833343,265.0,79.01530433038145,60.86268336752437,0.0,1.0,1.0,1.0,0.0,2.0,58.26,254.49,1961.04,223.67,77.35365268984427,11.54945028,0.4073097453333335,0.0440081333333333
5.0,5.646744241288416,3.890658536146031,0.6672778288273784,0.3332515044499688,1.0,73.7035119202526,54.15254149225354,0.0,0.0,1.0,1.0,0.0,1.0,2824.23,195.53,2895.54,198.91,54.49835521112463,11.513575,1.0,0.0
0.0,5.000730433051248,2.367303779228806,0.5683710542186612,0.3805358325746418,116.0,41.77049714174016,41.8631521866497,2.0,1.0,0.0,1.0,1.0,0.0,2970.74,312.58,403.78,753.84,79.34510126477939,11.12663797,0.4981226059999993,0.0030707499999999
0.0,5.001767593421524,2.4952322959384365,0.791723483796397,0.3971902266315064,221.0,99.9438134680928,35.879667667124885,1.0,1.0,1.0,1.0,1.0,1.0,311.69,155.84,2405.18,406.77,89.7176806834815,12.07260295,0.5614490941833329,0.0321921845238095
5.0,5.0173363034203895,3.5890430450336863,0.7193530016519571,0.288738677018497,162.0,77.12291363943999,45.812141142358,0.0,0.0,1.0,2.0,0.0,2.0,2957.69,197.54,2895.71,200.36,77.94048197566198,12.02628752,1.0,0.0
0.0,7.443952009882838,2.838071724266829,0.6304860405100956,0.2885818944024565,380.0,48.45674275163283,62.62409038682692,0.0,0.0,1.0,2.0,0.0,0.0,2184.49,263.17,70.15,332.47,78.93625113765083,11.47632012,0.4746555541199996,0.0405897023809523
0.0,5.008077950187925,3.9376693545192647,0.787490658627337,0.3793662867429715,230.0,59.59664742401419,93.7424944733755,1.0,0.0,0.0,0.0,0.0,0.0,285.86,142.93,3028.9,755.84,76.04384942846552,11.32693533,0.4987363299999995,0.008217
0.0,5.049783535314847,2.436403199785743,0.5342251248977387,0.3807812204128848,119.0,98.81033744182604,33.42790278176531,1.0,1.0,1.0,1.0,1.0,1.0,310.72,131.25,618.66,271.69,67.97323263776647,12.15939537,0.4867839913333328,0.0307758095238095
0.0,5.885015859775341,2.3642119648968807,0.7651751355502676,0.3042040640066536,460.0,68.1149544462946,60.75149889256497,2.0,0.0,1.0,1.0,0.0,0.0,326.49,173.8,2587.67,305.43,67.933651460928,11.67981101,0.7574240109166663,0.0228117499999999
3.0,5.047218830013847,3.863877153395095,0.7178506807914279,0.3547655142237316,98.0,51.83333669520359,56.01662182719125,2.0,0.0,0.0,2.0,1.0,2.0,481.36,181.43,2932.82,195.54,79.58237713193586,12.31121293,0.7069603711900001,0.008025875
3.0,5.025387774097997,2.024378428569952,0.6611285775091793,0.3671691074464361,1.0,74.94386151079662,30.110675550627928,1.0,0.0,2.0,2.0,1.0,1.0,283.37,226.93,2878.52,194.36,88.21338979265201,11.99911534,0.5664306531899994,0.2160497500000001
0.0,5.010985805820553,2.0589931588605817,0.6377168541319097,0.3857832254456254,1.0,61.266615772466125,32.32050957760954,1.0,1.0,2.0,0.0,0.0,1.0,266.04,133.02,1354.43,361.91,30.137283851966995,11.36611201,0.4519022551666662,0.312305
0.0,5.014712939134772,2.0212876324434013,0.7612304579150169,0.1352978881073785,602.0,99.91739314265932,35.39319869077323,1.0,0.0,2.0,2.0,1.0,1.0,283.37,226.93,561.99,775.95,67.34864611060283,12.17367891,0.5124303837499998,0.2535186738095238
0.0,5.146407483696233,2.071553827977575,0.7887973680307893,0.3987429940206636,360.0,50.78081898972726,34.80433706968904,1.0,1.0,2.0,2.0,1.0,2.0,548.54,194.9,138.53,411.75,73.77821301879811,11.16858303,0.4849601445166662,0.285062788095238
0.0,5.047872799048085,2.2233933448573917,0.5201855979419917,0.3839181019183626,199.0,41.72351944866181,58.98391914736978,0.0,0.0,0.0,1.0,1.0,1.0,3059.04,338.15,2547.95,572.69,87.6731385048465,11.11415792,0.5728866665999994,0.0020276833333333
0.0,5.15783173834985,4.441471980188563,0.7967727269192054,0.344058336179857,363.0,52.65906970264579,44.81418324021121,1.0,1.0,2.0,1.0,0.0,0.0,1975.07,415.23,4004.57,246.63,43.5171368655734,11.74625508,0.5291120208395235,0.3698220499999998
0.0,7.061113110821922,3.613667867453494,0.5406628454545571,0.3798718344025846,385.0,39.09053382984183,54.356161625138895,0.0,0.0,0.0,0.0,0.0,2.0,2974.93,410.44,3634.84,277.1,77.36620496681606,12.30329733,0.5706972681899992,0.000816
0.0,5.016392962518146,4.112520499385012,0.7985247112245524,0.3919870723284699,242.0,75.15914614344013,30.40727055654139,1.0,1.0,2.0,1.0,0.0,0.0,326.88,162.15,4004.57,246.63,91.32328786333022,11.7095537,0.4770477656113329,0.2255864999999999
0.0,5.649864135004954,2.123631172311141,0.7880558588492715,0.3939519067975745,285.0,63.991315044509314,94.55541831869274,2.0,1.0,1.0,1.0,0.0,2.0,3766.18,776.64,707.5,747.35,79.17123752954107,11.42801708,0.4745642773933329,0.1410570327380951
0.0,5.107690169924075,2.052603416922804,0.6773245658021521,0.3411911976580061,498.0,82.46868724807936,38.57212038753573,0.0,1.0,1.0,0.0,1.0,1.0,4261.88,758.2,3785.3,270.22,55.83645675713445,11.16926877,0.8034877219285719,0.2122454726190477
0.0,7.435041860026997,3.0930287640344725,0.7831015283866316,0.372333626877063,189.0,97.49386332998166,33.351426790730144,2.0,1.0,1.0,1.0,0.0,2.0,986.05,181.38,707.5,747.35,79.45111331591225,11.39921962,0.3592670821166662,0.0574330833333333
0.0,5.212224616432122,3.9162184920631775,0.6414796074673584,0.3807570493659507,119.0,95.81635071298848,38.77966334050172,1.0,1.0,1.0,1.0,1.0,1.0,310.72,131.25,618.66,271.69,82.76123347923377,12.15939302,0.4758623283333327,0.0274297999999999
3.0,5.100814160244227,3.871063513708479,0.7387325274512928,0.3519232042005984,1.0,73.67973684802526,50.909601090993085,1.0,0.0,1.0,1.0,1.0,2.0,693.8,191.03,2901.64,199.6,73.95157235804851,11.08921244,0.5421450488799997,0.027921
0.0,5.012634592406374,2.1373670208138464,0.7993161551317536,0.3881681494514283,211.0,40.81681629194215,93.6636662872045,0.0,0.0,1.0,1.0,1.0,1.0,3092.65,564.46,4010.89,767.06,70.46641238617266,11.22180194,0.5208580504999994,0.110142
0.0,6.524964523707583,3.117644620497553,0.6775958179592382,0.2993720102089923,466.0,33.959981554686614,58.98391914736978,1.0,0.0,1.0,1.0,1.0,2.0,2679.6,262.09,3458.65,749.55,80.88986313530464,11.22602074,0.5538168572282219,0.0372414833333333
2.0,7.419641623039517,2.136338827822535,0.7526730333727267,0.3980798586257284,193.0,59.20852593808037,40.6372207041823,1.0,0.0,2.0,2.0,1.0,0.0,294.08,150.42,2864.51,194.29,88.32594065823399,11.44155639,0.4784041935699996,0.021707
0.0,5.0510501103963525,2.011642983103159,0.7952591238775824,0.3720945063268304,357.0,58.12887068732415,94.9950376993658,0.0,0.0,2.0,0.0,1.0,2.0,1405.24,166.13,1329.62,782.03,37.33204517505819,11.26322504,0.5339129769466663,0.3487073333333335
4.0,5.097128210686395,3.977155923663277,0.5796826997590437,0.3740647512713282,89.0,95.57589215214814,48.81982619165762,0.0,1.0,1.0,1.0,0.0,2.0,1660.08,193.08,2896.08,198.18,48.46594375976888,11.49639324,0.7426731275000003,0.0744794999999999
5.0,5.301241585877311,3.649324064085139,0.7508507079044101,0.2810914245212248,1.0,68.40066613925198,54.44728853293018,0.0,0.0,1.0,2.0,0.0,2.0,2957.69,197.54,2909.61,200.41,69.5406519330828,11.98034441,1.0,0.0
0.0,5.032970948107573,4.002499363230302,0.5263988912385629,0.3821112965340775,110.0,40.75008195279583,35.53085116369386,0.0,0.0,0.0,2.0,0.0,2.0,403.29,171.22,1596.1,315.44,85.29483057290926,12.15886244,0.5768108023333327,0.0090285
3.0,5.0270064340109055,3.675655228772316,0.7531912399882084,0.2600123842714087,167.0,62.642390807385,44.72459528562948,1.0,0.0,0.0,0.0,0.0,2.0,398.01,159.95,2848.97,194.29,82.72806481000349,11.57132366,0.34016495826,0.004072
1.0,5.1605614487022695,2.072040912126865,0.6445592607857098,0.3832469793708412,145.0,55.444416682504574,30.301899412408,1.0,0.0,2.0,1.0,1.0,0.0,527.93,195.84,3419.8,756.67,47.61936164075195,12.01883034,0.4445606179999996,0.0554369166666665
0.0,5.026409788758757,3.910643038730296,0.6197348648765543,0.3913798079579875,121.0,54.39943736055259,90.41263580607963,2.0,0.0,2.0,2.0,1.0,0.0,2250.17,407.14,2381.88,335.87,70.2695529776492,12.23142321,0.6161999654999992,0.1021784999999999
0.0,5.0156495370528535,3.697816050854797,0.7077861032929312,0.1764514081350233,263.0,57.30950653476057,63.858467896699096,0.0,1.0,0.0,2.0,1.0,1.0,1730.56,164.41,3282.57,257.79,75.2150788227911,11.46770676,0.2570790703333331,0.0147903333333333
0.0,6.636033861971501,2.1428412782512813,0.7696823041890651,0.2879544305143931,606.0,59.15712437804772,43.54859484818659,0.0,1.0,2.0,0.0,0.0,1.0,179.28,621.78,2626.14,228.42,39.59406783087852,11.16019251,0.4300157763933328,0.0129674999999999
0.0,5.203169053904218,3.8874439945113335,0.53418236302592,0.3871706630436247,143.0,44.70783120943437,90.18387531207564,0.0,0.0,2.0,1.0,0.0,1.0,2033.75,173.97,176.55,363.53,69.64571719566256,11.11186607,0.5161400925899994,0.0490014999999999
0.0,5.12441989576504,2.142344478188667,0.7787034583880837,0.3920400552528186,694.0,57.83293867683817,39.8081461410272,1.0,0.0,2.0,2.0,1.0,2.0,2011.81,315.73,2292.61,482.03,79.4070850769772,11.45020851,0.5148048298784124,0.3331632416666666
3.0,5.879705370918272,3.859560079683541,0.6345149827632542,0.2454281228286373,411.0,61.96424363913343,92.58283630015391,2.0,0.0,1.0,1.0,0.0,2.0,416.85,169.32,2906.42,194.69,68.75037508210885,11.3832099,0.7489534770000003,0.0528319999999999
3.0,5.142791378344749,3.651229978376999,0.7511016182597824,0.3358213864063105,333.0,42.43733100546909,42.08784718110731,1.0,0.0,0.0,0.0,0.0,2.0,398.01,159.95,2848.97,194.29,85.39769273286669,11.62042299,0.6992273799999998,0.0040515
0.0,5.125169855498577,2.3078530821956,0.7875482900034764,0.3948078627963448,112.0,65.46033114712498,33.3015073933467,0.0,0.0,2.0,0.0,1.0,1.0,339.56,166.71,1597.98,306.47,72.21146665490876,11.3332773,0.5447742246499994,0.2355160833333332
0.0,5.995716309758879,3.818578654386133,0.7408745412192324,0.3650644160925647,503.0,66.79356779306148,36.03314965470096,2.0,1.0,1.0,0.0,0.0,2.0,3400.55,234.86,1633.8,357.55,72.0970164978711,12.35848081,0.8917540174285723,0.1520623440476191
5.0,5.988844746553902,2.9896803286719864,0.7508041736455248,0.2263354276708389,1.0,71.81365809553216,44.29554241300498,0.0,1.0,0.0,2.0,0.0,2.0,2674.31,178.26,2900.51,194.35,53.11020714052226,11.62971352,1.0,0.0
3.0,5.003401916189674,3.770825438065019,0.6777973374117541,0.3628799547237538,243.0,42.589701343191805,48.13093910305479,2.0,0.0,0.0,2.0,1.0,0.0,426.18,181.46,2874.06,201.93,75.18817093876119,12.20329069,0.8424628735000009,0.006267
0.0,5.007699993016623,3.549447533745923,0.7409844779500503,0.3713025316554261,1.0,48.76088031889704,82.75218330553588,1.0,1.0,0.0,0.0,1.0,2.0,329.13,164.44,4048.1,687.35,70.17346062687382,11.15941426,0.429763421023333,0.003731
0.0,5.046611676013462,3.913304983641165,0.7883716468685688,0.3940134093685978,182.0,38.51558873115328,30.055723203581813,1.0,0.0,2.0,2.0,0.0,0.0,3225.64,164.78,2412.61,597.02,83.21521776260916,11.77432966,0.5549989403499994,0.2662438666666666
5.0,5.850850072648453,2.3821321552418557,0.6404184680812826,0.3090625188007226,1.0,74.52817880290085,59.02283504171623,0.0,1.0,1.0,2.0,1.0,0.0,2700.97,187.68,2876.2,198.24,78.96747466877582,12.15095342,1.0,0.0
3.0,5.091503675983591,4.006882015441795,0.7029356650209244,0.3713216942559968,138.0,76.60710440598406,75.69234463504523,1.0,1.0,0.0,0.0,1.0,0.0,493.4,185.08,2851.4,200.13,80.67389855092,11.91332028,0.6120316761899995,0.0055415
3.0,5.645840519547686,4.003581870552065,0.7947198682763713,0.3854036708775222,115.0,99.33054951794,45.776513974144365,2.0,1.0,1.0,2.0,1.0,0.0,400.0,200.0,2882.69,209.97,36.64940343924878,11.12850757,0.5055990246899996,0.03422
0.0,6.7546682918106535,2.058897255235684,0.7823652092425052,0.3946797627047563,144.0,53.39309355186704,37.97858275807402,0.0,0.0,2.0,1.0,1.0,1.0,1913.61,326.97,825.52,691.49,81.570431371782,11.35856617,0.2825580419099996,0.018936
0.0,5.059930467820649,2.3175449587656933,0.7864849830291676,0.3443022539319417,440.0,57.8251239206734,40.97568999510532,0.0,0.0,2.0,1.0,1.0,1.0,2701.9,163.62,1449.88,242.42,81.20777822214849,11.12844566,0.5005598844547617,0.2538104249999999
0.0,5.057244091631996,4.4718664918051685,0.7835121715660527,0.3658859610975973,381.0,55.82049077086345,45.31930524484274,1.0,1.0,2.0,0.0,0.0,1.0,266.63,131.84,1354.43,361.91,40.44505791031527,11.47529288,0.5192326664499997,0.2505340000000001
2.0,5.054950846149022,3.998976728360159,0.7929173330448499,0.3652683342515515,105.0,57.05329085103126,47.93283621081999,1.0,0.0,2.0,1.0,1.0,0.0,393.6,171.93,2783.49,202.53,74.05192014610208,11.35922791,0.4896611045699995,0.0396125
0.0,5.01368884495036,2.1440821236757213,0.7969606150047375,0.3928525742727178,536.0,57.79013719816824,30.71985669093264,0.0,0.0,2.0,0.0,1.0,2.0,3572.83,278.65,1329.62,782.03,77.5326454761452,11.31748321,0.5415180495461899,0.3242984178571428
0.0,5.04799843163459,2.915974830663993,0.5162112614845695,0.3857764166889652,198.0,37.6469534379476,67.42484021857197,0.0,1.0,0.0,1.0,0.0,0.0,2823.94,340.35,190.55,268.99,91.59546907603672,11.93073276,0.611198661266666,0.0036033333333333
0.0,5.011357491969268,3.777752957591252,0.7832959505677706,0.1838278890260382,169.0,39.46994548299888,39.52378759799402,0.0,1.0,0.0,0.0,0.0,0.0,331.56,160.89,2208.45,330.22,76.7402055487851,11.35341101,0.2863843899999997,0.0031146666666666
0.0,7.443952009882838,2.838071724266829,0.6304860405100956,0.2885818944024565,381.0,48.45674275163283,62.62409038682692,0.0,0.0,1.0,2.0,0.0,0.0,2184.49,263.17,70.15,332.47,78.93625113765083,11.4763476,0.4746555541199996,0.0405897023809523
2.0,5.703523952645449,3.9539244122314856,0.6798503675554777,0.2687326397053578,363.0,74.18732201946568,48.684534464574,1.0,1.0,0.0,1.0,1.0,1.0,802.74,186.42,1706.24,205.83,89.04801836845212,11.42147295,0.6182063704533334,0.0409565
0.0,5.128104908100035,2.3775685167427185,0.7997539339518134,0.3815141403495609,441.0,54.69033531090531,38.97362184705287,1.0,1.0,1.0,1.0,1.0,1.0,300.94,149.28,2405.18,406.77,55.17548045164976,12.13609494,0.6965023615166668,0.0334511499999999
0.0,5.014892736782559,2.128727008134223,0.7782606825179154,0.2585950331859792,461.0,67.75865956029702,53.26211473283464,1.0,0.0,0.0,0.0,0.0,0.0,326.74,162.59,3028.9,755.84,68.78140664633301,11.39382917,0.6641808659166663,0.0052705
0.0,5.107741170769968,3.999192258960423,0.5624860386493453,0.3665717441349456,504.0,54.62026719652391,79.98206143645729,0.0,1.0,0.0,1.0,0.0,1.0,128.43,521.68,158.09,205.08,79.04103510169325,12.08804791,0.6914150949761902,0.0113500380952381
0.0,5.040503717180855,3.9676873850367023,0.7378833750204551,0.3898319223851261,330.0,51.05860179966924,30.40249533508809,2.0,1.0,2.0,2.0,1.0,1.0,801.43,728.17,364.2,741.87,33.067620918938786,11.71599643,0.582436778066666,0.1133227499999999
0.0,5.012634592406374,2.1373670208138464,0.7993161551317536,0.3881681494514283,211.0,40.81681629194215,93.6636662872045,0.0,0.0,1.0,1.0,1.0,1.0,3092.65,564.46,4010.89,767.06,70.46641238617266,11.22179593,0.5208580504999994,0.110142
1.0,5.124043140350274,3.987930496725268,0.5286742784838641,0.3861960360806696,311.0,67.42136147179727,48.88173540818406,1.0,0.0,1.0,1.0,1.0,2.0,785.76,188.18,2076.39,195.5,91.61734204500264,11.17900699,0.6583950079999997,0.1959175000000001
5.0,5.878061128810979,2.380073535743997,0.6605542895621029,0.298596825676974,201.0,81.28152115412828,63.2817655111721,1.0,0.0,1.0,1.0,1.0,0.0,2760.6,194.51,2840.8,201.48,97.27456523651598,11.13855839,0.997879865,0.0036474999999999
5.0,6.004648410882099,3.894467581690151,0.5269830506221415,0.2515411011313327,167.0,33.62930389579843,43.1255509315096,1.0,0.0,0.0,0.0,0.0,2.0,2607.15,190.86,2866.97,194.21,42.43957073150207,11.57133473,0.997879865,0.0030006
0.0,5.026384437902713,2.317795693830605,0.7841739484913383,0.3905533590819518,202.0,61.81448672556819,41.02303097701568,0.0,1.0,2.0,0.0,0.0,1.0,179.28,621.78,2626.14,228.42,43.2241975177191,11.1587862,0.611276554166666,0.0781321249999999
0.0,7.330979694087867,2.0839381797496985,0.744139126980138,0.1103063662132569,470.0,39.52022700743634,39.88800309095004,0.0,1.0,2.0,2.0,0.0,0.0,1732.13,371.8,322.29,266.87,96.93675161478107,12.27882619,0.3344017576957616,0.2824675166666666
1.0,5.026545254743035,2.9257296687908614,0.7134148760528006,0.3823114518078523,337.0,40.09667253556159,94.04729820427916,1.0,1.0,1.0,1.0,0.0,1.0,296.82,143.14,4281.79,292.47,36.24062425884928,11.52559094,0.6570366538566667,0.2229634999999999
0.0,5.045865383852578,2.8376415574073977,0.7665248987806895,0.3821711043839347,274.0,45.86235447073016,58.84716586287082,2.0,1.0,1.0,0.0,1.0,0.0,1549.93,226.38,3014.82,769.25,76.37744116446727,11.26935267,0.6086926764999994,0.0593266053571428
0.0,6.537990147227469,2.043107102807159,0.6345684690417803,0.2906880321018817,406.0,99.21709917236544,61.39420104152998,2.0,0.0,1.0,2.0,1.0,2.0,4435.4,584.89,110.12,754.44,81.67202734521989,12.36326458,0.3731942200699997,0.0795269916666666
0.0,5.290353880258452,3.769308803539957,0.7196056865879302,0.2334043225260846,97.0,50.89879789098966,82.90142760307789,1.0,1.0,0.0,2.0,1.0,1.0,345.57,151.68,4434.23,442.63,62.87587584297695,11.75127865,0.0758761224999999,0.0033005
0.0,5.013109774844721,4.026174118759904,0.5296241091799805,0.3997504721889882,337.0,57.085395882558586,43.4481968068592,0.0,0.0,0.0,0.0,0.0,2.0,3009.75,615.6,947.86,795.78,82.5236174709626,11.58488579,0.598962277116666,0.0075364107142857
0.0,5.130106526343349,3.523396503953673,0.7564201169169794,0.3616120530000178,461.0,42.32256174013278,58.480997318812165,1.0,0.0,0.0,0.0,0.0,0.0,285.87,142.91,3028.9,755.84,56.93444317505713,11.39385073,0.6056860573055551,0.0035905
5.0,6.099638163575351,2.3933157122167543,0.7601292214529636,0.2252233823065393,231.0,83.43129924708406,53.61143545137436,2.0,0.0,1.0,1.0,1.0,2.0,2713.85,193.87,2911.47,195.6,68.46440142070168,11.87323844,1.0,0.0
0.0,5.015930843154061,4.416486598621899,0.7068157174527875,0.3789724002627301,312.0,96.74965492224632,30.041477056306302,1.0,0.0,2.0,1.0,1.0,0.0,335.83,165.76,3537.83,710.51,33.03246288821589,12.12664765,0.3624841620833329,0.2325622166666666
0.0,5.000048513015663,2.559066766044372,0.5597874816648789,0.3895611852489791,312.0,98.52638109621157,32.173561915432444,1.0,0.0,2.0,1.0,1.0,0.0,309.89,136.34,3537.83,710.51,37.42505295579197,12.12664269,0.3462753820833329,0.2166443321428571
0.0,6.84886264540444,2.033789224323684,0.7853831235198954,0.393777413800468,357.0,57.47940506051415,38.20718563567763,0.0,0.0,2.0,0.0,1.0,2.0,1404.45,167.09,1329.62,782.03,94.57232473270253,11.263237,0.3487120543946663,0.2207245083333334
2.0,5.014914723754034,3.791324971003921,0.6664666704610918,0.3561093452646076,92.0,82.12590624330134,43.35881509473097,2.0,1.0,1.0,0.0,1.0,0.0,817.12,209.57,2504.14,199.66,88.14918157510522,11.21449778,0.7570084385000001,0.0598594999999999
0.0,5.017935388337129,3.714066187597507,0.5672014977203984,0.3540122347774445,578.0,34.37523451732018,42.61427239261496,0.0,0.0,0.0,0.0,0.0,2.0,2974.93,410.44,3634.84,277.1,85.88727433463941,12.36176512,0.8228999080833341,0.0051137666666666
0.0,5.0156495370528535,3.697816050854797,0.7077861032929312,0.1764514081350233,263.0,57.30950653476057,63.858467896699096,0.0,1.0,0.0,2.0,1.0,1.0,1730.56,164.41,3282.57,257.79,75.2150788227911,11.46770648,0.2570790703333331,0.0147903333333333
0.0,6.439421908227801,2.0495521684599884,0.6678619691885495,0.2992100715706198,530.0,46.45464193037756,75.35425692910121,2.0,0.0,1.0,0.0,1.0,1.0,3121.12,256.79,4294.02,721.07,75.99387819196954,11.52002226,0.6959546400116666,0.0640691166666666
5.0,5.192060494034213,4.001498132306876,0.5060087182112346,0.2944417344763405,1.0,52.18225655718769,77.49429319223162,1.0,1.0,1.0,2.0,0.0,1.0,2701.71,193.4,2832.2,200.38,78.41234763499634,11.08597924,1.0,0.0009155
1.0,6.447435302021332,3.946823654310749,0.6460323237460598,0.3604123688626574,276.0,36.29478261459567,58.93392778657425,1.0,1.0,0.0,0.0,1.0,0.0,827.68,186.19,1954.39,204.2,74.15827874915685,11.95361963,0.6864492723566665,0.032081875
0.0,5.649864135004954,2.123631172311141,0.7880558588492715,0.3939519067975745,284.0,63.991315044509314,94.55541831869274,2.0,1.0,1.0,1.0,0.0,2.0,3766.18,776.64,707.5,747.35,79.17123752954107,11.42799875,0.4745642773933329,0.1410570327380951
3.0,5.141640265289102,3.5219233443835662,0.6742904133928568,0.3621293472647069,223.0,57.15098879104384,58.75351085456231,2.0,1.0,0.0,2.0,0.0,0.0,435.93,181.46,2857.59,200.51,88.61969754155793,11.57500259,0.8969675280000011,0.005659
0.0,7.372008967045543,3.52688802228234,0.5704575856082631,0.2050577086003082,584.0,96.99377353214264,63.65424954032977,2.0,1.0,1.0,2.0,1.0,0.0,110.69,488.87,519.32,262.95,81.5977368014479,11.10896279,0.5115576915833329,0.00817425
0.0,5.041756626938396,3.999907036107696,0.5018709373660347,0.3795362866730991,329.0,57.21902838934803,30.169338750975403,0.0,0.0,0.0,0.0,1.0,2.0,1427.61,714.67,1495.42,387.52,82.23844720958054,12.138974,0.700451544833333,0.0222006523809523
0.0,5.880557862050235,3.715410275670005,0.7840471399126094,0.2022376575268916,1.0,36.699199854982126,71.436314691476,1.0,1.0,0.0,2.0,1.0,1.0,335.55,167.14,4434.23,442.63,69.42458432007074,11.72309303,0.187246416,0.002919
0.0,6.144948828859693,2.193594906973217,0.6813637925294951,0.3794457370612423,135.0,37.17194127749471,58.24493084804409,2.0,0.0,0.0,0.0,0.0,0.0,2016.6,417.93,1559.79,221.11,69.78179052093365,12.20201329,0.4280042928433327,0.000937
4.0,5.819848822421971,3.9431346230338153,0.7518193795203341,0.3889994867680808,89.0,93.4767900640564,61.5823769227888,0.0,1.0,1.0,1.0,0.0,2.0,1520.19,198.44,2896.08,198.18,90.99238506417352,11.49640193,0.68976458169,0.0792554999999999
0.0,5.017935388337129,3.714066187597507,0.5672014977203984,0.3540122347774445,578.0,34.37523451732018,42.61427239261496,0.0,0.0,0.0,0.0,0.0,2.0,2974.93,410.44,3634.84,277.1,85.88727433463941,12.36176512,0.8228999080833341,0.0051137666666666
5.0,6.414482218787368,2.3649653221440943,0.73821160958361,0.2015854897840641,121.0,35.287013580626784,44.1729224928443,2.0,0.0,0.0,2.0,1.0,0.0,2928.54,196.32,2874.06,201.93,53.67299710248315,12.16711466,1.0,0.0
0.0,5.030553599156256,3.9677890428704554,0.7309297756843277,0.3654184371146644,219.0,36.77439699827241,42.30800925263785,0.0,0.0,0.0,0.0,1.0,2.0,244.71,195.46,1495.42,387.52,83.24688636100082,12.10531402,0.4358563169999996,0.0066556666666666
3.0,5.859178460449587,3.901748876942925,0.7979977699256365,0.2641704724994026,365.0,39.69148014497765,76.60815396401252,0.0,1.0,0.0,2.0,0.0,2.0,421.51,188.29,2868.0,193.51,61.5207946678264,11.73434709,0.9403753600000012,0.0048125
0.0,5.068619748055331,4.004513096175606,0.5215406558370064,0.3894221853338857,475.0,57.55156165449674,30.19796685604709,1.0,1.0,0.0,0.0,1.0,2.0,2044.89,611.18,4048.1,687.35,84.66674388224364,11.29913046,0.7246628555499999,0.0125497666666666
0.0,5.036228891390477,3.905263169988725,0.5911365321407542,0.3711956192902592,229.0,58.40913892856,93.49823689644774,2.0,1.0,1.0,2.0,1.0,0.0,2654.51,164.83,1400.13,767.97,64.35959456806046,11.1623174,0.5577678959999994,0.0218101333333333
2.0,5.034656422716664,2.860314079065753,0.667039773183164,0.2940635232892523,392.0,61.42548590967222,98.77199033291863,0.0,0.0,1.0,0.0,0.0,2.0,715.28,189.11,2188.85,246.16,74.67651913126556,11.15107617,0.8647112100000008,0.298515833333333
0.0,6.675651999603147,3.594052423762162,0.7980566722413303,0.294818229754497,398.0,44.98352504327715,45.31326569753983,2.0,1.0,1.0,0.0,1.0,2.0,394.74,767.75,1983.4,299.33,77.80538559687483,11.87287095,0.4102550347033329,0.0109006071428571
0.0,6.877898325227736,3.9438370464645782,0.5348274724436161,0.342097505227361,545.0,97.52418954908408,35.93519052747685,1.0,0.0,0.0,1.0,1.0,1.0,1810.22,215.79,77.26,630.9,58.51940834211654,11.57265976,0.3914060507095235,0.0186075904761904
2.0,6.035738477712949,3.4230759569968856,0.6794774407561515,0.2223935159794025,335.0,57.934538093102326,99.16046945116454,0.0,1.0,0.0,1.0,0.0,1.0,104.08,278.9,1676.47,169.83,77.57787517838503,12.03736869,0.7682611243333336,0.047677
0.0,6.435293322406793,2.532949308162619,0.7391862623315801,0.3042349247267841,506.0,57.64895203586253,67.36299678862439,1.0,1.0,1.0,1.0,0.0,1.0,3013.23,370.06,4338.47,298.47,78.60801104094216,11.57682179,0.4690287419809519,0.0374625166666666
0.0,6.391762334666568,3.723550296460386,0.678930271965168,0.2602951630220155,695.0,39.84195707304165,59.863396482808696,1.0,0.0,1.0,0.0,0.0,1.0,2285.24,461.01,1972.2,631.59,79.99188500394547,11.25425353,0.4186262411309519,0.0500093821428571
1.0,5.00553544419619,2.876223622580097,0.5393950465819248,0.3849363133420922,270.0,35.99791776145142,96.74855320345874,2.0,0.0,1.0,2.0,1.0,2.0,519.91,196.0,1142.11,759.64,84.29773906186857,12.32228789,0.6688142214999998,0.3843981666666668
0.0,5.001526340653041,3.998008943950925,0.7465635641438193,0.3759358671360919,110.0,35.95652584893602,38.03090226712866,0.0,0.0,0.0,2.0,0.0,2.0,345.53,169.44,1596.1,315.44,56.40109601339689,12.1588767,0.5248162539999994,0.0058217499999999
0.0,7.49205651410157,3.521186498553708,0.537645962867385,0.1919767149260354,471.0,62.62029899834528,93.49609547906203,0.0,1.0,2.0,2.0,0.0,0.0,1732.13,371.8,322.29,266.87,94.80208621223066,12.27885978,0.3683227729742854,0.3174841999999999
0.0,7.319647199839714,4.398723300077559,0.6620919941788852,0.3909847498107971,241.0,55.85450512853993,75.56854709684399,2.0,0.0,2.0,2.0,1.0,0.0,2250.17,407.14,2381.88,335.87,71.1785525323253,12.26700896,0.4233556835899994,0.0029035
0.0,5.223534185852966,4.439063871704422,0.6542067682352548,0.3982720185686043,404.0,53.62631750227232,66.87325576493228,1.0,1.0,0.0,2.0,1.0,2.0,3694.11,789.08,1500.49,362.55,80.3654356642995,11.30104751,0.5968594193566663,0.0199215333333333
0.0,5.019789207882184,4.213668457454334,0.7898605472797929,0.3791400144589333,182.0,50.23674429866449,36.84221429451514,1.0,0.0,2.0,2.0,0.0,0.0,3559.63,167.4,2412.61,597.02,97.26562398291844,11.77432966,0.5038015274928566,0.2808396166666666
0.0,5.013109774844721,4.026174118759904,0.5296241091799805,0.3997504721889882,337.0,57.085395882558586,43.4481968068592,0.0,0.0,0.0,0.0,0.0,2.0,3009.75,615.6,947.86,795.78,82.5236174709626,11.58488282,0.598962277116666,0.0075364107142857
0.0,5.1464035923918985,2.100242128625847,0.6631960656525507,0.2973100629137082,526.0,70.78007978334202,59.0334628319231,0.0,0.0,1.0,2.0,1.0,1.0,1889.35,340.61,631.28,692.81,82.54687172198206,11.53805287,0.5126154479999996,0.0511736499999999
0.0,5.0466182234323576,2.135857529012456,0.7921366884687032,0.3933015900752133,571.0,63.45209421850913,95.85060198743686,1.0,1.0,2.0,0.0,0.0,1.0,4231.44,255.66,1354.43,361.91,79.57962384803024,11.53255844,0.5518065007295234,0.3851547749999999
0.0,5.045892283141498,4.003441747662569,0.5641983117505593,0.2545592587277294,642.0,84.2337953119808,63.9548942269311,2.0,1.0,1.0,0.0,1.0,0.0,1467.38,280.01,607.4,734.15,79.20269416359174,11.93622719,0.7294434560466666,0.0891322386904762
5.0,5.898515208196382,2.278979151702074,0.7314833999952899,0.234609539197049,214.0,59.71488039891747,88.46937061345639,2.0,1.0,1.0,0.0,1.0,0.0,2916.38,194.9,2874.44,198.37,54.51645012763472,11.80994169,1.0,0.0
0.0,7.397087131251274,2.0951403199070837,0.7974696652421761,0.3870071864833321,224.0,59.33132453392042,38.347494251832295,0.0,0.0,2.0,0.0,1.0,1.0,339.56,166.71,1597.98,306.47,97.86264429023636,11.36650142,0.4419179799566662,0.1576446904761904
2.0,6.4081609699991136,4.12082033991942,0.6621864748080896,0.342379263194169,392.0,58.87545074754452,99.94710723067683,0.0,0.0,1.0,0.0,0.0,2.0,692.29,190.09,2428.46,232.52,87.94911222794465,11.15107921,0.6742370571666665,0.2905735
0.0,5.615211769775285,2.0015955775115506,0.7865645666370844,0.3896006577635315,221.0,54.12872475379485,41.86844998942313,1.0,1.0,1.0,1.0,1.0,1.0,300.48,150.21,2405.18,406.77,91.1353525961782,12.07258916,0.4997080360399994,0.02850455
0.0,5.038950692962298,3.894758854025656,0.7847627888955104,0.3715459242979808,273.0,54.59060481390197,30.26345486782281,1.0,0.0,2.0,2.0,0.0,0.0,4377.5,337.95,2412.61,597.02,50.85286540250147,11.80190255,0.6127668870433327,0.3235462904761905
0.0,5.000124297958255,2.2374023590539114,0.7986420939725217,0.3710072467747945,1.0,58.97045033135845,30.428209191666237,1.0,0.0,2.0,2.0,1.0,2.0,314.92,157.46,2292.61,482.03,44.60780708433647,11.24995631,0.4212752501666661,0.1760592499999999
0.0,7.326969221118913,3.928762417719489,0.5771991605219826,0.3894492577169916,165.0,56.02384497996205,32.35555298785362,2.0,1.0,2.0,2.0,1.0,1.0,801.43,728.17,364.2,741.87,36.24365429950083,11.66748416,0.3487977346899996,0.0004105
0.0,5.009023887265879,3.576602469298594,0.7918481945841087,0.209205552454391,690.0,33.77841323997766,73.4429064422535,2.0,0.0,1.0,1.0,0.0,0.0,1466.4,709.97,2587.67,305.43,79.74549753361495,11.74909577,0.567426736283333,0.0858746416666666
4.0,6.034283493275328,3.686740858907013,0.5649733410634978,0.3618862524242494,333.0,60.93341985823046,84.19721950069837,1.0,0.0,0.0,0.0,0.0,2.0,500.0,200.0,2866.97,194.21,83.74921554791915,11.62043293,0.8290053415000007,0.0332015
0.0,6.363823684874491,2.037123494437891,0.7839131013594821,0.3884243520677432,315.0,32.14802629811498,35.18815769195546,1.0,0.0,2.0,1.0,1.0,0.0,833.55,205.47,2652.23,681.42,38.339962720262015,11.4225277,0.4351355945499996,0.3282642321428572
4.0,7.307731682210406,3.975597291323148,0.5287002036550311,0.3892730419218128,293.0,79.154912843065,48.02814949760219,0.0,1.0,1.0,0.0,0.0,1.0,895.83,183.6,2872.31,200.81,35.96950689942043,12.01202146,0.9208269880000012,0.0873931499999999
0.0,6.955970409896527,2.1751548001163528,0.7249714931069045,0.2990851012432284,603.0,64.26083903680659,61.35173887148361,1.0,0.0,1.0,1.0,1.0,0.0,104.91,208.84,2206.47,300.61,74.26319038761852,11.25777779,0.6354822395436508,0.0245760249999999
3.0,5.064573507496875,2.0517874026747225,0.6784979421604685,0.3572336494627892,201.0,57.678289058495096,30.19579374613699,1.0,0.0,2.0,2.0,1.0,1.0,386.67,164.94,2878.52,194.36,88.35452653304795,12.05502496,0.6209869989999997,0.2357427499999999
2.0,5.015189974872432,3.95762594431756,0.6451862106515353,0.385356385143367,94.0,82.6299378427003,90.35328893281952,2.0,1.0,1.0,1.0,0.0,2.0,401.35,199.96,1831.94,174.66,89.1954074276964,11.3707394,0.6588791801899994,0.2346129999999998
0.0,5.048432395244995,4.447715537636761,0.7923273897855614,0.3954102385300918,232.0,60.62660020777398,35.12404446668107,1.0,0.0,2.0,2.0,1.0,2.0,314.92,157.46,2292.61,482.03,35.55281669437788,11.31400422,0.4840300044999994,0.1685602499999999
0.0,5.2472714044013005,2.147177514942358,0.6523541177367298,0.3713127561846612,176.0,40.1045701632238,62.94859946887722,0.0,0.0,1.0,2.0,1.0,1.0,1889.35,340.61,631.28,692.81,84.26119242603234,11.43420428,0.5088885905999994,0.0236028333333333
0.0,5.1464035923918985,2.100242128625847,0.6631960656525507,0.2973100629137082,526.0,70.78007978334202,59.0334628319231,0.0,0.0,1.0,2.0,1.0,1.0,1889.35,340.61,631.28,692.81,82.54687172198206,11.53805287,0.5126154479999996,0.0511736499999999
0.0,6.129118951843634,3.1236641213976317,0.7427365481967918,0.2951111450329929,484.0,57.98553513172838,39.34673281082518,0.0,0.0,1.0,2.0,0.0,2.0,2243.24,545.97,2157.96,672.09,70.56254900257929,12.12244509,0.6092287765952374,0.0438583988095238
0.0,5.032861006118355,4.027219135335046,0.7197796915028472,0.246688775460376,363.0,41.30479060905404,38.90398229872287,1.0,0.0,0.0,1.0,1.0,1.0,348.33,172.92,77.26,630.9,65.3624958100469,11.51779995,0.4547318173333329,0.0049385
0.0,7.326969221118913,3.928762417719489,0.5771991605219826,0.3894492577169916,165.0,56.02384497996205,32.35555298785362,2.0,1.0,2.0,2.0,1.0,1.0,801.43,728.17,364.2,741.87,36.24365429950083,11.66748126,0.3487977346899996,0.0004105
0.0,6.89136021348395,4.023258614725415,0.7841757494123239,0.3808761606277503,355.0,99.14386081279083,38.35672679714339,1.0,1.0,1.0,1.0,1.0,1.0,751.28,209.26,618.66,271.69,78.60604111645354,12.23048952,0.4842784969999996,0.0598002238095237
0.0,5.0350399448440015,4.001741581297349,0.5202720329088805,0.3785790844667915,253.0,49.55988315210882,30.64735982897181,0.0,0.0,0.0,2.0,0.0,2.0,211.87,723.35,1777.71,414.59,87.96136750116003,11.48085857,0.6339439568333327,0.0058397583333333
1.0,5.758409736091741,3.860938803102604,0.5276662602823642,0.3866311656783867,240.0,73.69919436818579,52.1232602478642,2.0,0.0,0.0,2.0,0.0,0.0,511.53,196.28,1583.38,224.11,67.12323705610761,11.54908774,0.6039838938999995,0.0491865
2.0,5.011883965660713,2.477273045760916,0.5867968577999751,0.3560464623709896,392.0,33.34063626799189,61.47390917664562,0.0,0.0,1.0,0.0,0.0,2.0,692.64,190.08,2221.8,244.28,87.54105009511647,11.1510929,0.8314894742500007,0.3005143333333332
2.0,7.127713019427574,4.219179034453038,0.6740562268150456,0.3207657108053003,305.0,57.82962014189521,95.0023785849075,1.0,1.0,1.0,1.0,1.0,2.0,278.17,163.22,2583.21,192.59,89.35885947505987,11.61137592,0.5651994459999998,0.2263314999999999
0.0,5.229201806200447,2.291084574036032,0.6685074724902743,0.3574385948421585,518.0,32.033290810031176,49.288415480377736,1.0,1.0,0.0,2.0,0.0,1.0,3669.82,251.12,3541.71,676.44,54.79722850100536,11.68937762,0.7202524389166666,0.0219736999999999
0.0,6.675651999603147,3.594052423762162,0.7980566722413303,0.294818229754497,397.0,44.98352504327715,45.31326569753983,2.0,1.0,1.0,0.0,1.0,2.0,394.74,767.75,1983.4,299.33,77.80538559687483,11.87284347,0.4102550347033329,0.0109006071428571
3.0,5.702338640178334,3.789060209615042,0.7485896777129865,0.3687205119554733,134.0,77.54689205903095,50.78437483573785,1.0,1.0,0.0,2.0,1.0,2.0,484.15,186.27,2889.94,193.5,76.5410990990532,11.22038642,0.5207359923099998,0.0041015
0.0,5.003018876692395,3.861413735750902,0.7815009281636079,0.3828141963780315,221.0,46.22445762368215,72.53504051298178,0.0,0.0,0.0,2.0,0.0,2.0,403.29,171.22,1596.1,315.44,86.13301475781975,12.19211041,0.623363728616666,0.0067969999999999
0.0,5.051885837640102,4.00158252981216,0.5231628435092728,0.3652701548900861,692.0,33.83419729404737,46.838985721027335,1.0,0.0,0.0,0.0,0.0,0.0,3018.71,490.02,3028.9,755.84,82.39260868314763,11.46313892,0.58452760886746,0.012296019047619
0.0,5.0393552503431644,3.97682553574368,0.7507121617828529,0.3814455513666983,221.0,34.7660041551776,56.35457666407933,0.0,0.0,0.0,2.0,0.0,2.0,345.53,169.44,1596.1,315.44,58.65518633975738,12.19210441,0.5958791319999994,0.0065007499999999
0.0,5.107690169924075,2.052603416922804,0.6773245658021521,0.3411911976580061,498.0,82.46868724807936,38.57212038753573,0.0,1.0,1.0,0.0,1.0,1.0,4261.88,758.2,3785.3,270.22,55.83645675713445,11.16926877,0.8034877219285719,0.2122454726190477
5.0,5.869407611372564,3.640375497878946,0.7089726916864663,0.2268291399209253,183.0,73.0527088260034,43.81931939584732,0.0,1.0,0.0,2.0,0.0,2.0,2674.31,178.26,2900.51,194.35,47.24172721865048,11.68119515,1.0,0.0
0.0,7.372008967045543,3.52688802228234,0.5704575856082631,0.2050577086003082,583.0,96.99377353214264,63.65424954032977,2.0,1.0,1.0,2.0,1.0,0.0,110.69,488.87,519.32,262.95,81.5977368014479,11.10892004,0.5115576915833329,0.00817425
3.0,7.316627390856563,2.403610515431434,0.7600628205854962,0.3857418149824193,178.0,64.56453781698228,38.217971976445575,0.0,0.0,2.0,0.0,1.0,2.0,471.53,185.7,2874.12,194.38,84.69142745102924,11.2112581,0.5941418300699997,0.1680538333333332
0.0,5.088719228009474,4.001383384791305,0.5326464366308874,0.3898200312824187,375.0,54.15766105351367,84.9153087062034,0.0,1.0,0.0,1.0,0.0,0.0,3681.29,733.16,755.82,276.56,82.26030617821989,11.31854472,0.5383054718999994,0.0232875857142857
0.0,5.068619748055331,4.004513096175606,0.5215406558370064,0.3894221853338857,475.0,57.55156165449674,30.19796685604709,1.0,1.0,0.0,0.0,1.0,2.0,2044.89,611.18,4048.1,687.35,84.66674388224364,11.29913046,0.7246628555499999,0.0125497666666666
1.0,7.414517847154134,3.8341311939329104,0.5171001989369296,0.3965454172396936,168.0,81.44553532315189,96.70084949811884,1.0,1.0,1.0,1.0,0.0,1.0,296.82,143.14,1497.72,198.08,77.23159065066821,11.47594115,0.4699089511799997,0.1671175
3.0,5.058957597304968,2.124141747031448,0.5669974899791077,0.3605008089248478,201.0,75.96728316081723,38.286117188087,1.0,0.0,2.0,2.0,1.0,1.0,283.37,226.93,2878.52,194.36,82.96077515042165,12.05501105,0.6071880396899995,0.1723146666666667
4.0,5.152201492143935,3.8198555010577255,0.5890675897583777,0.3427123568888951,201.0,73.35782251925819,77.81618532915591,1.0,0.0,1.0,1.0,1.0,0.0,2905.61,193.71,2796.19,196.66,83.27116800930439,11.13852977,0.7732489870000008,0.0630349999999999
5.0,5.093766428608992,3.916458413626409,0.5130483021293963,0.3122569939207122,151.0,38.005653775188286,91.729636406132,1.0,1.0,1.0,2.0,0.0,1.0,2701.71,193.4,2832.2,200.38,76.06845859837229,11.12907862,1.0,0.0006494999999999
0.0,6.537990147227469,2.043107102807159,0.6345684690417803,0.2906880321018817,405.0,99.21709917236544,61.39420104152998,2.0,0.0,1.0,2.0,1.0,2.0,4435.4,584.89,110.12,754.44,81.67202734521989,12.36323709,0.3731942200699997,0.0795269916666666
0.0,5.180245681673481,3.0118981802175577,0.7874487674199595,0.3896241075674949,119.0,96.03838424046847,33.24455411648215,1.0,1.0,1.0,1.0,1.0,1.0,310.72,131.25,618.66,271.69,75.65020768036484,12.15940477,0.4647800421333327,0.012115625
0.0,7.104514411221987,2.7313133765103816,0.7379950359100889,0.3722432759207952,298.0,52.10714100911856,31.599520958227064,0.0,0.0,1.0,1.0,0.0,0.0,2244.03,465.03,4200.11,792.34,83.11607546230317,11.69090956,0.264333328743333,0.053567475
0.0,5.017935388337129,3.714066187597507,0.5672014977203984,0.3540122347774445,578.0,34.37523451732018,42.61427239261496,0.0,0.0,0.0,0.0,0.0,2.0,2974.93,410.44,3634.84,277.1,85.88727433463941,12.36176512,0.8228999080833341,0.0051137666666666
0.0,7.26713213209787,3.4474840837165712,0.6372384774726896,0.3946209523284756,356.0,50.97640855679077,94.99876792531752,1.0,1.0,1.0,1.0,1.0,1.0,751.28,209.26,618.66,271.69,78.58481814321918,12.23051395,0.513757105923333,0.0686272666666666
0.0,5.21531568765469,3.612000569692001,0.7432050155247406,0.2660191387222269,317.0,35.72631001893285,65.52029653069698,1.0,1.0,0.0,0.0,1.0,2.0,374.45,179.26,4048.1,687.35,82.04182173601038,11.25151536,0.1431358461520002,0.002131
5.0,5.203990526367736,2.4190292366314807,0.7514748510702121,0.2949409705259376,1.0,66.44524630012701,37.54190824486338,1.0,1.0,2.0,2.0,0.0,0.0,2956.94,197.36,2886.28,195.34,70.28282224343238,11.80248048,1.0,0.030309
0.0,6.467412307888329,2.3668214372645253,0.6667902697656599,0.303588692862931,545.0,30.40367040968093,60.63810597511555,1.0,1.0,0.0,1.0,1.0,1.0,4374.08,403.67,1396.45,718.65,82.01946038731266,11.47632097,0.4806515889876191,0.0189667583333333
5.0,5.959341438104127,3.92764515511579,0.6781553086415033,0.1459058071468993,181.0,34.9034544048318,60.575649819163694,1.0,1.0,0.0,1.0,1.0,1.0,2592.91,190.13,2899.42,194.11,55.88468786455349,11.36832511,0.997879865,0.0034668833333333
3.0,5.175707055059546,3.916455387328957,0.6888998449170998,0.2297503660070646,323.0,56.72130247703479,60.56708314411096,0.0,0.0,1.0,2.0,0.0,2.0,618.66,195.11,2909.61,200.41,62.4292364789399,12.07361005,0.7524322366900003,0.0499754999999999
2.0,5.057890240909096,4.001586756049363,0.6795841942700217,0.3921004050309667,363.0,77.99747941815642,48.07191165945331,1.0,1.0,0.0,1.0,1.0,1.0,496.61,196.7,2524.23,202.14,91.8330769381022,11.42146666,0.7349493590000001,0.0380589999999999
0.0,5.034022004460863,2.81434802004997,0.7850693720874136,0.375442094179686,84.0,58.16610630063893,30.297422942485717,1.0,1.0,2.0,1.0,1.0,0.0,365.83,177.38,3108.03,421.63,43.898653548929374,11.78094462,0.4412156356833329,0.1681394999999999
5.0,5.240647995351914,2.0032669070744435,0.582582518978202,0.1616180010505527,201.0,64.20028387413822,54.59050000925092,1.0,0.0,2.0,2.0,1.0,1.0,2924.57,195.02,2878.52,194.36,68.78087164194368,12.05502026,1.0,0.0554616666666666
0.0,5.069740237330289,2.006779881597094,0.7745585777259657,0.3514764830812734,469.0,31.880773194033047,30.006044733193797,1.0,0.0,2.0,1.0,1.0,0.0,3077.84,434.87,3537.83,710.51,70.08849892874973,12.17369301,0.4502814625017456,0.3672358988095238
3.0,5.884363472664624,3.902225709600351,0.7838128232041869,0.2834154409493915,339.0,47.984963236248646,54.62643189249178,0.0,1.0,1.0,2.0,1.0,0.0,428.01,174.36,2876.2,198.24,70.00057109221933,12.2488042,0.9370833650000012,0.0607023666666666
0.0,5.162531213895546,2.8923072394044103,0.7860987508049155,0.3813015354419658,199.0,99.6380763967051,53.413919002407866,0.0,0.0,1.0,1.0,0.0,0.0,377.77,164.14,4200.11,792.34,64.45894544061647,11.66089196,0.4168573851633328,0.0136854999999999
1.0,6.3762501084157615,3.9324865276358,0.5298440563901181,0.3977132295127481,195.0,85.54657319231788,32.39856904290623,2.0,1.0,1.0,2.0,1.0,0.0,110.69,488.87,519.32,262.95,76.69875560126353,11.19888945,0.8496860610000013,0.1342244999999998
2.0,5.032438192548228,3.987065231193921,0.6684039626724464,0.3647015301523296,363.0,59.07922595613205,48.78923392458387,1.0,0.0,0.0,1.0,1.0,1.0,934.2,182.37,2621.05,191.71,85.44927167814217,11.51780791,0.7289826736666669,0.051409
0.0,6.01570934607967,2.3641557318949915,0.6560623906942015,0.2802670376395211,616.0,34.93515077488662,58.00620427144575,2.0,0.0,1.0,1.0,0.0,2.0,1225.98,208.77,1403.17,341.99,66.93194835968139,11.44531527,0.7615646730000004,0.0779825833333333
5.0,7.232765243069921,2.1229135779865027,0.6626672475450068,0.2989479426633019,167.0,60.24177831543268,44.41834322549562,0.0,1.0,0.0,1.0,0.0,1.0,2925.1,231.67,2924.15,198.27,68.35341953019872,11.98768624,1.0,0.0
0.0,6.551191751853954,2.1292550397487298,0.6375076594975625,0.2919249032640382,589.0,39.00603125648925,38.68744182438991,0.0,0.0,1.0,0.0,0.0,2.0,3689.38,746.45,1523.76,782.97,79.94462726145497,11.21019451,0.7929592622666669,0.0945050726190476
0.0,5.040503717180855,3.9676873850367023,0.7378833750204551,0.3898319223851261,330.0,51.05860179966924,30.40249533508809,2.0,1.0,2.0,2.0,1.0,1.0,801.43,728.17,364.2,741.87,33.067620918938786,11.71597905,0.582436778066666,0.1133227499999999
3.0,5.328143642686899,2.1975706272826367,0.6976325226420979,0.3943676566024379,401.0,57.07459317271199,38.12581055780067,1.0,0.0,2.0,2.0,1.0,1.0,400.0,200.0,2878.52,194.36,39.43887605166269,12.11335617,0.5613279745899995,0.1654005000000001
0.0,6.549547674088213,2.0545755948326407,0.5431380449027551,0.1142989034173832,495.0,99.91841980126266,92.70788229682968,2.0,1.0,2.0,2.0,1.0,1.0,801.43,728.17,364.2,741.87,59.7149929444492,11.76602082,0.4088783617606663,0.0557851999999999
0.0,5.002071572788996,4.447028605836843,0.7920632789795494,0.3974599470503951,364.0,60.2033163709358,45.37828521099788,1.0,1.0,2.0,1.0,0.0,0.0,1975.07,415.23,4004.57,246.63,55.839267027611584,11.74627951,0.53403819266619,0.3683624333333333
0.0,5.17249130544803,3.995636162287387,0.5286867969654115,0.3739882270700067,169.0,53.610217467804986,30.08438162906424,0.0,0.0,0.0,0.0,0.0,2.0,3009.75,615.6,947.86,795.78,84.06327441535353,11.53521621,0.5122977853333327,0.0045828333333333
3.0,5.0161026216791935,4.356589890717603,0.7623009023637299,0.3389963897861109,1.0,99.24777049579323,30.17689377256594,1.0,1.0,2.0,0.0,0.0,1.0,297.59,133.19,2876.81,194.16,84.25532975479653,11.36612177,0.3943136548799995,0.2552363333333333
5.0,6.414482218787368,2.3649653221440943,0.73821160958361,0.2015854897840641,121.0,35.287013580626784,44.1729224928443,2.0,0.0,0.0,2.0,1.0,0.0,2950.52,196.89,2874.06,201.93,53.67299710248315,12.16710585,1.0,0.0
0.0,5.047872799048085,2.2233933448573917,0.5201855979419917,0.3839181019183626,199.0,41.72351944866181,58.98391914736978,0.0,0.0,0.0,1.0,1.0,1.0,3059.04,338.15,2547.95,572.69,87.6731385048465,11.11418245,0.5728866665999994,0.0020276833333333
0.0,5.028502810837809,4.002619753429506,0.509992256837317,0.380009082126421,365.0,58.1908179918136,48.775874022406725,2.0,0.0,0.0,2.0,1.0,0.0,1535.08,500.33,2499.7,526.28,82.57728847821761,12.24060789,0.7027629090952381,0.0242654261904761
2.0,5.797053600808649,3.988529680115692,0.6774792634119635,0.3973391463878433,181.0,78.06111644751236,49.7473789252516,1.0,1.0,0.0,1.0,1.0,1.0,802.74,186.42,2611.23,201.75,90.8247678965602,11.36833335,0.5760416049999997,0.0321945
0.0,5.029133316868654,3.944961265371728,0.5037204017600394,0.3459024657255035,545.0,33.392916323821545,36.583141139867664,1.0,0.0,0.0,2.0,0.0,0.0,1808.47,343.5,2436.27,221.71,86.02067303083324,12.28424881,0.6393217924238092,0.0131231023809523
3.0,5.061513183273022,3.6880139288678624,0.7817199646949339,0.3519099276452555,181.0,50.181550168699935,40.54802866075885,1.0,0.0,0.0,2.0,0.0,0.0,413.7,167.94,2794.45,200.54,91.82599540616395,12.17623208,0.5802673510699996,0.004797
0.0,5.29471445302663,4.000295645039115,0.7738812475590392,0.3832926501587412,219.0,42.306850080697096,41.1033315625851,0.0,0.0,0.0,0.0,1.0,2.0,206.72,194.35,1495.42,387.52,84.47726261941877,12.10531741,0.5598190589499993,0.0067501666666666
0.0,6.523414839348394,3.7556780239617096,0.7545977576218467,0.2680428898095712,548.0,47.7711827048389,82.89542654152808,0.0,1.0,0.0,2.0,0.0,2.0,102.2,276.88,100.8,207.37,42.90431330261004,11.78923301,0.9107689393333344,0.009375125
0.0,5.229378780592394,3.3901352770775217,0.504204205734735,0.3674371276077929,509.0,96.11914306998096,54.59767500724482,0.0,1.0,0.0,0.0,0.0,0.0,1880.7,368.9,2208.45,330.22,78.56330744524996,11.45492629,0.7024472987999999,0.0218405333333333
0.0,5.121490603269818,3.5657864629296103,0.78880852856247,0.3656843423703622,404.0,59.87274690558012,31.73964851822417,0.0,1.0,2.0,0.0,0.0,1.0,179.28,621.78,2626.14,228.42,33.40910456860813,11.09931291,0.5818587130761897,0.0602192499999999
2.0,6.414234924718491,4.236529368230587,0.6742493149277121,0.1053729832715276,337.0,34.73867980140533,60.63767685120065,1.0,1.0,1.0,1.0,0.0,1.0,368.17,171.7,1400.0,200.0,85.02014091057055,11.525585,0.5922968884400001,0.1703502499999999
0.0,6.420260715323147,2.182565767849655,0.6901494738991671,0.3812763956567573,294.0,36.84712749025051,40.14150539993472,2.0,0.0,0.0,2.0,1.0,2.0,3313.08,212.76,3635.85,690.65,58.48008635253022,12.37029545,0.5592182870944441,0.0155366904761904
1.0,5.030297717931067,2.053539897273553,0.5404417536381999,0.3934441607341696,251.0,39.64624388212678,75.29240868619983,2.0,1.0,1.0,2.0,0.0,1.0,402.49,174.57,2432.66,613.06,55.05260999161935,12.33875025,0.7441574100000002,0.2929340000000003
0.0,5.009451251209626,3.954409765746352,0.7885078078801483,0.3998997184632174,196.0,56.53214644253824,38.259046500616606,2.0,0.0,0.0,2.0,1.0,2.0,813.97,186.0,3635.85,690.65,86.75418415629768,12.34027502,0.667265843333333,0.0163892916666666
0.0,6.453970105505668,3.5155953765276617,0.7243975975190861,0.3825914841426854,289.0,34.81219708839003,59.13417016198274,0.0,0.0,0.0,2.0,1.0,1.0,1976.28,407.9,2528.11,229.78,80.39210350391795,12.09755946,0.5315938599099993,0.0008154999999999
0.0,5.059342559875047,2.0836862159954106,0.5491236605583276,0.3899570726540211,419.0,58.36581265296044,38.094642513987154,1.0,0.0,2.0,0.0,0.0,1.0,897.86,674.11,1003.85,774.62,38.19039534121431,11.48857856,0.4857125750199995,0.4019074238095237
0.0,6.877898325227736,3.9438370464645782,0.5348274724436161,0.342097505227361,545.0,97.52418954908408,35.93519052747685,1.0,0.0,0.0,1.0,1.0,1.0,1810.22,215.79,77.26,630.9,58.51940834211654,11.57265976,0.3914060507095235,0.0186075904761904
3.0,5.884363472664624,3.902225709600351,0.7838128232041869,0.2834154409493915,339.0,47.984963236248646,54.62643189249178,0.0,1.0,1.0,2.0,1.0,0.0,428.01,174.36,2876.2,198.24,70.00057109221933,12.24879231,0.9370833650000012,0.0607023666666666
0.0,6.771446309977782,3.5983591305223297,0.6435911629216505,0.3793881070460316,192.0,36.096548942397256,44.28364278826396,0.0,0.0,0.0,0.0,0.0,2.0,2974.93,410.44,3634.84,277.1,90.32614823643586,12.2472905,0.4741411129999993,0.0002605
0.0,5.19779648945928,2.052641946675015,0.7923240496220294,0.3825502160881935,237.0,89.85746534341854,30.344805480182604,1.0,1.0,1.0,1.0,1.0,1.0,310.72,131.25,618.66,271.69,91.13971680234768,12.19438684,0.5308799596666662,0.0363655
3.0,5.0703792934052,2.876617066715828,0.7798254910255484,0.3654372131710023,94.0,98.21080548674794,38.65413274974011,2.0,1.0,1.0,1.0,0.0,2.0,405.68,174.33,2896.86,198.41,81.54830011432823,11.37072267,0.6947444051899997,0.0442416666666666
0.0,5.233729359227697,2.105668520371609,0.7547411859485713,0.3424073453092623,441.0,49.71010521940927,60.46573953461379,1.0,1.0,1.0,1.0,1.0,1.0,302.14,146.98,2405.18,406.77,67.83583173698815,12.13607727,0.6492271757738095,0.0333047999999999
0.0,6.65313109728223,2.1806675361164385,0.5442728939732491,0.390441993929471,362.0,33.10268045616067,39.79169597844489,2.0,0.0,2.0,2.0,1.0,0.0,2250.17,407.14,2381.88,335.87,73.35206564922439,12.30375335,0.3616343169490472,0.0140405
0.0,6.365567836689904,3.008034820298332,0.5325292781057203,0.3735231568293901,1.0,43.271924953927694,48.87070402506403,0.0,0.0,1.0,2.0,1.0,1.0,1889.35,340.61,631.28,692.81,78.92743304865937,11.38434619,0.2251072443333334,0.009536375
0.0,5.877349602635139,3.9929709076092887,0.5296649598275223,0.3833253930410296,1.0,59.435627745706725,67.50723516089718,0.0,0.0,0.0,0.0,0.0,2.0,3009.75,615.6,947.86,795.78,91.116397219673,11.48766383,0.295059933443333,0.0055437857142857
4.0,5.212570824841838,2.880430155339777,0.7134559879237681,0.3629179404430772,342.0,92.62246644526932,39.292001462700846,2.0,1.0,0.0,2.0,1.0,1.0,992.71,180.36,2828.56,193.77,46.189982178887846,11.92544315,0.840845915000001,0.015805125
0.0,5.005938997860315,3.9350658113363615,0.7890105956885783,0.392580784214929,191.0,44.7502245892786,30.30404381786138,1.0,1.0,2.0,0.0,0.0,1.0,266.04,133.01,1354.43,361.91,86.1872997615548,11.4198241,0.5739336109499996,0.2562065
1.0,5.028089263229424,4.030276221173756,0.6478756670307755,0.3979384189700758,240.0,66.38392558509744,52.53579375063936,2.0,0.0,0.0,2.0,0.0,0.0,626.46,192.2,1562.56,221.38,69.24237848205523,11.54908043,0.7474213070000002,0.0440025
0.0,6.627803371518139,2.1390986954199347,0.7122713806583912,0.3628445872763896,508.0,99.80179070896668,95.17141180500562,0.0,1.0,1.0,2.0,1.0,0.0,4332.25,220.93,1623.48,284.73,79.52052942685165,12.30002911,0.7919133346452388,0.1708486571428571
0.0,6.184740670493246,3.914948491263267,0.6822970910975119,0.3031604570838632,360.0,69.98587734036825,35.86032729491632,2.0,0.0,0.0,2.0,0.0,0.0,4060.6,216.13,2338.88,323.46,68.36241295928369,11.58578257,0.8160317160066675,0.0246763654761904
0.0,5.059342559875047,2.0836862159954106,0.5491236605583276,0.3899570726540211,420.0,58.36581265296044,38.094642513987154,1.0,0.0,2.0,0.0,0.0,1.0,897.86,674.11,1003.85,774.62,38.19039534121431,11.4886091,0.4857125750199995,0.4020150488095237
0.0,6.330560496743515,3.0693211823828643,0.6103479638347002,0.2929715171730117,126.0,37.18819280484925,62.06838973225354,0.0,0.0,1.0,2.0,0.0,0.0,2184.49,263.17,70.15,332.47,78.5529301956632,11.39983005,0.0660005689999999,0.0271194761904761
5.0,5.021857244201767,3.997246925750302,0.7647390313087443,0.2773026529867751,462.0,66.63363431901885,89.87224806863074,2.0,0.0,1.0,1.0,1.0,2.0,2594.32,190.47,2839.13,209.03,55.1606448647523,11.94019989,0.9813983125,0.01089725
3.0,5.057126045360781,2.465093797188977,0.739480870073665,0.3504387629779361,305.0,60.01182636520915,47.11566370578039,1.0,1.0,1.0,1.0,1.0,2.0,451.52,188.38,2802.74,198.55,83.91476082858524,11.61138623,0.6932042454999998,0.0750393678571428
0.0,5.236151157651554,4.195161411476395,0.7905875668467426,0.3798133950159773,332.0,96.64153852016152,67.82290293690718,0.0,1.0,1.0,0.0,1.0,1.0,402.89,183.86,3785.3,270.22,77.91497857211645,11.11924741,0.5872187353333328,0.021047725
0.0,5.781076290250945,2.1117897131020498,0.6225585512155662,0.3928656437549362,316.0,44.61326903577292,95.45429036415696,0.0,0.0,1.0,1.0,1.0,1.0,3899.4,774.18,4010.89,767.06,79.12424217754403,11.25363673,0.3941417986499996,0.12029315
4.0,5.8530895410521815,3.85573999020318,0.6331869504130238,0.3881071068872067,293.0,81.11761612784713,58.26628928356111,0.0,1.0,1.0,0.0,0.0,1.0,1206.57,170.56,2872.19,201.04,35.62686005988519,12.01203157,0.9269610530000014,0.09327015
0.0,7.104514411221987,2.7313133765103816,0.7379950359100889,0.3722432759207952,298.0,52.10714100911856,31.599520958227064,0.0,0.0,1.0,1.0,0.0,0.0,2244.03,465.03,4200.11,792.34,83.11607546230317,11.69090956,0.264333328743333,0.053567475
0.0,5.829971462658316,3.358196020002664,0.6780830329435786,0.3951758979541798,145.0,64.59990776861447,59.480884252877736,0.0,0.0,0.0,2.0,1.0,1.0,1976.28,407.9,2528.11,229.78,53.24451967954976,12.05550181,0.5194106369999995,0.002353
0.0,5.041470953135551,3.313660105365455,0.7245445336095927,0.3891207344533812,257.0,65.98851799053563,30.04377882644836,1.0,1.0,2.0,0.0,1.0,0.0,387.72,259.61,2926.68,408.94,35.12610125912243,12.39720755,0.6350826681899993,0.2708823488095239
0.0,5.260199438525923,2.70488836261165,0.7909185307574927,0.315571932334218,340.0,82.59236951414405,90.38395534780814,2.0,1.0,1.0,0.0,0.0,0.0,3035.95,476.62,3222.69,767.67,79.38349954449303,11.89448811,0.4368905053066662,0.0324376916666666
0.0,5.193113172250048,2.309226063722788,0.7865593636366669,0.3741268558195432,1.0,38.93697240619501,32.79074592601452,1.0,1.0,1.0,1.0,1.0,1.0,310.72,131.25,618.66,271.69,98.80783042156432,12.12544273,0.4295101805233329,0.0298071
0.0,6.453970105505668,3.5155953765276617,0.7243975975190861,0.3825914841426854,289.0,34.81219708839003,59.13417016198274,0.0,0.0,0.0,2.0,1.0,1.0,1976.28,407.9,2528.11,229.78,80.39210350391795,12.09756576,0.5315938599099993,0.0008154999999999
5.0,5.921034085746734,2.655634175675897,0.6779764732293384,0.2506092824320283,138.0,30.78484218830261,62.045212281542135,1.0,1.0,0.0,0.0,1.0,0.0,2523.94,188.48,2839.4,200.1,56.274300055373686,11.91334252,0.990490723,0.0032624333333333
0.0,5.70003156041879,4.462468613927779,0.783182286711507,0.3949988234450368,381.0,57.9796561438646,37.85886162035845,1.0,1.0,2.0,0.0,0.0,1.0,1786.86,164.57,1354.43,361.91,38.00687789686353,11.47528921,0.4836334432433331,0.3690930083333332
0.0,6.7546682918106535,2.058897255235684,0.7823652092425052,0.3946797627047563,144.0,53.39309355186704,37.97858275807402,0.0,0.0,2.0,1.0,1.0,1.0,1913.61,326.97,825.52,691.49,81.570431371782,11.35857097,0.2825580419099996,0.018936
0.0,6.7546682918106535,2.058897255235684,0.7823652092425052,0.3946797627047563,144.0,53.39309355186704,37.97858275807402,0.0,0.0,2.0,1.0,1.0,1.0,1913.61,326.97,825.52,691.49,81.570431371782,11.35857658,0.2825580419099996,0.018936
0.0,5.031019237824917,4.081781327175113,0.7481562718955154,0.3565005225679501,107.0,36.45058293313027,41.81753801382999,0.0,0.0,0.0,1.0,1.0,1.0,359.71,164.64,2434.94,304.36,89.5108770322803,12.23419655,0.3010566234999997,0.0046115
0.0,5.111693831759093,3.902061961430828,0.7468248477195156,0.3831595367868657,339.0,45.3349630750614,43.31168571158236,0.0,1.0,0.0,0.0,0.0,0.0,331.56,160.89,2208.45,330.22,70.92705632130831,11.40369547,0.7652489433333338,0.0040851666666666
3.0,5.044313637647301,3.955650282303829,0.7475530898810889,0.3354612715148825,155.0,56.97928592976282,64.74993078525854,2.0,0.0,0.0,1.0,0.0,0.0,366.74,151.02,2948.98,200.0,90.461687416331,12.10805174,0.7649322771900005,0.0055405
0.0,6.524964523707583,3.117644620497553,0.6775958179592382,0.2993720102089923,466.0,33.959981554686614,58.98391914736978,1.0,0.0,1.0,1.0,1.0,2.0,2679.6,262.09,3458.65,749.55,80.88986313530464,11.22602074,0.5538168572282219,0.0372414833333333
5.0,6.008373515656704,3.0575747553433783,0.7088067405956378,0.2348876696146074,183.0,70.00839338013698,45.70824376109031,0.0,1.0,0.0,2.0,0.0,2.0,2692.3,177.57,2868.0,193.51,90.38125922135276,11.68118876,1.0,0.0
0.0,5.017527238135528,2.045672242873114,0.7959706454249661,0.3892461233607597,290.0,60.428240629203714,33.46895211163338,1.0,0.0,2.0,2.0,1.0,0.0,139.62,401.64,1959.25,253.99,34.98422556529018,11.47096181,0.5774089985133327,0.2049984916666667
0.0,5.250755975393286,3.836798717273014,0.551414453177294,0.3920960297425044,372.0,44.00446191590547,40.12272605731208,2.0,0.0,0.0,2.0,1.0,0.0,3138.2,228.91,1217.09,746.95,79.45775844007642,12.19614013,0.5261617688399994,0.0063474333333333
2.0,5.06756265833383,4.072326822970945,0.5235357568524033,0.3561914313611222,311.0,71.60332714871244,89.92576112004421,0.0,0.0,1.0,1.0,0.0,1.0,548.34,194.95,2048.26,181.79,89.90081654084692,11.60340964,0.7701580508333337,0.2017179999999999
2.0,5.000310018543882,3.985995800495522,0.6709238588667997,0.3664898809024965,125.0,74.90616214368211,50.4806158768146,0.0,1.0,0.0,1.0,0.0,0.0,411.34,199.61,2861.15,194.03,85.3377697000533,11.24324212,0.6610672597999995,0.0578175
0.0,5.12441989576504,2.142344478188667,0.7787034583880837,0.3920400552528186,694.0,57.83293867683817,39.8081461410272,1.0,0.0,2.0,2.0,1.0,2.0,2011.81,315.73,2292.61,482.03,79.4070850769772,11.45020851,0.5148048298784124,0.3331632416666666
0.0,6.467412307888329,2.3668214372645253,0.6667902697656599,0.303588692862931,545.0,30.40367040968093,60.63810597511555,1.0,1.0,0.0,1.0,1.0,1.0,4374.08,403.67,1396.45,718.65,82.01946038731266,11.47632097,0.4806515889876191,0.0189667583333333
0.0,5.24667142554219,2.869621784976999,0.5518322751032061,0.3629559425680886,351.0,51.06799733378027,40.044464784438425,0.0,0.0,1.0,2.0,1.0,1.0,1889.35,340.61,631.28,692.81,79.09946497529985,11.48501085,0.4479831476233327,0.055208675
1.0,7.410597386616437,4.191349731029329,0.5267363805773715,0.2037310815629241,389.0,84.0435701258943,95.64216784631137,2.0,1.0,1.0,2.0,1.0,0.0,110.69,488.87,519.32,262.95,80.35451843502669,11.13679604,0.3759075817133331,0.0939904999999999
0.0,5.0505877271392,2.344722011385102,0.7834991293586888,0.3818267229896843,91.0,57.5908823456504,30.025798982120328,1.0,0.0,2.0,2.0,0.0,0.0,2152.64,163.55,2412.61,597.02,87.77792706099552,11.74705359,0.4428035938499994,0.2651908916666666
0.0,5.302042070784291,3.996321579389517,0.5756754850539599,0.3655044156467229,476.0,46.084781761623695,32.81426430446693,1.0,1.0,0.0,0.0,1.0,2.0,2044.89,611.18,4048.1,687.35,83.68727369849995,11.29916405,0.5506867214166661,0.0097751749999999
0.0,5.009956693394915,3.285444041636601,0.5471920995418054,0.3659606857563179,695.0,57.64784371598376,37.70588230632882,1.0,0.0,2.0,2.0,1.0,2.0,2011.81,315.73,2292.61,482.03,51.81426089639133,11.45025736,0.5743221133888884,0.4309395738095237
5.0,6.450432654375665,2.393147501876772,0.6769264454400333,0.2545895768109311,214.0,37.14094073644232,59.59911628819358,2.0,1.0,1.0,0.0,1.0,0.0,2830.16,196.56,2851.44,198.07,77.07538969053181,11.80999021,1.0,0.0
0.0,6.076312142438589,3.908885864075944,0.7162485814245635,0.3000631930254743,361.0,47.74430806826469,40.09490733975536,2.0,0.0,0.0,2.0,0.0,0.0,4060.6,216.13,2338.88,323.46,68.4603260031369,11.585807,0.8125676655950008,0.0234161904761904
5.0,5.996044299092754,2.99861691156074,0.6781149906826744,0.2239809321489127,1.0,77.36024249245823,44.57974986184857,2.0,1.0,0.0,2.0,1.0,0.0,2935.61,195.72,2850.06,197.14,77.38012094180411,11.47226229,1.0,0.0005185
0.0,5.039640515509744,2.980694882806952,0.5016210480134543,0.3963414548416267,399.0,59.89522763846806,41.484559392324186,0.0,0.0,0.0,1.0,1.0,1.0,3059.04,338.15,2547.95,572.69,78.49865461049467,11.11727229,0.669475602333333,0.0043910833333333
5.0,6.414794693755303,3.804230768474564,0.6804516796192239,0.3371530718968361,1.0,37.16341001794781,39.17146894326611,0.0,1.0,1.0,2.0,1.0,0.0,2770.91,190.56,2876.2,198.24,70.35185173172104,12.15097308,1.0,0.0
3.0,5.109701197495864,2.315226902387399,0.7353205161370253,0.3760530510407306,188.0,72.84037031793062,60.01124870563307,1.0,1.0,0.0,2.0,1.0,0.0,486.05,184.99,2900.07,199.85,82.78017281913105,11.58902486,0.6031048824999995,0.0053805
0.0,5.024013322238264,2.6374116489296857,0.7884830696372092,0.3789379130397331,1.0,57.33903876538248,31.812401415453213,0.0,0.0,1.0,1.0,0.0,0.0,377.77,164.14,4200.11,792.34,43.77135085867015,11.60190988,0.3753333620333328,0.030449
5.0,5.585297183164458,3.785655450221039,0.7211800609879611,0.3689234979199468,1.0,83.85532621879622,54.99838600604108,0.0,0.0,1.0,1.0,0.0,1.0,2766.35,194.56,2864.11,197.4,53.00603320543072,11.51361026,1.0,0.0
0.0,5.137459492706178,4.038133705364523,0.7172663270776986,0.3460952298133419,636.0,68.70053474570427,50.88929068486989,2.0,1.0,0.0,0.0,1.0,1.0,107.37,392.88,2588.26,228.29,69.43828880277138,11.60908687,0.8739365922619057,0.00780645
0.0,5.006238844353322,4.029575422448081,0.5322556897165198,0.3414061714777342,600.0,34.0858437561254,39.740901992764606,0.0,0.0,0.0,1.0,1.0,1.0,3059.04,338.15,2547.95,572.69,77.91972687310168,11.17758122,0.7195094391666668,0.0068316666666666
1.0,6.43621386266078,3.968803481773437,0.5270055007274562,0.395420683815218,177.0,73.1358974186138,36.83764596118097,0.0,1.0,1.0,1.0,0.0,2.0,58.26,254.49,1727.25,213.81,50.59884355988071,11.52248231,0.5643481034999995,0.2189339999999999
0.0,5.231351032837112,2.163336533251288,0.5232903957255932,0.3827940807994324,186.0,48.29698184058517,39.57590760712334,2.0,0.0,0.0,2.0,1.0,0.0,3138.2,228.91,1217.09,746.95,78.1862625875848,12.14184336,0.5428776869999993,0.0041290833333333
0.0,5.061562208014897,2.134135170144822,0.5000118027698222,0.3498606184613567,564.0,33.53129751802084,44.89541390733122,1.0,1.0,0.0,2.0,1.0,0.0,2574.21,202.37,3436.33,223.66,35.62358313001065,11.70058615,0.7014082252174997,0.0144537666666666
0.0,6.599348231326369,2.933974055060096,0.5393513396702904,0.3760882890889833,395.0,30.412069698164075,38.24546326730737,0.0,1.0,0.0,1.0,0.0,0.0,2823.94,340.35,190.55,268.99,91.25221596740552,11.98790654,0.333640616695952,0.0008825
0.0,5.014352850304556,2.420319940876753,0.7879904026521506,0.3834674256389284,1.0,96.99896135839202,31.653317744065657,1.0,1.0,1.0,1.0,1.0,1.0,300.46,150.23,2405.18,406.77,69.51552890759453,12.01123414,0.3976491951833328,0.0383643095238095
0.0,5.025746824989737,3.782652910713953,0.6289770952377643,0.3865236441033513,1.0,35.099037706220926,36.982722911647485,0.0,1.0,0.0,1.0,0.0,0.0,2823.94,340.35,190.55,268.99,78.69896145839127,11.87538842,0.4929223149999993,0.00597925
5.0,5.986138584439815,2.9849692909889614,0.6669783532677506,0.2267008092924429,428.0,72.41199457543996,76.32208741582765,2.0,1.0,1.0,0.0,1.0,0.0,2916.38,194.9,2874.44,198.37,79.37511783406143,11.87171723,1.0,0.004542
0.0,5.289320640494888,3.775708987769635,0.7836846472454285,0.3873239667501466,123.0,56.10616648505394,68.84528046080005,2.0,0.0,0.0,1.0,1.0,0.0,267.3,157.62,4377.75,457.08,86.48777634870575,11.76288775,0.4724221458499995,0.0045809999999999
0.0,5.002581825957485,3.994116206780433,0.6100319322972336,0.3935576663237464,103.0,48.03213748518201,69.89546114444686,1.0,1.0,0.0,0.0,0.0,0.0,258.25,128.81,352.97,220.62,85.81501037136229,11.94007501,0.5198835493333329,0.0122708333333333
5.0,7.368363725884643,3.0736648776317987,0.6336921331747835,0.1940131640781732,231.0,48.122710217101584,52.24239326871087,1.0,0.0,1.0,0.0,0.0,1.0,2463.9,187.38,2937.77,196.4,69.27998813849405,11.11744352,0.99738914,0.0194797
0.0,5.049888566083961,4.018324321517245,0.5234147090602339,0.3491187528099312,274.0,70.62758944916132,60.43652661660707,2.0,1.0,0.0,2.0,1.0,0.0,1531.03,480.75,297.23,200.72,79.92324929560607,11.55411329,0.9106100500000012,0.0145470083333333
0.0,6.549547674088213,2.0545755948326407,0.5431380449027551,0.1142989034173832,495.0,99.91841980126266,92.70788229682968,2.0,1.0,2.0,2.0,1.0,1.0,801.43,728.17,364.2,741.87,59.7149929444492,11.76602082,0.4088783617606663,0.0557851999999999
1.0,5.150351371196848,2.540864230280937,0.5244432888783036,0.3959679240497376,305.0,34.532118470166964,99.44553298413692,1.0,1.0,1.0,1.0,1.0,2.0,106.39,414.63,1398.98,761.93,76.3141371293515,11.61138789,0.6185605739999993,0.3692254999999999
0.0,5.24667142554219,2.869621784976999,0.5518322751032061,0.3629559425680886,351.0,51.06799733378027,40.044464784438425,0.0,0.0,1.0,2.0,1.0,1.0,1889.35,340.61,631.28,692.81,79.09946497529985,11.48500788,0.4479831476233327,0.055208675
0.0,5.019049839128587,4.030673642173625,0.5499768997526652,0.3826536361668139,370.0,52.92410133750191,31.312196684142567,2.0,0.0,0.0,1.0,1.0,0.0,852.89,736.36,4377.75,457.08,80.49322813000742,11.83702476,0.6223901682685706,0.0103171416666666
2.0,7.362556797757971,3.608840856843344,0.5439378100670947,0.385201292528712,152.0,76.74974970792235,94.90503593943144,1.0,1.0,1.0,1.0,1.0,2.0,278.17,163.22,2583.21,192.59,88.76017700019077,11.56638934,0.4351335104699996,0.2186774999999998
5.0,6.006519402978353,2.2475079979166317,0.6005181032251538,0.2261163992183387,1.0,33.92928497634345,46.8135028981058,1.0,0.0,0.0,0.0,0.0,2.0,2645.07,182.59,2848.97,194.29,47.66878328076941,11.52430929,0.997879865,0.00246425
0.0,6.771446309977782,3.5983591305223297,0.6435911629216505,0.3793881070460316,192.0,36.096548942397256,44.28364278826396,0.0,0.0,0.0,0.0,0.0,2.0,2974.93,410.44,3634.84,277.1,90.32614823643586,12.24726628,0.4741411129999993,0.0002605
0.0,6.420260715323147,2.182565767849655,0.6901494738991671,0.3812763956567573,294.0,36.84712749025051,40.14150539993472,2.0,0.0,0.0,2.0,1.0,2.0,3313.08,212.76,3635.85,690.65,58.48008635253022,12.37029545,0.5592182870944441,0.0155366904761904
0.0,5.250755975393286,3.836798717273014,0.551414453177294,0.3920960297425044,372.0,44.00446191590547,40.12272605731208,2.0,0.0,0.0,2.0,1.0,0.0,3138.2,228.91,1217.09,746.95,79.45775844007642,12.19612637,0.5261617688399994,0.0063474333333333
0.0,5.026384437902713,2.317795693830605,0.7841739484913383,0.3905533590819518,202.0,61.81448672556819,41.02303097701568,0.0,1.0,2.0,0.0,0.0,1.0,179.28,621.78,2626.14,228.42,43.2241975177191,11.15876268,0.611276554166666,0.0781321249999999
0.0,6.65313109728223,2.1806675361164385,0.5442728939732491,0.390441993929471,361.0,33.10268045616067,39.79169597844489,2.0,0.0,2.0,2.0,1.0,0.0,2250.17,407.14,2381.88,335.87,73.35206564922439,12.30372892,0.3616343169490472,0.0140405
0.0,5.182557277040682,3.996583560998871,0.5188723386884112,0.3818289670838196,289.0,45.01524976328861,65.92900405664625,1.0,1.0,0.0,2.0,1.0,1.0,3015.77,759.21,4434.23,442.63,82.74822049338002,11.80914934,0.6362236543199993,0.0144033833333333
4.0,5.232849178543446,2.7074035626953554,0.7987015964709134,0.3788181681316839,120.0,78.70075890617237,39.87300957280301,2.0,0.0,0.0,2.0,0.0,0.0,1672.79,167.53,2955.58,200.16,42.50317495715972,11.51348937,0.8244889981900009,0.0106760555555555
0.0,5.781076290250945,2.1117897131020498,0.6225585512155662,0.3928656437549362,316.0,44.61326903577292,95.45429036415696,0.0,0.0,1.0,1.0,1.0,1.0,3899.4,774.18,4010.89,767.06,79.12424217754403,11.25363673,0.3941417986499996,0.12029315
0.0,6.444187274685492,2.1506835356581937,0.679461182354812,0.3955258057264431,378.0,99.84357901831714,69.81567279036591,2.0,1.0,1.0,2.0,0.0,1.0,4161.81,215.39,2432.66,613.06,59.05049941437665,12.37729112,0.623903243516666,0.2140033202380953
0.0,5.211136413651416,4.325187065238206,0.6089776903202563,0.3444450678941823,405.0,60.78309485649371,59.29393658149124,1.0,1.0,0.0,2.0,1.0,2.0,3694.11,789.08,1500.49,362.55,80.34351515240729,11.301075,0.5315271046666665,0.0198815249999999
1.0,6.307492710534103,3.973343907813105,0.6558619785538128,0.3893661925068234,276.0,42.09664900750126,66.4781478537487,2.0,1.0,0.0,0.0,1.0,1.0,663.18,191.04,1802.86,253.79,75.53011805395201,12.28037506,0.7877465125900006,0.0612814999999999
0.0,5.185987639585542,3.675723640826735,0.6027546350868944,0.3478126420679647,592.0,33.800544083934184,43.27701377107384,0.0,1.0,0.0,1.0,0.0,0.0,2823.94,340.35,190.55,268.99,78.19936693390233,12.04757798,0.5157111481399995,0.0039485833333333
5.0,6.594093856309183,3.678594082337783,0.7017344833519321,0.2781576223635563,212.0,38.09624960568392,67.76869582214971,2.0,1.0,0.0,0.0,1.0,1.0,2933.29,284.53,2911.67,196.77,87.28187190496057,11.4839789,1.0,0.0
0.0,6.0411816512692615,2.3668068455285667,0.6975475704006991,0.3423848094817909,433.0,47.55251394620285,59.29955497442868,0.0,0.0,0.0,2.0,1.0,1.0,1976.28,407.9,2528.11,229.78,79.98398707368156,12.14154882,0.4736499178052375,0.0005583333333333
1.0,5.263571317010063,2.285152666812372,0.5414517181022479,0.3842618265500761,311.0,58.32034277290304,53.24341190264271,1.0,0.0,1.0,1.0,1.0,2.0,693.8,191.03,3411.67,750.93,85.15991256427694,11.17900699,0.5647654609999995,0.3839133000000001
1.0,5.477269956720245,3.1446684213796434,0.5666649867873106,0.3860402755829704,311.0,51.397054145939705,95.651271607504,1.0,0.0,1.0,1.0,1.0,2.0,693.95,190.17,3411.67,750.93,97.59901897039094,11.17901294,0.5427065941899997,0.387438133333333
4.0,5.116258436593351,3.995397376538202,0.7745307907569822,0.3911347966743685,168.0,96.78317412562832,48.84691772858808,1.0,1.0,1.0,1.0,0.0,1.0,744.9,157.26,2920.85,196.13,50.51761832993886,11.47591198,0.5753307973799995,0.0799989999999999
0.0,5.021604118774829,2.1769969945178507,0.623116384517711,0.3901210782467898,541.0,32.25432883118399,30.135677031762057,1.0,1.0,2.0,2.0,1.0,2.0,3115.69,584.43,138.53,411.75,76.56248929155153,11.22286933,0.4876464635933329,0.4087096464285711
0.0,6.899413444279399,3.964551687318252,0.5376094128661465,0.2603113789128289,546.0,95.07923727737295,44.45552868214908,1.0,0.0,0.0,1.0,1.0,1.0,1810.22,215.79,77.26,630.9,74.73276728683086,11.57269946,0.4427234237023807,0.016287263095238
0.0,6.65313109728223,2.1806675361164385,0.5442728939732491,0.390441993929471,361.0,33.10268045616067,39.79169597844489,2.0,0.0,2.0,2.0,1.0,0.0,2250.17,407.14,2381.88,335.87,73.35206564922439,12.30372892,0.3616343169490472,0.0140405
0.0,5.69704240229726,2.05341143121458,0.7830285645983581,0.381670393724545,133.0,98.56371105174384,43.47563000838105,2.0,1.0,1.0,0.0,1.0,2.0,394.74,767.75,1983.4,299.33,69.498797050143,11.79395431,0.4560710948866661,0.001547
0.0,5.790176631006302,3.38550546204569,0.7936243550022797,0.3732415721217377,1.0,40.55080800196253,41.79733517076972,2.0,0.0,0.0,0.0,0.0,0.0,2016.6,417.93,1559.79,221.11,91.56574658325124,12.16288898,0.3832809320499994,0.0012753333333333
0.0,5.148336219952603,2.0793184089265018,0.7912538563227329,0.3787759118517292,139.0,59.084273926387006,33.47826351524994,1.0,0.0,2.0,0.0,0.0,1.0,354.9,177.76,1003.85,774.62,35.2395999126587,11.40492475,0.4877960721733327,0.2060739999999999
0.0,5.010538877212251,2.285134165559604,0.7048402686215881,0.3717035460094087,1.0,36.84415761473642,62.17147544064917,0.0,0.0,0.0,2.0,1.0,1.0,1976.28,407.9,2528.11,229.78,89.35733664949925,12.01412199,0.497110884626666,0.0034279333333333
0.0,5.006146618973835,3.06469290365774,0.7504812751086808,0.2582686484816503,451.0,80.08285503759933,40.57069569034537,1.0,1.0,1.0,2.0,0.0,1.0,526.6,250.38,305.31,750.11,81.73944000336378,11.21870049,0.6145707255833327,0.0798816523809523
0.0,5.014594406131026,3.8180645510669033,0.5384540215050929,0.3781475588241844,220.0,60.15488541715335,87.7601462524934,0.0,0.0,2.0,1.0,1.0,1.0,2701.9,163.62,1449.88,242.42,83.58987100884964,11.11011799,0.5589848629999995,0.1816210000000001
0.0,5.001643873382669,3.986201860368049,0.7968584821438721,0.3732126555594941,436.0,53.1522366560459,37.90185598282208,1.0,0.0,2.0,1.0,1.0,0.0,3599.64,770.47,4445.72,743.68,79.63297266269542,12.10548653,0.4705018093428568,0.400926630952381
0.0,5.107690169924075,2.052603416922804,0.6773245658021521,0.3411911976580061,499.0,82.46868724807936,38.57212038753573,0.0,1.0,1.0,0.0,1.0,1.0,4261.88,758.2,3785.3,270.22,55.83645675713445,11.16930542,0.8034877219285719,0.2122454726190477
0.0,5.21054952717054,3.5254274781623285,0.6318016948998527,0.3406640558668225,662.0,76.02252959713289,38.102818208634666,1.0,1.0,1.0,1.0,1.0,1.0,3648.55,292.68,2405.18,406.77,76.81064905081028,12.20243495,0.6333283623769836,0.1719537444444444
0.0,5.184167160783049,3.495478739054548,0.6296313040954691,0.3748479659006022,343.0,40.02694912752518,35.61294713219356,2.0,1.0,1.0,2.0,1.0,0.0,3992.77,789.41,1400.13,767.97,69.13709988946194,11.19720196,0.618796319821428,0.177223069047619
0.0,5.02417428559159,3.482344166701949,0.6283995119213069,0.3843326578371077,344.0,44.22901665295484,48.64470977717504,2.0,1.0,1.0,2.0,1.0,0.0,3992.77,789.41,1400.13,767.97,72.00168043308474,11.19722639,0.6094428392797614,0.1745396523809523
0.0,7.496392997828493,3.3352777270549163,0.6479224229280651,0.1894629647193582,287.0,58.83031649429031,39.705813890542245,0.0,0.0,2.0,1.0,0.0,1.0,2149.73,176.05,176.55,363.53,76.94904720226359,11.11290891,0.06409717703,0.0
0.0,5.137459492706178,4.038133705364523,0.7172663270776986,0.3460952298133419,636.0,68.70053474570427,50.88929068486989,2.0,1.0,0.0,0.0,1.0,1.0,107.37,392.88,2588.26,228.29,69.43828880277138,11.60908687,0.8739365922619057,0.00780645
0.0,5.021201141777629,3.741802318746272,0.7985018181885448,0.3874252942644749,84.0,54.27171958944663,30.30179788367296,1.0,1.0,2.0,1.0,1.0,0.0,363.85,179.88,3108.03,421.63,36.59186309269959,11.7809397,0.4371355806833329,0.1355714999999999
1.0,5.011535015604985,3.617155691666196,0.5603702062047764,0.3658660439940187,110.0,82.77139348272537,59.69253144997283,2.0,0.0,0.0,0.0,1.0,1.0,419.22,199.33,1140.8,194.22,90.22482784732036,11.49312296,0.7023071099999999,0.0970449999999999
5.0,5.970553979840532,3.047781657904324,0.6928415871529398,0.2631725550601698,428.0,56.73555129803384,78.35809659361466,2.0,1.0,1.0,0.0,1.0,0.0,2830.16,196.56,2851.44,198.07,78.82988932618588,11.87175845,1.0,0.004542
0.0,5.01581866505483,3.335064992839004,0.5860356569677373,0.3917703485668455,156.0,78.04875848683922,32.00207178953386,1.0,0.0,2.0,1.0,1.0,0.0,299.39,149.62,3537.83,710.51,42.82684537406264,12.0804672,0.3034555604999996,0.1368563571428571
0.0,5.829971462658316,3.358196020002664,0.6780830329435786,0.3951758979541798,145.0,64.59990776861447,59.480884252877736,0.0,0.0,0.0,2.0,1.0,1.0,1976.28,407.9,2528.11,229.78,53.24451967954976,12.05551266,0.5194106369999995,0.002353
0.0,6.245351013196534,3.398180170555517,0.5392956920762018,0.2147761980577014,513.0,41.21964947738878,96.9383625479049,2.0,1.0,0.0,2.0,1.0,1.0,2737.48,327.36,1231.01,749.07,96.04579172663271,11.97728287,0.6761752341299997,0.01597115
4.0,5.16795421954053,2.56318497527776,0.6690418403526434,0.3728791444436091,138.0,80.88791856555757,91.2391789719608,2.0,1.0,0.0,0.0,1.0,1.0,1242.55,168.56,2851.42,193.68,76.74765527498145,12.24008656,0.9388419350000018,0.0140135
0.0,5.790176631006302,3.38550546204569,0.7936243550022797,0.3732415721217377,1.0,40.55080800196253,41.79733517076972,2.0,0.0,0.0,0.0,0.0,0.0,2016.6,417.93,1559.79,221.11,91.56574658325124,12.16288082,0.3832809320499994,0.0012753333333333
0.0,5.229201806200447,2.291084574036032,0.6685074724902743,0.3574385948421585,519.0,32.033290810031176,49.288415480377736,1.0,1.0,0.0,2.0,0.0,1.0,3669.82,251.12,3541.71,676.44,54.79722850100536,11.68941426,0.7202524389166666,0.0219736999999999
0.0,6.439421908227801,2.0495521684599884,0.6678619691885495,0.2992100715706198,530.0,46.45464193037756,75.35425692910121,2.0,0.0,1.0,0.0,1.0,1.0,3121.12,256.79,4294.02,721.07,75.99387819196954,11.52002226,0.6959546400116666,0.0640691166666666
0.0,5.031031969282339,2.124815005161131,0.7953462095658872,0.2625438045643312,431.0,99.08889892723894,46.854104745190654,0.0,0.0,2.0,1.0,0.0,1.0,3754.34,789.02,176.55,363.53,75.97512373578957,11.15689104,0.4599378678714281,0.3087770499999998
2.0,5.100982203958907,3.926002060383466,0.6774687613117886,0.3783202473021562,159.0,72.6320890208298,57.42770767843202,1.0,1.0,0.0,0.0,1.0,2.0,647.35,191.87,2970.5,198.32,84.26188558424549,11.20475649,0.6544313828799996,0.2210009999999997
0.0,7.47459149624316,2.9004623598730137,0.7976877517557057,0.219311787843876,1.0,46.56109369334277,94.2148086611658,2.0,1.0,1.0,0.0,0.0,1.0,2775.41,236.2,2190.72,647.18,81.55330641187027,11.13009093,0.1883596399400001,0.0
0.0,5.284862798337382,4.471875930314641,0.7927926496103859,0.3920593447878244,251.0,56.18806063208071,32.672717799161425,1.0,1.0,2.0,1.0,1.0,0.0,3052.09,573.87,3108.03,421.63,82.23983429253902,11.83098282,0.6034487310433329,0.3601492666666666
0.0,5.182557277040682,3.996583560998871,0.5188723386884112,0.3818289670838196,289.0,45.01524976328861,65.92900405664625,1.0,1.0,0.0,2.0,1.0,1.0,3015.77,759.21,4434.23,442.63,82.74822049338002,11.80914934,0.6362236543199993,0.0144033833333333
0.0,5.026384437902713,2.317795693830605,0.7841739484913383,0.3905533590819518,202.0,61.81448672556819,41.02303097701568,0.0,1.0,2.0,0.0,0.0,1.0,179.28,621.78,2626.14,228.42,43.2241975177191,11.15873703,0.611276554166666,0.0781321249999999
0.0,6.682125380040053,2.166443379340494,0.791307580291122,0.388883974267236,289.0,56.13447154564224,31.01270337787914,0.0,0.0,2.0,1.0,1.0,1.0,1913.61,326.97,825.52,691.49,79.18256690166918,11.40121038,0.3344738764733329,0.01909
0.0,5.001993520730754,2.2858204752455165,0.7932620546181035,0.3843946774180651,121.0,45.3038784273736,30.430481293306386,1.0,1.0,2.0,1.0,0.0,0.0,245.91,122.83,4004.57,246.63,34.44457779359075,11.67336019,0.4475785410233329,0.203905125
5.0,5.898850883435327,2.3907095145599837,0.5024672492227489,0.2278972359674148,1.0,37.61667128677432,59.980140211505216,2.0,1.0,1.0,0.0,0.0,2.0,2747.17,193.79,2889.94,193.49,55.062216843000506,12.21112706,1.0,0.0
0.0,5.789880434340582,2.128274342056168,0.6351749140784952,0.3976665002284883,317.0,58.76593528316787,92.20690583857248,0.0,0.0,1.0,1.0,1.0,1.0,3899.4,774.18,4010.89,767.06,77.18713368211714,11.25365811,0.3941805947166661,0.0975605
0.0,5.073662704614797,3.998858672639556,0.5698542261682418,0.3727922924352193,503.0,54.99731499640708,36.62948162375444,0.0,1.0,0.0,1.0,0.0,1.0,128.43,521.68,158.09,205.08,88.34338614997174,12.08801127,0.6716771313571427,0.0075952023809523
1.0,7.473640683496817,2.0878213843026723,0.5985710543464259,0.390092109122409,251.0,94.28241675256368,94.52347902030569,2.0,1.0,1.0,2.0,0.0,1.0,355.63,173.8,2432.66,613.06,64.32660034090402,12.33875261,0.4950123509999995,0.2869805000000003
0.0,5.0350399448440015,4.001741581297349,0.5202720329088805,0.3785790844667915,253.0,49.55988315210882,30.64735982897181,0.0,0.0,0.0,2.0,0.0,2.0,211.87,723.35,1777.71,414.59,87.96136750116003,11.48085857,0.6339439568333327,0.0058397583333333
0.0,5.476475287277444,2.2532806703825785,0.7841281931114067,0.3814493286008088,162.0,99.7590797023991,57.39674967219056,2.0,0.0,1.0,1.0,0.0,1.0,210.64,762.82,1730.07,368.56,38.18180176722437,12.16923361,0.3037941924033329,0.004152
4.0,5.282783723080443,3.9571011823215807,0.7054918276216109,0.3626592941699696,424.0,60.01148932177044,42.59895724980729,2.0,1.0,0.0,0.0,1.0,1.0,290.24,385.87,2911.67,196.77,30.64880070921151,11.54519526,0.8692424710000011,0.020315725
0.0,5.004748284335829,2.111027019422875,0.5639486311140404,0.2118062232892048,601.0,99.83496399280251,88.98085222135335,1.0,0.0,2.0,2.0,1.0,1.0,283.37,226.93,561.99,775.95,38.12429087886416,12.17363616,0.5465839813095237,0.2822904488095239
0.0,5.039640515509744,2.980694882806952,0.5016210480134543,0.3963414548416267,399.0,59.89522763846806,41.484559392324186,0.0,0.0,0.0,1.0,1.0,1.0,3059.04,338.15,2547.95,572.69,78.49865461049467,11.11726186,0.669475602333333,0.0043910833333333
0.0,5.034730215115993,2.036527003982231,0.7839378459183307,0.381248222061583,105.0,45.46109089792233,32.04499216732885,1.0,0.0,2.0,1.0,1.0,0.0,272.48,136.23,2652.23,681.42,84.88054382393776,11.35924282,0.4551813051666661,0.1897354166666666
3.0,7.281379270422218,2.4989129232235414,0.795735230903636,0.3881462526794,178.0,64.90522238588777,35.66678141906513,0.0,0.0,2.0,0.0,1.0,2.0,500.38,185.11,2874.12,194.38,82.13787973142675,11.21125183,0.5925124200699997,0.1768575833333332
0.0,5.000130944509087,3.270744862813289,0.6291012980771885,0.3898578964276552,309.0,58.17558831892132,96.37169614121338,1.0,1.0,0.0,0.0,0.0,0.0,4347.14,534.45,352.97,220.62,82.36740004973669,12.0021403,0.6678764108233329,0.0269492047619047
3.0,5.835703993268725,3.75953423257453,0.7606653328144546,0.2470722267059439,365.0,44.52696954881363,53.00889538744254,0.0,1.0,0.0,2.0,0.0,2.0,421.51,188.29,2868.0,193.51,33.83898429762899,11.73433027,0.9429879150000012,0.010075
0.0,5.006238844353322,4.029575422448081,0.5322556897165198,0.3414061714777342,599.0,34.0858437561254,39.740901992764606,0.0,0.0,0.0,1.0,1.0,1.0,3059.04,338.15,2547.95,572.69,77.91972687310168,11.17753847,0.7195094391666668,0.0068316666666666
0.0,5.049528104716287,3.760868689108696,0.7625885748066833,0.2327835991474336,110.0,47.8348478503865,42.129052789055805,0.0,0.0,0.0,2.0,0.0,2.0,403.29,171.22,1596.1,315.44,69.57673196179746,12.15886786,0.1021357770000001,0.0051285
0.0,6.955970409896527,2.1751548001163528,0.7249714931069045,0.2990851012432284,604.0,64.26083903680659,61.35173887148361,1.0,0.0,1.0,1.0,1.0,0.0,104.91,208.84,2206.47,300.61,74.26319038761852,11.25782055,0.6354822395436508,0.0245760249999999
0.0,5.964458138136807,3.4573676326413465,0.7597001556142563,0.190762536451535,693.0,78.22696065462503,66.13117578351202,2.0,0.0,1.0,1.0,1.0,2.0,2435.56,591.61,1462.01,536.68,78.59761709024613,12.00947781,0.78046639288,0.0564319833333333
0.0,5.166108400782362,2.145337399472538,0.7910192965539898,0.3723661682192105,291.0,59.45167343156891,32.58961351965375,1.0,0.0,2.0,2.0,1.0,0.0,139.62,401.64,1959.25,253.99,36.77535343495819,11.47098319,0.5786857012466661,0.2037065000000001
1.0,7.254558671239323,3.620489336307028,0.5389565737592695,0.3961151113363507,411.0,87.32177310677912,55.6102538190834,2.0,0.0,1.0,1.0,0.0,2.0,378.77,163.12,1329.85,255.25,72.2722230933461,11.38324365,0.5527502676066665,0.1892970000000002
1.0,6.328392417996482,3.9702322485707615,0.5379513143369528,0.3941246609212133,183.0,73.01057117017538,84.33873239665158,2.0,1.0,1.0,0.0,1.0,0.0,830.12,209.87,2671.96,177.88,83.74246561864629,11.24178958,0.7438661965000002,0.183629
0.0,5.217980224653541,4.395277878451266,0.6225388736571508,0.3935295485791957,310.0,93.8811850734922,59.03763040305051,1.0,1.0,0.0,0.0,0.0,0.0,4347.14,534.45,352.97,220.62,82.27823843276741,12.00216168,0.6090106843333327,0.021156313095238
3.0,5.108292379942579,3.983394607521009,0.799523772434594,0.3642956518666486,177.0,70.0364189843842,48.9864193459966,0.0,1.0,1.0,1.0,0.0,2.0,156.52,242.37,2896.08,198.18,82.19542900133916,11.52249568,0.7341821485000001,0.039268
5.0,5.962419517023785,2.816367237039135,0.7159895274842195,0.2191098151952916,171.0,73.32918460297321,48.66214789514536,2.0,1.0,0.0,2.0,1.0,1.0,2924.05,196.39,2828.56,193.77,54.29138308300145,11.87518638,1.0,0.0
0.0,6.627803371518139,2.1390986954199347,0.7122713806583912,0.3628445872763896,508.0,99.80179070896668,95.17141180500562,0.0,1.0,1.0,2.0,1.0,0.0,4332.25,220.93,1623.48,284.73,79.52052942685165,12.30002911,0.7919133346452388,0.1708486571428571
3.0,5.17224232072303,3.632580262532864,0.7211137455150458,0.245618246902434,461.0,43.029327837728594,40.61505233598604,1.0,0.0,0.0,0.0,0.0,0.0,422.56,172.27,2921.78,199.89,56.38825346832684,11.39383945,0.6661399781899996,0.0041665
0.0,5.151233468790871,3.5409453593472,0.7392722606248373,0.3498296527764759,637.0,60.837244880513495,42.27269050376479,2.0,1.0,0.0,0.0,1.0,1.0,107.37,392.88,2588.26,228.29,85.21071621173776,11.60913267,0.8502346252619054,0.0071136583333333
0.0,6.184740670493246,3.914948491263267,0.6822970910975119,0.3031604570838632,360.0,69.98587734036825,35.86032729491632,2.0,0.0,0.0,2.0,0.0,0.0,4060.6,216.13,2338.88,323.46,68.36241295928369,11.58578257,0.8160317160066675,0.0246763654761904
0.0,5.045892283141498,4.003441747662569,0.5641983117505593,0.2545592587277294,642.0,84.2337953119808,63.9548942269311,2.0,1.0,1.0,0.0,1.0,0.0,1467.38,280.01,607.4,734.15,79.20269416359174,11.93622719,0.7294434560466666,0.0891322386904762
4.0,7.472957177824206,3.107411097011456,0.5409959049615684,0.3983268344522783,156.0,97.74157045508788,32.138668926699005,0.0,1.0,2.0,2.0,0.0,0.0,2111.92,181.54,2909.87,195.39,36.22950948353665,12.18507066,0.8294112810000008,0.3189399166666665
0.0,5.195835326405301,2.0434004424714614,0.7942888225796397,0.393052183897107,325.0,37.23576043974423,57.557339033019325,2.0,0.0,1.0,1.0,0.0,1.0,210.64,762.82,1730.07,368.56,48.689045487728336,12.21715198,0.6122363292333328,0.0362863333333333
0.0,6.245351013196534,3.398180170555517,0.5392956920762018,0.2147761980577014,513.0,41.21964947738878,96.9383625479049,2.0,1.0,0.0,2.0,1.0,1.0,2737.48,327.36,1231.01,749.07,96.04579172663271,11.97728287,0.6761752341299997,0.01597115
0.0,5.2236242635514,3.0896750645803746,0.7849668585851339,0.3838086488217354,1.0,97.17881537202518,59.76434926757052,1.0,1.0,1.0,1.0,1.0,1.0,311.69,155.84,2405.18,406.77,70.88914493674979,12.01124283,0.3679890621833327,0.0227317999999999
3.0,5.230461602712367,3.825633700518062,0.7469499971403307,0.2316084192719922,188.0,46.42860527197583,48.52882223104066,1.0,1.0,0.0,2.0,1.0,0.0,593.41,194.87,2983.08,199.98,84.34593506798832,11.58904548,0.3110589274000001,0.0023209166666666
0.0,6.144948828859693,2.193594906973217,0.6813637925294951,0.3794457370612423,135.0,37.17194127749471,58.24493084804409,2.0,0.0,0.0,0.0,0.0,0.0,2016.6,417.93,1559.79,221.11,69.78179052093365,12.20202206,0.4280042928433327,0.000937
0.0,5.137375383409272,4.398427717027367,0.5417084557610455,0.3955407889391956,428.0,96.72553403366264,36.095669145515615,1.0,1.0,2.0,2.0,0.0,0.0,1867.55,234.08,2356.35,560.55,36.073349337673854,11.9281727,0.5420066963523804,0.4128119238095237
2.0,6.766834003663769,2.7306249675838283,0.648005253716108,0.3970492342665072,171.0,49.66945134020412,86.20272982329006,1.0,1.0,2.0,0.0,1.0,0.0,365.09,209.39,2038.58,212.48,57.470156568723134,12.37086185,0.5306567476666662,0.0225295
0.0,6.01570934607967,2.3641557318949915,0.6560623906942015,0.2802670376395211,616.0,34.93515077488662,58.00620427144575,2.0,0.0,1.0,1.0,0.0,2.0,1225.98,208.77,1403.17,341.99,66.93194835968139,11.44531527,0.7615646730000004,0.0779825833333333
0.0,5.171141009450658,2.010925834926081,0.786696163834433,0.3796075188211592,106.0,99.8064441567542,53.611993330179175,0.0,0.0,1.0,1.0,1.0,1.0,397.69,160.02,4010.89,767.06,42.34502290570151,11.19036078,0.3994059548333329,0.0013095
0.0,5.041756626938396,3.999907036107696,0.5018709373660347,0.3795362866730991,329.0,57.21902838934803,30.169338750975403,0.0,0.0,0.0,0.0,1.0,2.0,1427.61,714.67,1495.42,387.52,82.23844720958054,12.138974,0.700451544833333,0.0222006523809523
0.0,7.21203428512588,4.451118685164883,0.6775790837769091,0.3445854237608178,498.0,30.307603906649494,32.194602548988016,0.0,0.0,0.0,1.0,1.0,1.0,4368.95,701.34,2229.06,294.91,82.3931424364368,12.31849178,0.5145243323349996,0.0311353238095238
1.0,5.2652725125215225,2.075372970420858,0.607368169524538,0.391302685472299,317.0,57.60325808074732,74.89789222949817,1.0,1.0,0.0,0.0,1.0,2.0,647.35,191.87,3922.45,696.76,88.75951784567405,11.25152727,0.6251321722449993,0.3346999999999998
0.0,6.538986206401948,3.4448163120400066,0.7976445484435998,0.2079761041929116,189.0,99.04711276551288,43.757650380032686,2.0,1.0,1.0,1.0,0.0,2.0,1050.07,179.29,707.5,747.35,55.15910490062357,11.39920759,0.21261073,0.0577910238095237
0.0,6.184740670493246,3.914948491263267,0.6822970910975119,0.3031604570838632,360.0,69.98587734036825,35.86032729491632,2.0,0.0,0.0,2.0,0.0,0.0,4060.6,216.13,2338.88,323.46,68.36241295928369,11.58578257,0.8160317160066675,0.0246763654761904
0.0,5.001029876359925,3.985925414743861,0.5942097156177553,0.3714880165042559,253.0,58.13593285029088,35.906689417865515,0.0,0.0,1.0,2.0,0.0,0.0,2184.49,263.17,70.15,332.47,78.83001153786165,11.43779156,0.6305594122666659,0.0914809261904762
5.0,5.869670656104268,2.879796540112294,0.6985562979223432,0.2310984478394986,112.0,77.2442756684003,47.84428658442779,2.0,1.0,0.0,2.0,0.0,0.0,2672.0,192.59,2857.59,200.51,90.59447761340026,11.54176717,1.0,0.0
0.0,5.022802373385956,3.830097452056537,0.797294719703423,0.3764469031800708,317.0,43.5665727616334,60.780370810323966,1.0,1.0,0.0,0.0,1.0,2.0,332.06,158.96,4048.1,687.35,88.08100057356319,11.25153054,0.5979366748333328,0.003286
5.0,5.898850883435327,2.3907095145599837,0.5024672492227489,0.2278972359674148,1.0,37.61667128677432,59.980140211505216,2.0,1.0,1.0,0.0,0.0,2.0,2822.18,195.74,2889.94,193.49,55.062216843000506,12.21114747,1.0,0.0
0.0,5.051885837640102,4.00158252981216,0.5231628435092728,0.3652701548900861,692.0,33.83419729404737,46.838985721027335,1.0,0.0,0.0,0.0,0.0,0.0,3018.71,490.02,3028.9,755.84,82.39260868314763,11.46313892,0.58452760886746,0.012296019047619
5.0,5.025698982834346,2.015220206771604,0.6839869470192983,0.3014212941158977,1.0,57.33483581825328,35.24168684221812,1.0,0.0,2.0,2.0,1.0,1.0,2924.57,195.02,2878.52,194.36,68.97794128362315,11.99912918,1.0,0.0557919166666666
0.0,5.0353037876337305,4.005817560447851,0.6708556909017305,0.3984881844429122,329.0,46.809373875617695,37.9457398473494,2.0,0.0,0.0,0.0,1.0,1.0,4178.6,693.29,70.28,534.16,80.21043698757505,11.5588442,0.6884781497999997,0.0240041166666666
0.0,5.073662704614797,3.998858672639556,0.5698542261682418,0.3727922924352193,503.0,54.99731499640708,36.62948162375444,0.0,1.0,0.0,1.0,0.0,1.0,128.43,521.68,158.09,205.08,88.34338614997174,12.08801127,0.6716771313571427,0.0075952023809523
0.0,5.1464035923918985,2.100242128625847,0.6631960656525507,0.2973100629137082,526.0,70.78007978334202,59.0334628319231,0.0,0.0,1.0,2.0,1.0,1.0,1889.35,340.61,631.28,692.81,82.54687172198206,11.53805287,0.5126154479999996,0.0511736499999999
2.0,5.2842628678676125,4.014531823880216,0.6714133037107407,0.3528749921459284,335.0,79.77452689501297,44.05118355600519,0.0,1.0,0.0,1.0,0.0,1.0,110.16,339.59,2850.17,196.58,91.12734095438384,12.03738355,0.7860990153333337,0.0559505
5.0,5.124465819783296,2.027553026517607,0.7122926784244722,0.3613865611711143,168.0,44.601028573078025,80.06704467983789,2.0,1.0,1.0,0.0,0.0,2.0,2762.19,194.35,2889.94,193.49,62.66644240214882,12.25874085,1.0,0.0
4.0,5.0114476131631225,2.86803991984118,0.7831007065946104,0.3648807057824264,1.0,92.3089749069636,37.78176448438007,2.0,0.0,0.0,0.0,1.0,1.0,1246.61,167.61,2853.8,196.58,78.29337398961546,11.46147317,0.7145542986900001,0.0212435
0.0,5.000818877760056,4.00600636547519,0.5103076788869233,0.3904336051624177,505.0,57.18972094492268,31.73029786992407,0.0,0.0,0.0,0.0,0.0,2.0,3009.75,615.6,947.86,795.78,82.32194896615955,11.63553134,0.593440278816666,0.0057164166666666
0.0,5.170494933494631,3.7730720917903775,0.7948154950492606,0.338985099441738,660.0,57.42956020851207,46.154214621181765,0.0,0.0,2.0,1.0,1.0,1.0,4329.73,386.37,1449.88,242.42,76.51733550462286,11.19472359,0.5297133043742853,0.3029572416666668
5.0,5.301241585877311,3.649324064085139,0.7508507079044101,0.2810914245212248,1.0,68.40066613925198,54.44728853293018,0.0,0.0,1.0,2.0,0.0,2.0,2939.18,197.06,2916.71,200.29,69.5406519330828,11.98037462,1.0,0.0
0.0,5.026409788758757,3.910643038730296,0.6197348648765543,0.3913798079579875,121.0,54.39943736055259,90.41263580607963,2.0,0.0,2.0,2.0,1.0,0.0,2250.17,407.14,2381.88,335.87,70.2695529776492,12.23142426,0.6161999654999992,0.1021784999999999
4.0,5.062807284979563,3.0592338095042964,0.7928055986758317,0.3654774900121468,1.0,92.6752898197584,34.70908956901138,0.0,0.0,0.0,2.0,0.0,2.0,1253.73,400.55,2877.66,195.43,48.11245727142686,11.40496291,0.5986177426899996,0.021399125
3.0,6.018034505602117,3.4597151915552344,0.6877413725279321,0.325960556721196,411.0,50.29781868616103,57.34944492127215,2.0,0.0,1.0,1.0,0.0,2.0,381.64,155.02,2906.42,194.69,39.20157571426069,11.38323759,0.7852932561666672,0.05334665
0.0,5.050338659307087,3.694651843641432,0.5333995151828725,0.3883014024577547,403.0,33.634744625464386,58.56349801221342,2.0,0.0,0.0,0.0,0.0,0.0,2016.6,417.93,1559.79,221.11,83.74629996561511,12.28209271,0.7037873295399999,0.0062649499999999
0.0,5.029133316868654,3.944961265371728,0.5037204017600394,0.3459024657255035,545.0,33.392916323821545,36.583141139867664,1.0,0.0,0.0,2.0,0.0,0.0,1808.47,343.5,2436.27,221.71,86.02067303083324,12.28424881,0.6393217924238092,0.0131231023809523
0.0,5.061562208014897,2.134135170144822,0.5000118027698222,0.3498606184613567,564.0,33.53129751802084,44.89541390733122,1.0,1.0,0.0,2.0,1.0,0.0,2574.21,202.37,3436.33,223.66,35.62358313001065,11.70058615,0.7014082252174997,0.0144537666666666
5.0,5.962419517023785,2.816367237039135,0.7159895274842195,0.2191098151952916,171.0,73.32918460297321,48.66214789514536,2.0,1.0,0.0,2.0,1.0,1.0,2924.32,196.38,2828.56,193.77,54.29138308300145,11.87519281,1.0,0.0
0.0,5.270053806558843,2.0717858035858403,0.7444413223802683,0.3837371751204209,1.0,61.055653596324674,53.0750919404334,2.0,1.0,1.0,0.0,1.0,2.0,394.74,767.75,1983.4,299.33,38.4328488212427,11.75539159,0.4720507799999994,0.007988
1.0,5.121703239644232,2.0287487807206945,0.7849341509374217,0.1980897824993979,139.0,95.67446420602222,30.24078828480097,1.0,0.0,2.0,0.0,0.0,1.0,352.49,184.13,1003.85,774.62,37.37840854942516,11.40491788,0.2988011668799997,0.2007605
0.0,5.022378465687585,2.422763295892848,0.5378699440468658,0.3810702125940077,414.0,33.38016981513341,44.859582827817874,1.0,1.0,0.0,0.0,1.0,0.0,3123.19,226.18,3147.96,466.79,56.84205530966753,11.99578242,0.7638848405000003,0.0155963166666666
0.0,5.071046267781634,3.78294510102204,0.7730517292890837,0.3692233127700636,339.0,45.274693460791184,39.06322564141281,0.0,1.0,0.0,0.0,0.0,0.0,331.56,160.89,2208.45,330.22,71.24464332151787,11.40367762,0.7519492424283336,0.0035641666666666
5.0,5.184901358203099,2.270281682492424,0.7051733099520353,0.2033949476400895,146.0,55.562042547406605,59.47065864010273,0.0,1.0,1.0,0.0,0.0,1.0,2665.08,191.99,2852.19,201.21,81.65923853760177,11.96880433,1.0,0.0010639999999999
0.0,5.088719228009474,4.001383384791305,0.5326464366308874,0.3898200312824187,376.0,54.15766105351367,84.9153087062034,0.0,1.0,0.0,1.0,0.0,0.0,3681.29,733.16,755.82,276.56,82.26030617821989,11.31857221,0.5383054718999994,0.0232875857142857
0.0,5.041756626938396,3.999907036107696,0.5018709373660347,0.3795362866730991,330.0,57.21902838934803,30.169338750975403,0.0,0.0,0.0,0.0,1.0,2.0,1427.61,714.67,1495.42,387.52,82.23844720958054,12.13899843,0.700451544833333,0.0222006523809523
0.0,5.047872799048085,2.2233933448573917,0.5201855979419917,0.3839181019183626,199.0,41.72351944866181,58.98391914736978,0.0,0.0,0.0,1.0,1.0,1.0,3059.04,338.15,2547.95,572.69,87.6731385048465,11.11414929,0.5728866665999994,0.0020276833333333
5.0,7.264373734852761,3.8402997640324648,0.7053433052626183,0.3423715767378352,176.0,73.94683335476819,63.03230519064277,2.0,0.0,1.0,0.0,1.0,1.0,2535.23,188.73,2910.19,194.33,87.84609252608738,11.41496523,1.0,0.0
0.0,5.155719454514735,4.032655758018715,0.7270169921459058,0.3461144056978067,215.0,43.34054528823103,43.9724131252288,0.0,0.0,0.0,1.0,1.0,1.0,359.71,164.64,2434.94,304.36,89.37779026640567,12.26623357,0.3525982519349997,0.0048511666666666
0.0,6.601566613033406,2.140073767579709,0.5538764425978546,0.2823565317015332,588.0,44.78842911550971,39.8882468435107,0.0,0.0,1.0,0.0,0.0,2.0,3689.38,746.45,1523.76,782.97,74.76793569540031,11.21015176,0.8180778958733335,0.0972376059523809
4.0,5.172133621859056,2.8281907524869867,0.7070880979604958,0.3634766157849011,120.0,81.17808724162666,41.78002476383162,2.0,0.0,0.0,2.0,0.0,0.0,1100.11,174.04,2892.44,200.54,73.6416559472841,11.51347202,0.8162808265000007,0.0119705
0.0,5.011856832594099,3.774507124284567,0.7743125254971025,0.3839784457976361,363.0,40.3521232114223,48.8561684150775,1.0,0.0,0.0,2.0,0.0,0.0,393.38,167.95,2436.27,221.71,54.35294083770194,12.2293918,0.6723607891388887,0.005009
0.0,6.0411816512692615,2.3668068455285667,0.6975475704006991,0.3423848094817909,433.0,47.55251394620285,59.29955497442868,0.0,0.0,0.0,2.0,1.0,1.0,1976.28,407.9,2528.11,229.78,79.98398707368156,12.14154882,0.4736499178052375,0.0005583333333333
4.0,7.331206768420149,3.721024846773995,0.780559728524533,0.3299037374435687,301.0,82.18435116303061,91.53226344161844,1.0,1.0,1.0,2.0,0.0,1.0,500.0,200.0,2882.39,194.49,83.63690472830518,11.17290956,0.876963768000001,0.1403635
0.0,6.420260715323147,2.182565767849655,0.6901494738991671,0.3812763956567573,294.0,36.84712749025051,40.14150539993472,2.0,0.0,0.0,2.0,1.0,2.0,3313.08,212.76,3635.85,690.65,58.48008635253022,12.37029545,0.5592182870944441,0.0155366904761904
0.0,5.001071662723754,2.384378372103819,0.7961087692747317,0.396733846993606,105.0,60.0736011537905,30.15764993377293,1.0,0.0,2.0,1.0,1.0,0.0,272.51,136.17,2652.23,681.42,88.70144938135144,11.35922609,0.4554411401666661,0.1698969166666666
0.0,6.01570934607967,2.3641557318949915,0.6560623906942015,0.2802670376395211,616.0,34.93515077488662,58.00620427144575,2.0,0.0,1.0,1.0,0.0,2.0,1225.98,208.77,1403.17,341.99,66.93194835968139,11.44531527,0.7615646730000004,0.0779825833333333
5.0,5.073376955013832,2.3463653004274025,0.607287260342581,0.2175986194512462,1.0,39.47169060184876,40.85173379170728,1.0,1.0,1.0,2.0,0.0,1.0,2916.74,195.14,2915.39,194.48,87.86291652940656,11.08599529,1.0,0.0001329999999999
2.0,5.647812691175258,3.90651909621065,0.655068751087429,0.3916628216744125,125.0,90.79374232132469,51.19686156526419,0.0,1.0,0.0,1.0,0.0,0.0,411.34,199.61,2436.12,189.24,84.15768973660525,11.24326372,0.5531692982899995,0.02905
0.0,5.04799843163459,2.915974830663993,0.5162112614845695,0.3857764166889652,198.0,37.6469534379476,67.42484021857197,0.0,1.0,0.0,1.0,0.0,0.0,2823.94,340.35,190.55,268.99,91.59546907603672,11.93072703,0.611198661266666,0.0036033333333333
5.0,5.209581594903417,2.05239759895444,0.7784105509505875,0.3720017274790351,231.0,81.41179093410933,78.97363577630192,2.0,0.0,1.0,1.0,1.0,2.0,2594.32,190.47,2839.13,209.03,55.14916746230505,11.8732674,0.977986316,0.004089
0.0,5.009023887265879,3.576602469298594,0.7918481945841087,0.209205552454391,690.0,33.77841323997766,73.4429064422535,2.0,0.0,1.0,1.0,0.0,0.0,1466.4,709.97,2587.67,305.43,79.74549753361495,11.74909577,0.567426736283333,0.0858746416666666
0.0,5.049888566083961,4.018324321517245,0.5234147090602339,0.3491187528099312,274.0,70.62758944916132,60.43652661660707,2.0,1.0,0.0,2.0,1.0,0.0,1531.03,480.75,297.23,200.72,79.92324929560607,11.55411329,0.9106100500000012,0.0145470083333333
0.0,6.537168041159777,2.7957141695719634,0.7892793679838024,0.3794193496498346,237.0,99.84055786125838,33.463781610862,1.0,1.0,1.0,1.0,1.0,1.0,310.72,131.25,618.66,271.69,42.97590292938545,12.19439777,0.3616110397999994,0.022988625
1.0,6.405775737723811,3.9014993073674247,0.5346036676909667,0.3799075411818789,1.0,62.352995237638766,37.468845623268834,2.0,1.0,1.0,2.0,1.0,0.0,110.69,488.87,519.32,262.95,46.71585975095002,11.26210042,0.3463358629999997,0.136332
0.0,5.088719228009474,4.001383384791305,0.5326464366308874,0.3898200312824187,375.0,54.15766105351367,84.9153087062034,0.0,1.0,0.0,1.0,0.0,0.0,3681.29,733.16,755.82,276.56,82.26030617821989,11.31854472,0.5383054718999994,0.0232875857142857
0.0,5.856085130595334,3.633874333942903,0.6057582192874301,0.3856568312300444,219.0,57.81087989061181,41.22928348632699,2.0,0.0,0.0,0.0,1.0,1.0,2877.59,168.07,70.28,534.16,88.48102979912808,11.52576348,0.5436474116899994,0.002311
0.0,5.171141009450658,2.010925834926081,0.786696163834433,0.3796075188211592,106.0,99.8064441567542,53.611993330179175,0.0,0.0,1.0,1.0,1.0,1.0,397.69,160.02,4010.89,767.06,42.34502290570151,11.19033435,0.3994059548333329,0.0013095
5.0,6.036061578438463,3.24545044053207,0.7692734882018943,0.2431868075672699,462.0,73.59527534393806,57.0786523866313,2.0,0.0,1.0,1.0,1.0,2.0,2713.85,193.87,2911.47,195.6,67.85980323434434,11.94017076,1.0,0.003275
1.0,6.4519531280238445,3.890336698343812,0.5211660778530756,0.377207677635392,195.0,83.25513347866472,39.14921293212792,2.0,1.0,1.0,2.0,1.0,0.0,110.69,488.87,519.32,262.95,75.65666320208014,11.19888415,0.8353339770000009,0.1342795
0.0,5.172033430355185,4.027244107802997,0.7437985657177283,0.3436961757666688,485.0,45.91772290580832,42.26819647164798,0.0,0.0,1.0,2.0,0.0,2.0,2243.24,545.97,2157.96,672.09,81.96814445856093,12.12247868,0.8342834811219055,0.0631876613095238
0.0,6.537990147227469,2.043107102807159,0.6345684690417803,0.2906880321018817,405.0,99.21709917236544,61.39420104152998,2.0,0.0,1.0,2.0,1.0,2.0,4435.4,584.89,110.12,754.44,81.67202734521989,12.36323709,0.3731942200699997,0.0795269916666666
3.0,5.028505886240096,2.008893883171289,0.7683993062504675,0.3639835954675815,1.0,75.45562517752485,30.133455350162773,1.0,1.0,2.0,2.0,0.0,0.0,489.61,175.89,2886.28,195.34,79.67437051745145,11.80245882,0.5547682746899995,0.179406
0.0,5.107690169924075,2.052603416922804,0.6773245658021521,0.3411911976580061,498.0,82.46868724807936,38.57212038753573,0.0,1.0,1.0,0.0,1.0,1.0,4261.88,758.2,3785.3,270.22,55.83645675713445,11.16926877,0.8034877219285719,0.2122454726190477
0.0,5.019049839128587,4.030673642173625,0.5499768997526652,0.3826536361668139,369.0,52.92410133750191,31.312196684142567,2.0,0.0,0.0,1.0,1.0,0.0,852.89,736.36,4377.75,457.08,80.49322813000742,11.83699728,0.6223901682685706,0.0103171416666666
2.0,6.755599443463993,2.1813457001339214,0.5376705780970246,0.3881270610343775,171.0,58.2554237972501,94.8258588689249,1.0,1.0,2.0,0.0,1.0,0.0,394.58,226.31,2083.46,212.93,49.60743369733999,12.37085047,0.5340757196899993,0.0217245
0.0,7.397087131251274,2.0951403199070837,0.7974696652421761,0.3870071864833321,224.0,59.33132453392042,38.347494251832295,0.0,0.0,2.0,0.0,1.0,1.0,339.56,166.71,1597.98,306.47,97.86264429023636,11.36650278,0.4419179799566662,0.1576446904761904
0.0,6.584159877430606,2.048318696065996,0.5399653902317725,0.2041260231175857,458.0,97.33876166662716,42.06273253888654,1.0,1.0,1.0,1.0,1.0,2.0,467.87,725.87,475.07,774.66,77.46480935423017,11.65778182,0.4602342815174997,0.048894225
4.0,5.869414649363766,4.199552957647849,0.593947154831072,0.3842361144261553,463.0,98.38263281900048,73.52152767312165,1.0,0.0,1.0,0.0,0.0,1.0,1178.6,170.76,2937.77,196.4,38.068631388862414,11.18435369,0.6581022269285712,0.11107725
0.0,5.69704240229726,2.05341143121458,0.7830285645983581,0.381670393724545,133.0,98.56371105174384,43.47563000838105,2.0,1.0,1.0,0.0,1.0,2.0,394.74,767.75,1983.4,299.33,69.498797050143,11.79336932,0.4560710948866661,0.001547
1.0,6.289206457341269,3.931025871700136,0.5186508610113597,0.399089361293657,166.0,72.69866137445403,96.30080815222748,0.0,1.0,1.0,0.0,1.0,1.0,402.89,183.86,3785.3,270.22,32.700179188003084,11.09418635,0.4611239921899994,0.251621
0.0,7.467953916630432,2.039618501087064,0.7842492973226732,0.1804470249912911,687.0,57.57447552883,30.06241247627652,0.0,1.0,2.0,1.0,1.0,0.0,169.43,713.47,3733.34,215.79,39.998267796369305,11.34362422,0.3391699501392854,0.1146906666666666
3.0,5.178396927393057,4.043235754029469,0.6189429428201103,0.3397920815469946,376.0,45.01825454371778,46.20071046991619,1.0,1.0,0.0,2.0,1.0,0.0,476.17,185.49,2951.08,199.94,86.14331049570974,11.64393331,0.8026088390000002,0.006122
0.0,5.964458138136807,3.4573676326413465,0.7597001556142563,0.190762536451535,693.0,78.22696065462503,66.13117578351202,2.0,0.0,1.0,1.0,1.0,2.0,2435.56,591.61,1462.01,536.68,78.59761709024613,12.00947781,0.78046639288,0.0564319833333333
4.0,5.069073786270251,4.006064641471317,0.7390393354549231,0.36440073124755,1.0,89.96002569826325,35.58048884123755,0.0,0.0,0.0,2.0,0.0,2.0,1320.74,433.92,2877.66,195.43,84.05707813303877,11.40496677,0.6337127896899994,0.0198814999999999
0.0,5.0460401454099415,2.3914919173842915,0.7917687273540579,0.3792436378715496,1.0,64.48131763996456,32.85356040598536,1.0,0.0,2.0,2.0,1.0,2.0,314.92,157.46,2292.61,482.03,30.345698307995363,11.24992863,0.4032381461666661,0.1907362499999999
0.0,5.045865383852578,2.8376415574073977,0.7665248987806895,0.3821711043839347,274.0,45.86235447073016,58.84716586287082,2.0,1.0,1.0,0.0,1.0,0.0,1549.93,226.38,3014.82,769.25,76.37744116446727,11.26935267,0.6086926764999994,0.0593266053571428
0.0,5.041897426192791,3.1239314629702526,0.6541465385611266,0.3733309387158596,170.0,59.34054906938079,94.55756379338938,2.0,1.0,1.0,0.0,0.0,0.0,3035.95,476.62,3222.69,767.67,71.5456472309101,11.84425212,0.5472812209999993,0.0176555833333333
5.0,5.988844746553902,2.9896803286719864,0.7508041736455248,0.2263354276708389,1.0,71.81365809553216,44.29554241300498,0.0,1.0,0.0,2.0,0.0,2.0,2692.3,177.57,2868.0,193.51,53.11020714052226,11.62971641,1.0,0.0
4.0,7.234582350809848,2.4129299988370705,0.5390825928959013,0.3418364643792335,313.0,54.69305634414937,36.27230109119181,0.0,1.0,2.0,2.0,0.0,0.0,1550.08,170.61,2968.74,199.35,74.19138936028529,12.23122002,0.8959687499000011,0.3316714083333332
5.0,6.414482218787368,2.3649653221440943,0.73821160958361,0.2015854897840641,121.0,35.287013580626784,44.1729224928443,2.0,0.0,0.0,2.0,1.0,0.0,2937.57,196.57,2874.06,201.93,53.67299710248315,12.16710847,1.0,0.0
4.0,7.339680188208549,3.322159610899161,0.7041163737238656,0.3980205217190155,156.0,82.7559268944023,30.251236969196327,0.0,1.0,2.0,2.0,0.0,0.0,2197.92,183.41,2849.52,197.29,80.15137446598885,12.18504202,0.9016836105000012,0.3272133499999998
1.0,5.862884762425892,3.876064079805622,0.5591008720529613,0.3980618671493301,276.0,66.65290746998099,84.9179376195197,1.0,1.0,0.0,0.0,1.0,0.0,743.76,188.48,2350.38,207.19,70.84367099354405,11.95364206,0.6766613660000002,0.0348044999999999
0.0,5.024387492300766,4.034717722794294,0.531367570752453,0.395010424807793,395.0,63.50642158237124,76.61325771802201,0.0,1.0,0.0,2.0,1.0,1.0,3537.6,727.65,3282.57,257.79,82.42041097011584,11.5080543,0.7450320210000002,0.0171156023809523
0.0,5.061562208014897,2.134135170144822,0.5000118027698222,0.3498606184613567,564.0,33.53129751802084,44.89541390733122,1.0,1.0,0.0,2.0,1.0,0.0,2574.21,202.37,3436.33,223.66,35.62358313001065,11.70058615,0.7014082252174997,0.0144537666666666
0.0,5.047163574894952,4.005337611682838,0.5175384267070717,0.3459019901116292,466.0,56.076144996274216,43.0970100275449,2.0,0.0,0.0,1.0,0.0,0.0,1803.78,378.72,2999.74,645.48,88.65214375193293,12.20066804,0.6620332446785712,0.0121030583333333
0.0,6.402268485949195,3.512611705370408,0.7705752549101592,0.1704243005692627,694.0,74.43884145192081,64.22299528076799,2.0,0.0,1.0,1.0,1.0,2.0,2435.56,591.61,1462.01,536.68,78.40314149372851,12.00952667,0.7328153561299996,0.0483408333333333
0.0,5.856085130595334,3.633874333942903,0.6057582192874301,0.3856568312300444,219.0,57.81087989061181,41.22928348632699,2.0,0.0,0.0,0.0,1.0,1.0,2877.59,168.07,70.28,534.16,88.48102979912808,11.5257637,0.5436474116899994,0.002311
0.0,5.00406520967667,2.2861124318935357,0.7784596796790122,0.3355893220259735,435.0,31.821868281130055,30.262846218617465,1.0,0.0,2.0,1.0,1.0,0.0,3599.64,770.47,4445.72,743.68,62.78175207382324,12.105456,0.4624185127128568,0.364188330952381
0.0,5.01970266595782,2.006569120188324,0.7996265703919964,0.3585746051191157,435.0,46.8847956070185,34.14811097398643,0.0,0.0,2.0,1.0,1.0,1.0,1913.61,326.97,825.52,691.49,65.65304785792618,11.44523457,0.40851306354619,0.1484199702380952
0.0,5.024387492300766,4.034717722794294,0.531367570752453,0.395010424807793,395.0,63.50642158237124,76.61325771802201,0.0,1.0,0.0,2.0,1.0,1.0,3537.6,727.65,3282.57,257.79,82.42041097011584,11.5080543,0.7450320210000002,0.0171156023809523
0.0,6.549547674088213,2.0545755948326407,0.5431380449027551,0.1142989034173832,496.0,99.91841980126266,92.70788229682968,2.0,1.0,2.0,2.0,1.0,1.0,801.43,728.17,364.2,741.87,59.7149929444492,11.76605746,0.4088783617606663,0.0557851999999999
0.0,5.29471445302663,4.000295645039115,0.7738812475590392,0.3832926501587412,219.0,42.306850080697096,41.1033315625851,0.0,0.0,0.0,0.0,1.0,2.0,206.72,194.35,1495.42,387.52,84.47726261941877,12.10530374,0.5598190589499993,0.0067501666666666
0.0,5.068619748055331,4.004513096175606,0.5215406558370064,0.3894221853338857,475.0,57.55156165449674,30.19796685604709,1.0,1.0,0.0,0.0,1.0,2.0,2044.89,611.18,4048.1,687.35,84.66674388224364,11.29913046,0.7246628555499999,0.0125497666666666
0.0,5.028502810837809,4.002619753429506,0.509992256837317,0.380009082126421,366.0,58.1908179918136,48.775874022406725,2.0,0.0,0.0,2.0,1.0,0.0,1535.08,500.33,2499.7,526.28,82.57728847821761,12.24063232,0.7027629090952381,0.0242654261904761
0.0,5.045892283141498,4.003441747662569,0.5641983117505593,0.2545592587277294,642.0,84.2337953119808,63.9548942269311,2.0,1.0,1.0,0.0,1.0,0.0,1467.38,280.01,607.4,734.15,79.20269416359174,11.93622719,0.7294434560466666,0.0891322386904762
0.0,6.371628435462641,3.80296565879338,0.6756998607258963,0.3099275080062794,510.0,34.220829511696465,36.69263696949406,2.0,1.0,1.0,0.0,0.0,0.0,3035.95,476.62,3222.69,767.67,70.3475875681508,11.94573382,0.5603449785952375,0.0295325738095238
0.0,5.023756793711571,3.340432582650223,0.7046692811794494,0.3359276414152182,419.0,46.59135341722871,58.96984911403189,2.0,1.0,1.0,0.0,0.0,1.0,2775.41,236.2,2190.72,647.18,66.99495199382369,11.16707193,0.7734057952619051,0.0541587333333333
0.0,5.045501662032187,3.882595973204162,0.7509758136853534,0.3085897947304236,246.0,37.31840394697691,54.10409406001396,2.0,0.0,0.0,1.0,1.0,0.0,267.3,157.62,4377.75,457.08,59.344454608282426,11.79969421,0.2514019291899999,0.0057764999999999
4.0,6.87525898225982,3.7287071498740345,0.7294381531159376,0.3332813615102717,458.0,60.6468503197969,32.53158357671234,0.0,1.0,2.0,1.0,1.0,0.0,313.23,326.62,2871.27,197.78,37.628555598981904,11.27493409,0.7023487539642859,0.1328043333333333
4.0,5.838095728057828,3.9271254443409047,0.7215972545921407,0.3419940235167181,1.0,82.14998972641546,48.5336414353094,2.0,0.0,1.0,1.0,0.0,2.0,2903.19,193.58,2906.42,194.69,46.897902924684814,11.26618794,0.5512872924999995,0.0475595
0.0,5.078151480942486,3.998001121699204,0.5635348599390895,0.3916296722485005,499.0,60.45509910640217,30.498468287953955,1.0,0.0,0.0,0.0,0.0,2.0,2395.67,515.35,2973.66,264.56,82.9728928304315,11.67045035,0.7547100668555558,0.0112066916666666
0.0,7.443952009882838,2.838071724266829,0.6304860405100956,0.2885818944024565,380.0,48.45674275163283,62.62409038682692,0.0,0.0,1.0,2.0,0.0,0.0,2184.49,263.17,70.15,332.47,78.93625113765083,11.47632012,0.4746555541199996,0.0405897023809523
3.0,6.279077962983244,2.2682265382763918,0.6391820671375296,0.397572612759926,285.0,53.36294311653569,38.48566546522353,1.0,1.0,2.0,2.0,0.0,0.0,489.61,175.89,2886.28,195.34,85.28450572633209,11.88476793,0.7085232165899998,0.2726168333333332
0.0,5.000818877760056,4.00600636547519,0.5103076788869233,0.3904336051624177,505.0,57.18972094492268,31.73029786992407,0.0,0.0,0.0,0.0,0.0,2.0,3009.75,615.6,947.86,795.78,82.32194896615955,11.63553134,0.593440278816666,0.0057164166666666
5.0,5.12655493428182,2.9770067686798405,0.5616776823181184,0.3409759967588138,151.0,39.07512996897033,81.57226290366698,1.0,1.0,1.0,2.0,0.0,1.0,2916.74,195.14,2915.39,194.48,54.13899777983372,11.12910421,1.0,0.0
0.0,5.260199438525923,2.70488836261165,0.7909185307574927,0.315571932334218,340.0,82.59236951414405,90.38395534780814,2.0,1.0,1.0,0.0,0.0,0.0,3035.95,476.62,3222.69,767.67,79.38349954449303,11.89449703,0.4368905053066662,0.0324376916666666
5.0,6.023783671825396,2.644280775552067,0.5394450268720618,0.2214460481660147,167.0,33.74237980961516,57.52504066046896,1.0,0.0,0.0,0.0,0.0,2.0,2645.07,182.59,2848.97,194.29,41.81133315050219,11.57133498,0.997879865,0.00246425
5.0,6.080675294536579,2.262962622372264,0.6521509227484087,0.2261719416613827,112.0,39.35086406366728,60.7138950312767,2.0,1.0,0.0,2.0,0.0,0.0,2763.0,194.76,2857.59,200.51,54.13677944176259,11.54176892,1.0,0.0
0.0,5.856085130595334,3.633874333942903,0.6057582192874301,0.3856568312300444,219.0,57.81087989061181,41.22928348632699,2.0,0.0,0.0,0.0,1.0,1.0,2840.64,167.73,70.28,534.16,88.48102979912808,11.52576789,0.5436474116899994,0.002311
3.0,6.01416294505226,2.4583698742575666,0.7565258782608502,0.2829443967461229,311.0,73.12012639942469,69.57779496590707,0.0,0.0,1.0,1.0,0.0,1.0,398.58,160.42,2814.54,198.06,79.3826189341876,11.60339367,0.7654785024999999,0.0391
0.0,6.245351013196534,3.398180170555517,0.5392956920762018,0.2147761980577014,513.0,41.21964947738878,96.9383625479049,2.0,1.0,0.0,2.0,1.0,1.0,2737.48,327.36,1231.01,749.07,96.04579172663271,11.97728287,0.6761752341299997,0.01597115
0.0,5.028502810837809,4.002619753429506,0.509992256837317,0.380009082126421,365.0,58.1908179918136,48.775874022406725,2.0,0.0,0.0,2.0,1.0,0.0,1535.08,500.33,2499.7,526.28,82.57728847821761,12.24060789,0.7027629090952381,0.0242654261904761
0.0,6.599348231326369,2.933974055060096,0.5393513396702904,0.3760882890889833,395.0,30.412069698164075,38.24546326730737,0.0,1.0,0.0,1.0,0.0,0.0,2823.94,340.35,190.55,268.99,91.25221596740552,11.98789731,0.333640616695952,0.0008825
3.0,5.07887502937486,3.944163886388728,0.5477259362851892,0.3724158837839085,152.0,92.27943475234812,35.15134883829832,1.0,1.0,1.0,1.0,1.0,2.0,451.52,188.38,2802.74,198.55,82.29851499160293,11.56638554,0.5679369426899994,0.0525960571428571
0.0,7.104514411221987,2.7313133765103816,0.7379950359100889,0.3722432759207952,298.0,52.10714100911856,31.599520958227064,0.0,0.0,1.0,1.0,0.0,0.0,2244.03,465.03,4200.11,792.34,83.11607546230317,11.69090956,0.264333328743333,0.053567475
4.0,5.069073786270251,4.006064641471317,0.7390393354549231,0.36440073124755,1.0,89.96002569826325,35.58048884123755,0.0,0.0,0.0,2.0,0.0,2.0,1320.74,433.92,2877.66,195.43,84.05707813303877,11.40497128,0.6337127896899994,0.0198814999999999
0.0,5.041470953135551,3.313660105365455,0.7245445336095927,0.3891207344533812,257.0,65.98851799053563,30.04377882644836,1.0,1.0,2.0,0.0,1.0,0.0,387.72,259.61,2926.68,408.94,35.12610125912243,12.39720755,0.6350826681899993,0.2708823488095239
0.0,5.185987639585542,3.675723640826735,0.6027546350868944,0.3478126420679647,592.0,33.800544083934184,43.27701377107384,0.0,1.0,0.0,1.0,0.0,0.0,2823.94,340.35,190.55,268.99,78.19936693390233,12.04757798,0.5157111481399995,0.0039485833333333
0.0,5.127071511986502,2.3365612773176947,0.737254355404494,0.3603736966522396,460.0,45.940292210094015,59.8786959079758,2.0,0.0,1.0,1.0,0.0,0.0,324.43,173.64,2587.67,305.43,57.28535560927173,11.67978758,0.8308824357500002,0.0241264999999999
0.0,5.006146618973835,3.06469290365774,0.7504812751086808,0.2582686484816503,451.0,80.08285503759933,40.57069569034537,1.0,1.0,1.0,2.0,0.0,1.0,526.6,250.38,305.31,750.11,81.73944000336378,11.21870049,0.6145707255833327,0.0798816523809523
0.0,5.964458138136807,3.4573676326413465,0.7597001556142563,0.190762536451535,693.0,78.22696065462503,66.13117578351202,2.0,0.0,1.0,1.0,1.0,2.0,2435.56,591.61,1462.01,536.68,78.59761709024613,12.00947781,0.78046639288,0.0564319833333333
1.0,7.410597386616437,4.191349731029329,0.5267363805773715,0.2037310815629241,389.0,84.0435701258943,95.64216784631137,2.0,1.0,1.0,2.0,1.0,0.0,110.69,488.87,519.32,262.95,80.35451843502669,11.13677176,0.3759075817133331,0.0939904999999999
3.0,5.057403552638137,3.921913596935517,0.7366630373369003,0.3427107888701813,243.0,49.36374568142596,81.1110284367632,2.0,0.0,0.0,2.0,1.0,0.0,466.64,180.5,2874.06,201.93,79.7297400176401,12.20329313,0.8406056045000008,0.005834
0.0,5.015074192965225,2.3940762142317875,0.6099915751312641,0.283124088237029,565.0,32.073348228033126,41.24624937915769,1.0,1.0,0.0,2.0,1.0,0.0,2574.21,202.37,3436.33,223.66,76.14994442636917,11.70062584,0.6682710958008333,0.0134131178571428
0.0,5.0168982424967,3.1266921107805805,0.7825991136721483,0.3746836996351845,210.0,56.050141821273165,94.61744619625426,2.0,1.0,1.0,0.0,0.0,1.0,2775.41,236.2,2190.72,647.18,70.32232118900987,11.10645457,0.650235409833333,0.037665375
0.0,6.675651999603147,3.594052423762162,0.7980566722413303,0.294818229754497,397.0,44.98352504327715,45.31326569753983,2.0,1.0,1.0,0.0,1.0,2.0,394.74,767.75,1983.4,299.33,77.80538559687483,11.87284347,0.4102550347033329,0.0109006071428571
0.0,5.002744677362209,4.014582948071751,0.7985439423184795,0.3915658820604927,1.0,99.48039397398152,30.07105407524681,1.0,1.0,2.0,1.0,1.0,0.0,318.71,157.47,3108.03,421.63,39.82169503248728,11.75629253,0.3362280320166663,0.1894455
0.0,5.267221110875964,3.8181385689194967,0.7190646335514593,0.3798460143409081,193.0,36.22092817766061,53.05067590878205,1.0,1.0,0.0,2.0,1.0,1.0,1321.31,169.69,4434.23,442.63,59.799995368594736,11.7797539,0.5666834398333327,0.0138082333333333
3.0,6.088272310364529,2.6520691991600525,0.6556741358969355,0.1922909012937158,335.0,50.938707318897066,93.8420405712087,2.0,1.0,1.0,0.0,0.0,2.0,458.12,171.75,2889.94,193.49,74.93511194865326,12.30781725,0.8163995143333339,0.0658805833333333
0.0,7.372613934916629,3.374170650556388,0.7478193062502968,0.2676152851515072,547.0,50.14689209651057,44.10132572499241,0.0,1.0,0.0,2.0,0.0,2.0,102.2,276.88,100.8,207.37,83.72600921602547,11.78919332,0.834155393583334,0.0082686232142857
0.0,6.363823684874491,2.037123494437891,0.7839131013594821,0.3884243520677432,315.0,32.14802629811498,35.18815769195546,1.0,0.0,2.0,1.0,1.0,0.0,833.55,205.47,2652.23,681.42,38.339962720262015,11.4225277,0.4351355945499996,0.3282642321428572
0.0,5.010641382933595,2.059637375375587,0.7844103047579867,0.3964983610818546,167.0,58.69148919015164,30.37449589194853,1.0,1.0,2.0,1.0,1.0,0.0,365.17,177.35,3108.03,421.63,30.99945689320597,11.80522617,0.5104236086833327,0.1604354999999999
1.0,5.050457945134349,3.8763611081254847,0.6712299463883308,0.3920460827514338,310.0,46.6817106986095,55.79793244705394,2.0,0.0,0.0,1.0,0.0,0.0,363.25,161.1,2742.97,198.59,76.18663774528241,12.15362665,0.6710878683333331,0.038157
0.0,5.790176631006302,3.38550546204569,0.7936243550022797,0.3732415721217377,1.0,40.55080800196253,41.79733517076972,2.0,0.0,0.0,0.0,0.0,0.0,2016.6,417.93,1559.79,221.11,91.56574658325124,12.1628886,0.3832809320499994,0.0012753333333333
3.0,5.057403552638137,3.921913596935517,0.7366630373369003,0.3427107888701813,243.0,49.36374568142596,81.1110284367632,2.0,0.0,0.0,2.0,1.0,0.0,466.64,180.5,2874.06,201.93,79.7297400176401,12.20328957,0.8406056045000008,0.005834
0.0,5.026409788758757,3.910643038730296,0.6197348648765543,0.3913798079579875,121.0,54.39943736055259,90.41263580607963,2.0,0.0,2.0,2.0,1.0,0.0,2250.17,407.14,2381.88,335.87,70.2695529776492,12.23143697,0.6161999654999992,0.1021784999999999
5.0,5.8976003942708335,3.035985361045165,0.6874077955717651,0.3193455255754072,156.0,88.07508912891858,58.24749766588103,0.0,0.0,1.0,1.0,0.0,1.0,2824.23,195.53,2895.54,198.91,79.50274167703219,11.55780657,1.0,0.0
4.0,7.4255798081661455,4.4488091066957045,0.7672231546782369,0.3499275955940998,285.0,58.9310635848128,30.011670938107244,1.0,1.0,2.0,2.0,0.0,0.0,500.0,200.0,2886.28,195.34,82.16277579815556,11.88477936,0.7479886139,0.2168427083333333
0.0,5.009192741618226,4.002144920831258,0.7562399330554385,0.3839861083554823,250.0,57.15029109202211,42.22426110747623,0.0,1.0,0.0,1.0,0.0,0.0,1814.71,166.29,755.82,276.56,81.97473914580544,11.28062366,0.6061116900333327,0.0200914833333333
3.0,5.696658918356008,4.024400874681512,0.7573160615336975,0.3599489420968385,376.0,34.68315095079694,46.03506536921307,1.0,1.0,0.0,2.0,1.0,0.0,593.41,194.87,2983.08,199.98,80.26177805354001,11.6439177,0.8024151249000004,0.002216
4.0,5.7084875461274205,4.094662388829335,0.5433440075245786,0.3844773790306179,301.0,78.9314548471376,53.567474152698246,1.0,1.0,1.0,2.0,0.0,1.0,500.0,200.0,2915.39,194.48,37.66409985051338,11.17291899,0.6936242929999998,0.12795275
0.0,7.439849786125944,2.112816200704011,0.7523624293004263,0.3683851764224365,463.0,58.77561946973838,33.91587150613493,1.0,0.0,2.0,2.0,1.0,2.0,314.95,157.39,2292.61,482.03,32.58648287502466,11.38091017,0.4604311475388888,0.1316420000000001
2.0,5.05404657470905,3.723929972307176,0.7413396628289765,0.3936624176737341,191.0,84.44479613711539,98.68737600106158,1.0,1.0,2.0,0.0,0.0,1.0,267.51,129.78,1400.0,200.0,79.05085521484345,11.41982842,0.5806744883233329,0.0448569999999999
0.0,5.20402929536796,2.3434929002560314,0.7828786747786975,0.1967749543686505,97.0,54.46826529341947,73.1019182710556,1.0,1.0,0.0,2.0,1.0,1.0,336.84,164.7,4434.23,442.63,98.1099854811663,11.75126607,0.3004470628359997,0.0029085
2.0,7.289613077735817,2.8247664550780565,0.6498832530203454,0.3972276167757739,171.0,73.38031763173036,88.35350706703596,1.0,1.0,2.0,0.0,1.0,0.0,387.72,259.61,2095.46,212.76,77.72751696613359,12.37086394,0.5155029736899995,0.0238975
0.0,5.069740237330289,2.006779881597094,0.7745585777259657,0.3514764830812734,468.0,31.880773194033047,30.006044733193797,1.0,0.0,2.0,1.0,1.0,0.0,3077.84,434.87,3537.83,710.51,70.08849892874973,12.17365942,0.4502814625017456,0.3672358988095238
0.0,5.042145386360186,3.7126486866128094,0.7532417301799655,0.3817167759478991,181.0,39.588553289679375,36.4449009215468,1.0,0.0,0.0,1.0,1.0,1.0,347.86,173.84,77.26,630.9,49.45260180160107,11.464643,0.5221783439999994,0.005472
3.0,6.088272310364529,2.6520691991600525,0.6556741358969355,0.1922909012937158,335.0,50.938707318897066,93.8420405712087,2.0,1.0,1.0,0.0,0.0,2.0,458.12,171.75,2889.94,193.49,74.93511194865326,12.30780563,0.8163995143333339,0.0658805833333333
4.0,5.20089911413917,3.040008244776955,0.7027773489828972,0.3696232913517608,1.0,96.38089160756536,38.38284490549325,2.0,0.0,0.0,0.0,1.0,1.0,1491.47,163.31,2936.78,196.3,58.40733194558048,11.46146728,0.6257977854999995,0.0191255
3.0,5.056132344341523,3.827499868518588,0.752397328195385,0.3689505524395096,125.0,76.3084429767958,44.55143420603562,0.0,1.0,0.0,1.0,0.0,0.0,416.4,174.74,2896.19,194.47,82.47195694292895,11.24325011,0.6774399329899995,0.003815
0.0,5.176332958485451,3.972531774503569,0.5198000518166187,0.3385699352817298,465.0,96.48842503845113,40.088264560344015,2.0,0.0,0.0,1.0,0.0,0.0,1803.78,378.72,2999.74,645.48,79.50306785834569,12.20063445,0.6267749392619044,0.0116806833333333
4.0,5.632841811899709,3.6618747625861783,0.7762403216901246,0.3654426673718793,333.0,57.26148537754896,40.45413852605815,1.0,0.0,0.0,0.0,0.0,2.0,1498.45,126.34,2848.97,194.29,84.2319975828712,11.62042621,0.7976590190000006,0.0177655
0.0,5.069740237330289,2.006779881597094,0.7745585777259657,0.3514764830812734,468.0,31.880773194033047,30.006044733193797,1.0,0.0,2.0,1.0,1.0,0.0,3077.84,434.87,3537.83,710.51,70.08849892874973,12.17365942,0.4502814625017456,0.3672358988095238
2.0,7.324239173298424,2.877357702691985,0.5499624529508019,0.391395956712395,458.0,66.47435460951766,91.680686583887,0.0,1.0,2.0,1.0,1.0,0.0,118.87,351.99,2503.55,199.1,69.89182475190331,11.27493298,0.6144344522333332,0.0755334999999999
0.0,5.094851465136227,3.411268064253977,0.5276893614027157,0.3428041833761631,510.0,60.16722341007494,40.8944138027916,0.0,1.0,0.0,0.0,0.0,0.0,1880.7,368.9,2208.45,330.22,86.10729352220096,11.45496294,0.772377167916667,0.0219726166666666
0.0,5.045892283141498,4.003441747662569,0.5641983117505593,0.2545592587277294,643.0,84.2337953119808,63.9548942269311,2.0,1.0,1.0,0.0,1.0,0.0,1467.38,280.01,607.4,734.15,79.20269416359174,11.93627299,0.7294434560466666,0.0891322386904762
0.0,5.029745725134223,4.03136655006193,0.5534520948224637,0.3994528284971216,415.0,57.14462925710392,96.10488984685792,2.0,1.0,0.0,0.0,1.0,1.0,3522.42,761.63,2418.01,668.18,83.96470303059395,12.32257271,0.925055758666668,0.0286814023809523
0.0,6.245351013196534,3.398180170555517,0.5392956920762018,0.2147761980577014,514.0,41.21964947738878,96.9383625479049,2.0,1.0,0.0,2.0,1.0,1.0,2737.48,327.36,1231.01,749.07,96.04579172663271,11.97731951,0.6761752341299997,0.01597115
0.0,6.636884947315563,2.0077340016853475,0.7762550712562597,0.3961082670456625,540.0,32.20683824152805,48.198289829563066,1.0,1.0,2.0,2.0,1.0,2.0,3115.69,584.43,138.53,411.75,77.7166788324207,11.22282963,0.2071353588785713,0.3371179880952381
5.0,5.12655493428182,2.9770067686798405,0.5616776823181184,0.3409759967588138,151.0,39.07512996897033,81.57226290366698,1.0,1.0,1.0,2.0,0.0,1.0,2892.42,197.83,2882.39,194.49,54.13899777983372,11.12908058,1.0,0.0
0.0,5.649864135004954,2.123631172311141,0.7880558588492715,0.3939519067975745,284.0,63.991315044509314,94.55541831869274,2.0,1.0,1.0,1.0,0.0,2.0,3766.18,776.64,707.5,747.35,79.17123752954107,11.42799875,0.4745642773933329,0.1410570327380951
2.0,5.090388617467222,3.973423605631174,0.5307839756602561,0.1044174997906694,92.0,45.2434491167199,68.0984082228079,2.0,1.0,1.0,0.0,1.0,0.0,830.12,209.87,2474.14,199.64,98.95246096545056,11.21449771,0.2957232168179995,0.041696
3.0,5.224500569149993,3.7191949215716087,0.7802072553087418,0.2174125379580979,345.0,36.82315987351631,47.26350179358349,1.0,1.0,0.0,2.0,0.0,1.0,467.72,168.68,2891.13,195.11,85.09129982085892,11.63692741,0.7133044249166661,0.0039845
0.0,5.0168982424967,3.1266921107805805,0.7825991136721483,0.3746836996351845,210.0,56.050141821273165,94.61744619625426,2.0,1.0,1.0,0.0,0.0,1.0,2775.41,236.2,2190.72,647.18,70.32232118900987,11.10644821,0.650235409833333,0.037665375
5.0,5.898850883435327,2.3907095145599837,0.5024672492227489,0.2278972359674148,1.0,37.61667128677432,59.980140211505216,2.0,1.0,1.0,0.0,0.0,2.0,2762.19,194.35,2889.94,193.49,55.062216843000506,12.21115737,1.0,0.0
0.0,6.435293322406793,2.532949308162619,0.7391862623315801,0.3042349247267841,506.0,57.64895203586253,67.36299678862439,1.0,1.0,1.0,1.0,0.0,1.0,3013.23,370.06,4338.47,298.47,78.60801104094216,11.57682179,0.4690287419809519,0.0374625166666666
0.0,7.466525228501551,2.0219232990765965,0.7874054134366997,0.3721849454536948,337.0,60.71414291514958,48.48883884116418,0.0,0.0,2.0,0.0,1.0,1.0,1972.4,260.47,1597.98,306.47,50.45038912510382,11.40080846,0.4439179733328569,0.2069158361111111
0.0,5.050338659307087,3.694651843641432,0.5333995151828725,0.3883014024577547,404.0,33.634744625464386,58.56349801221342,2.0,0.0,0.0,0.0,0.0,0.0,2016.6,417.93,1559.79,221.11,83.74629996561511,12.28212019,0.7037873295399999,0.0062649499999999
0.0,5.010562877784434,3.966125978237456,0.793084191881765,0.3743575666731691,1.0,50.33139056093552,30.197769324477783,1.0,1.0,2.0,1.0,1.0,0.0,317.52,158.49,3108.03,421.63,34.887273854163084,11.75628741,0.4010689126833328,0.20424425
1.0,5.039446419647703,3.6404154035677054,0.5340659763634087,0.3880980726044236,206.0,77.64417306593378,71.62437522527351,1.0,1.0,0.0,0.0,0.0,0.0,606.85,192.98,766.89,212.47,72.54035288084378,11.97090904,0.6630231633333328,0.078448
0.0,5.0606521258085095,2.1741937858530243,0.7904805205238014,0.3722525596642709,279.0,53.62186784973936,41.67261596776633,1.0,0.0,2.0,0.0,0.0,1.0,353.96,179.72,1003.85,774.62,32.068251934951725,11.44580982,0.5396255943633329,0.2050043333333334
0.0,5.036224851660142,2.088865163015206,0.7984876830748349,0.3740695667220688,290.0,56.164354664050734,30.236181515023908,1.0,0.0,2.0,1.0,1.0,0.0,1671.4,165.13,4445.72,743.68,82.30515950924548,12.06146909,0.5150186920999996,0.3784148083333331
3.0,5.070664067146577,3.972775916162776,0.7873735091184771,0.3617250318899083,1.0,95.47666151934784,62.96873180340299,1.0,0.0,1.0,1.0,1.0,2.0,785.76,188.18,2890.4,199.96,80.0672163286064,11.10349187,0.4931905000699997,0.0272634999999999
0.0,5.035938515507396,2.4252872125903586,0.7982204164475052,0.3727984824691617,210.0,57.6875736815212,31.30349005141321,1.0,0.0,2.0,1.0,1.0,0.0,272.51,136.17,2652.23,681.42,69.39758231520001,11.3906929,0.5133097921666661,0.1848305
0.0,5.000730433051248,2.367303779228806,0.5683710542186612,0.3805358325746418,116.0,41.77049714174016,41.8631521866497,2.0,1.0,0.0,1.0,1.0,0.0,2970.74,312.58,403.78,753.84,79.34510126477939,11.12666509,0.4981226059999993,0.0030707499999999
4.0,7.478869936026547,2.18147440942076,0.7075542558575927,0.3951405735152766,85.0,98.22780554483276,30.19964305433116,1.0,1.0,2.0,0.0,1.0,0.0,500.0,200.0,2870.51,201.68,62.46811919743611,12.34537326,0.5791681609999996,0.2770387499999998
0.0,5.827060611389454,2.48412310706161,0.7264762362170726,0.3421975688705799,441.0,39.10048869293806,48.50619229970673,0.0,1.0,1.0,0.0,0.0,1.0,2744.96,374.82,2688.23,307.8,77.83703456864241,12.05665343,0.6853940571628567,0.0403844
0.0,5.047273001311624,2.501227955163116,0.59140521295275,0.3785613727851583,312.0,54.986189245720674,30.07045255441513,1.0,0.0,2.0,1.0,1.0,0.0,307.02,136.11,3537.83,710.51,38.179674317115925,12.12664269,0.4205931847499995,0.2045657321428572
2.0,5.006322679238031,3.933926605133464,0.650927016851295,0.3881701881188319,183.0,75.36074326671994,50.57978058509646,2.0,1.0,0.0,2.0,1.0,0.0,795.97,198.31,2563.44,189.78,90.06717533764474,11.52654641,0.9373228930000012,0.0149197499999999
0.0,5.956388778040274,3.4873637471821377,0.7956224329676238,0.3806207349051598,159.0,45.91780549335056,72.51716849259152,1.0,1.0,0.0,0.0,1.0,2.0,329.45,163.8,4048.1,687.35,78.57726631441439,11.20476706,0.4672942837599996,0.0036119999999999
2.0,5.869414649363766,3.985267509966409,0.6713254139448623,0.3642348810253622,345.0,79.11620967683346,41.81076139414432,1.0,1.0,0.0,2.0,0.0,1.0,662.1,191.32,2299.97,199.23,86.3552378183207,11.6369362,0.772340717666667,0.034405
0.0,7.330979694087867,2.0839381797496985,0.744139126980138,0.1103063662132569,470.0,39.52022700743634,39.88800309095004,0.0,1.0,2.0,2.0,0.0,0.0,1732.13,371.8,322.29,266.87,96.93675161478107,12.27882619,0.3344017576957616,0.2824675166666666
4.0,5.039721068300741,3.8192252378418514,0.7853902226668287,0.3464021899394264,96.0,97.41212905690918,30.40494883655103,1.0,0.0,2.0,2.0,1.0,0.0,1420.81,162.94,2864.51,194.29,86.37056026432982,11.41248231,0.6441408318799998,0.2621003666666665
1.0,6.405775737723811,3.9014993073674247,0.5346036676909667,0.3799075411818789,1.0,62.352995237638766,37.468845623268834,2.0,1.0,1.0,2.0,1.0,0.0,110.69,488.87,519.32,262.95,46.71585975095002,11.26245197,0.3463358629999997,0.136332
3.0,5.081259071733652,3.9391310660185694,0.7663397154005293,0.3737306856131529,89.0,93.6016852165167,35.88803598782378,0.0,1.0,1.0,1.0,0.0,2.0,453.58,189.26,2790.44,200.64,82.42265682692816,11.49639291,0.6170645926899995,0.0466371666666666
0.0,5.023851010278783,2.0074503395869243,0.7832974099826612,0.3721041597726141,165.0,42.9940797951055,90.58097900013571,0.0,0.0,0.0,1.0,1.0,1.0,367.53,177.39,2229.06,294.91,89.64669513454199,12.21933999,0.5500891386166661,0.0082082499999999
0.0,6.365567836689904,3.008034820298332,0.5325292781057203,0.3735231568293901,1.0,43.271924953927694,48.87070402506403,0.0,0.0,1.0,2.0,1.0,1.0,1889.35,340.61,631.28,692.81,78.92743304865937,11.38437982,0.2251072443333334,0.009536375
4.0,5.952342776078662,3.971851556944255,0.5309475009573779,0.339630813074597,206.0,82.38302512112513,52.82307486762189,2.0,0.0,1.0,1.0,0.0,2.0,2865.39,191.72,2906.42,194.69,49.74979805664079,11.32374512,0.8836696665000011,0.0448755
3.0,5.208478305815624,3.834245763018628,0.74876858770572,0.3691079126243752,85.0,78.2567325005114,76.86885399998366,0.0,0.0,0.0,2.0,0.0,2.0,278.08,184.17,2877.66,195.43,83.77584540049727,11.43021602,0.5236627231899995,0.0046
0.0,5.03328498657535,2.0278480084395465,0.786271858432505,0.394873971340436,432.0,57.088511063802834,41.8019046864238,0.0,0.0,2.0,1.0,0.0,1.0,3754.34,789.02,176.55,363.53,79.53158430187369,11.15692158,0.42352247675619,0.2901321749999999
0.0,6.682125380040053,2.166443379340494,0.791307580291122,0.388883974267236,289.0,56.13447154564224,31.01270337787914,0.0,0.0,2.0,1.0,1.0,1.0,1913.61,326.97,825.52,691.49,79.18256690166918,11.40121402,0.3344738764733329,0.01909
1.0,6.889808999843847,3.997935692295129,0.5831016243515371,0.3968090672912582,229.0,66.83047486754485,66.7379204733195,0.0,1.0,2.0,1.0,1.0,0.0,122.33,376.75,2026.39,188.31,38.73287577017213,11.20858266,0.6870183818333331,0.1858702166666667
1.0,7.435504395621171,3.9823530828408953,0.529017037101788,0.3894603328994593,1.0,55.77526352798584,31.241682250119315,2.0,0.0,1.0,1.0,0.0,2.0,378.77,163.12,1329.85,255.25,33.840167463107306,11.26621843,0.255223224,0.2120815000000002
5.0,5.004763729971095,4.252420029371114,0.6204375607749686,0.2568707360094335,143.0,57.15025073473726,54.52311548518468,1.0,1.0,2.0,2.0,0.0,0.0,2956.94,197.36,2886.28,195.34,67.36767070773372,11.84330907,0.999509275,0.0622219999999999
0.0,5.040503717180855,3.9676873850367023,0.7378833750204551,0.3898319223851261,330.0,51.05860179966924,30.40249533508809,2.0,1.0,2.0,2.0,1.0,1.0,801.43,728.17,364.2,741.87,33.067620918938786,11.71598751,0.582436778066666,0.1133227499999999
0.0,7.467953916630432,2.039618501087064,0.7842492973226732,0.1804470249912911,687.0,57.57447552883,30.06241247627652,0.0,1.0,2.0,1.0,1.0,0.0,169.43,713.47,3733.34,215.79,39.998267796369305,11.34362422,0.3391699501392854,0.1146906666666666
0.0,5.001029876359925,3.985925414743861,0.5942097156177553,0.3714880165042559,253.0,58.13593285029088,35.906689417865515,0.0,0.0,1.0,2.0,0.0,0.0,2184.49,263.17,70.15,332.47,78.83001153786165,11.43778485,0.6305594122666659,0.0914809261904762
0.0,6.636884947315563,2.0077340016853475,0.7762550712562597,0.3961082670456625,540.0,32.20683824152805,48.198289829563066,1.0,1.0,2.0,2.0,1.0,2.0,3115.69,584.43,138.53,411.75,77.7166788324207,11.22282963,0.2071353588785713,0.3371179880952381
0.0,5.182557277040682,3.996583560998871,0.5188723386884112,0.3818289670838196,289.0,45.01524976328861,65.92900405664625,1.0,1.0,0.0,2.0,1.0,1.0,3015.77,759.21,4434.23,442.63,82.74822049338002,11.80914934,0.6362236543199993,0.0144033833333333
0.0,5.003201115748021,3.330008417141807,0.5753688277978121,0.3789579295161116,180.0,53.66126561207546,42.74435916934483,1.0,1.0,2.0,2.0,1.0,2.0,355.76,177.88,138.53,411.75,89.0594099472013,11.11601072,0.5495361134999994,0.0712236666666666
0.0,6.414834022774094,3.181554685056414,0.6712713680677046,0.3296523247506088,440.0,40.54264168231189,59.09480704806428,0.0,1.0,1.0,0.0,0.0,1.0,2744.96,374.82,2688.23,307.8,77.93299888186023,12.0566229,0.5964153409476183,0.0297628999999999
0.0,5.132277536901953,3.897776612343392,0.7830962799564786,0.3730477503847293,1.0,56.91399344956921,93.8743003398952,0.0,0.0,1.0,1.0,1.0,1.0,397.69,160.02,4010.89,767.06,41.95781687530649,11.15984039,0.399247634413333,0.017982675
0.0,5.029133316868654,3.944961265371728,0.5037204017600394,0.3459024657255035,545.0,33.392916323821545,36.583141139867664,1.0,0.0,0.0,2.0,0.0,0.0,1808.47,343.5,2436.27,221.71,86.02067303083324,12.28424881,0.6393217924238092,0.0131231023809523
1.0,6.405775737723811,3.9014993073674247,0.5346036676909667,0.3799075411818789,1.0,62.352995237638766,37.468845623268834,2.0,1.0,1.0,2.0,1.0,0.0,110.69,488.87,519.32,262.95,46.71585975095002,11.2621159,0.3463358629999997,0.136332
0.0,5.009023887265879,3.576602469298594,0.7918481945841087,0.209205552454391,690.0,33.77841323997766,73.4429064422535,2.0,0.0,1.0,1.0,0.0,0.0,1466.4,709.97,2587.67,305.43,79.74549753361495,11.74909577,0.567426736283333,0.0858746416666666
5.0,5.880834978813845,2.9412850306687397,0.6635421015850745,0.3205230555543956,1.0,72.29730869265445,58.95192627661518,2.0,1.0,0.0,2.0,1.0,0.0,2876.22,194.31,2862.26,197.3,79.7031966235191,11.47224932,1.0,0.0
0.0,5.000130944509087,3.270744862813289,0.6291012980771885,0.3898578964276552,309.0,58.17558831892132,96.37169614121338,1.0,1.0,0.0,0.0,0.0,0.0,4347.14,534.45,352.97,220.62,82.36740004973669,12.0021403,0.6678764108233329,0.0269492047619047
1.0,5.167402847835328,3.844881841773309,0.7871999340152425,0.3871695784975611,145.0,38.51225123510724,30.204096942455305,1.0,0.0,2.0,1.0,1.0,0.0,659.56,191.21,3070.74,533.09,49.14241235837871,12.01883739,0.5593289733499993,0.2498418499999999
0.0,5.07510262508336,2.377991909564344,0.5254717579056725,0.3811373124447295,441.0,50.60095985374394,95.33570520436304,1.0,1.0,1.0,1.0,1.0,1.0,312.1,155.04,2405.18,406.77,42.30819705706571,12.13610083,0.7292466597500004,0.0557863416666666
0.0,5.004748284335829,2.111027019422875,0.5639486311140404,0.2118062232892048,601.0,99.83496399280251,88.98085222135335,1.0,0.0,2.0,2.0,1.0,1.0,283.37,226.93,561.99,775.95,38.12429087886416,12.17363616,0.5465839813095237,0.2822904488095239
0.0,6.439421908227801,2.0495521684599884,0.6678619691885495,0.2992100715706198,530.0,46.45464193037756,75.35425692910121,2.0,0.0,1.0,0.0,1.0,1.0,3121.12,256.79,4294.02,721.07,75.99387819196954,11.52002226,0.6959546400116666,0.0640691166666666
0.0,6.537168041159777,2.7957141695719634,0.7892793679838024,0.3794193496498346,237.0,99.84055786125838,33.463781610862,1.0,1.0,1.0,1.0,1.0,1.0,310.72,131.25,618.66,271.69,42.97590292938545,12.19439132,0.3616110397999994,0.022988625
0.0,7.233449901937336,2.1682316330300093,0.7853210991410132,0.3861855794011369,290.0,99.90638859176286,45.06020062185309,1.0,0.0,2.0,1.0,1.0,0.0,1438.45,168.03,4445.72,743.68,44.2408965853253,12.06147359,0.2657303507391663,0.3801850999999999
0.0,6.65313109728223,2.1806675361164385,0.5442728939732491,0.390441993929471,361.0,33.10268045616067,39.79169597844489,2.0,0.0,2.0,2.0,1.0,0.0,2250.17,407.14,2381.88,335.87,73.35206564922439,12.30372892,0.3616343169490472,0.0140405
4.0,7.320228945130443,4.010156047917178,0.5102228954526103,0.3977084612951532,301.0,78.1319358206367,36.54170116283764,1.0,1.0,1.0,2.0,0.0,1.0,811.39,239.46,2832.2,200.38,82.55065844023368,11.17289756,0.836725127000001,0.1310665
2.0,7.4507804732418705,3.8730359323031296,0.7628983080609301,0.3918614619158448,210.0,48.416831504207735,96.25171911816622,1.0,0.0,2.0,1.0,1.0,0.0,393.6,171.93,2515.51,205.66,82.04029942743867,11.39067774,0.4624496820699996,0.0341775
0.0,5.000130944509087,3.270744862813289,0.6291012980771885,0.3898578964276552,309.0,58.17558831892132,96.37169614121338,1.0,1.0,0.0,0.0,0.0,0.0,4347.14,534.45,352.97,220.62,82.36740004973669,12.0021403,0.6678764108233329,0.0269492047619047
3.0,5.033503273164108,3.938076061952995,0.7568514295976659,0.3829505712391449,131.0,73.65591105920466,82.0427432134425,0.0,1.0,0.0,2.0,1.0,1.0,428.36,173.65,2920.11,196.01,85.13839362444634,11.42916953,0.6937875628000001,0.0041315
0.0,5.004219554074592,4.0859935371062726,0.7599828195202614,0.3666321716328256,215.0,42.64091069830141,73.97682329876369,0.0,0.0,0.0,1.0,1.0,1.0,359.71,164.64,2434.94,304.36,87.53518706573479,12.26623598,0.4673034089999999,0.0047965
2.0,5.005865322900156,2.7045558542391417,0.6767681721646824,0.3869815795897371,84.0,95.0044995240784,30.4082449114845,1.0,1.0,2.0,1.0,1.0,0.0,448.44,198.69,2493.98,206.95,73.5556430375873,11.78092429,0.5592781401899994,0.025468
0.0,5.171963936243442,3.9832844969290617,0.6726220597276662,0.2999009277838177,691.0,74.61296076962168,55.20206113183146,2.0,0.0,1.0,1.0,0.0,0.0,1466.4,709.97,2587.67,305.43,80.18027001280667,11.74914463,0.4755884430466661,0.0843805236111111
0.0,7.406587563214632,2.0219558680875207,0.6693358729089411,0.3986897175947863,1.0,57.032964271440456,90.89423957182008,2.0,0.0,2.0,2.0,1.0,0.0,2250.17,407.14,2381.88,335.87,32.52372794631164,12.19691202,0.2745582046933328,0.0
4.0,5.6732474950510055,3.83371353449888,0.5969145582022232,0.3970077854792494,463.0,56.87479350374424,74.56247515074652,1.0,0.0,1.0,0.0,0.0,1.0,604.2,168.72,2937.77,196.4,86.2674671656229,11.18434825,0.849421894000001,0.128726625
0.0,5.049888566083961,4.018324321517245,0.5234147090602339,0.3491187528099312,274.0,70.62758944916132,60.43652661660707,2.0,1.0,0.0,2.0,1.0,0.0,1531.03,480.75,297.23,200.72,79.92324929560607,11.55411329,0.9106100500000012,0.0145470083333333
0.0,5.026121349409198,3.944515573997181,0.7951528989878694,0.3838828309470565,196.0,57.67211645359271,45.46386249165372,2.0,0.0,0.0,2.0,1.0,2.0,813.97,185.77,3635.85,690.65,86.25371724263798,12.34028161,0.6582472913333329,0.0148477916666666
0.0,6.213135499366194,4.130162432954973,0.5237638348035623,0.2044352132181174,334.0,47.28562428134165,37.12039330191596,2.0,1.0,0.0,2.0,0.0,0.0,1451.39,625.46,1632.24,272.26,84.24391953902015,11.60867361,0.7897018154430956,0.0112191416666666
5.0,5.937519702348218,3.0044478120312608,0.6787996206658398,0.2020417035447945,112.0,35.92649542637216,47.79521336910303,2.0,1.0,0.0,2.0,0.0,0.0,2903.14,195.52,2857.59,200.51,84.68912882552466,11.54176812,1.0,0.0
5.0,5.124465819783296,2.027553026517607,0.7122926784244722,0.3613865611711143,168.0,44.601028573078025,80.06704467983789,2.0,1.0,1.0,0.0,0.0,2.0,2747.17,193.79,2889.94,193.49,62.66644240214882,12.25871126,1.0,0.0
2.0,5.084510483586538,3.9442858796028735,0.6722275310539746,0.3862503424840593,110.0,71.36160289468829,53.902370249521965,2.0,0.0,0.0,0.0,1.0,1.0,545.18,195.08,1400.0,200.0,89.29249344847874,11.49312885,0.6885975869999997,0.0415008333333333
3.0,6.248193629414267,3.0018206382753445,0.7373826099341976,0.3524723942025751,323.0,57.69709143220402,70.52947123139255,0.0,0.0,1.0,2.0,0.0,2.0,618.66,195.11,2895.71,200.36,67.91826365744976,12.0736205,0.8751353880666676,0.0552608333333333
0.0,5.03138920425007,3.65178936651013,0.7976141765675911,0.389646253610383,250.0,99.5948244084004,30.47237910466485,1.0,1.0,2.0,1.0,1.0,0.0,3052.09,573.87,3108.03,421.63,80.35072384181193,11.8309645,0.545956693516666,0.367274894047619
0.0,5.801971001865583,3.9941238673496176,0.5523621411979126,0.3912988502951638,332.0,46.28009115098942,67.6264624819362,0.0,0.0,0.0,2.0,0.0,2.0,2299.52,471.19,1596.1,315.44,84.48338431192794,12.22577255,0.5793062210666658,0.029377794047619
3.0,5.016084604568295,4.000818909376835,0.7545076195583115,0.3619209468807302,103.0,50.43909459957365,41.69045153240901,1.0,1.0,0.0,0.0,0.0,0.0,508.06,199.47,2924.19,198.26,80.18418948723875,11.94005141,0.5707782162599995,0.005549
0.0,5.006146618973835,3.06469290365774,0.7504812751086808,0.2582686484816503,451.0,80.08285503759933,40.57069569034537,1.0,1.0,1.0,2.0,0.0,1.0,526.6,250.38,305.31,750.11,81.73944000336378,11.21870049,0.6145707255833327,0.0798816523809523
1.0,7.415396255873922,2.125237649762821,0.6619321688479163,0.3886747827638281,310.0,53.19201999961154,75.72957513910484,2.0,0.0,0.0,1.0,0.0,0.0,363.25,161.1,3018.72,499.71,71.05861828360263,12.15363419,0.4258453289999996,0.1192225000000001
0.0,5.078151480942486,3.998001121699204,0.5635348599390895,0.3916296722485005,499.0,60.45509910640217,30.498468287953955,1.0,0.0,0.0,0.0,0.0,2.0,2395.67,515.35,2973.66,264.56,82.9728928304315,11.67045035,0.7547100668555558,0.0112066916666666
0.0,5.023851010278783,2.0074503395869243,0.7832974099826612,0.3721041597726141,165.0,42.9940797951055,90.58097900013571,0.0,0.0,0.0,1.0,1.0,1.0,367.53,177.39,2229.06,294.91,89.64669513454199,12.21932573,0.5500891386166661,0.0082082499999999
0.0,5.078151480942486,3.998001121699204,0.5635348599390895,0.3916296722485005,499.0,60.45509910640217,30.498468287953955,1.0,0.0,0.0,0.0,0.0,2.0,2395.67,515.35,2973.66,264.56,82.9728928304315,11.67045035,0.7547100668555558,0.0112066916666666
0.0,5.184167160783049,3.495478739054548,0.6296313040954691,0.3748479659006022,343.0,40.02694912752518,35.61294713219356,2.0,1.0,1.0,2.0,1.0,0.0,3992.77,789.41,1400.13,767.97,69.13709988946194,11.19720196,0.618796319821428,0.177223069047619
0.0,5.01970266595782,2.006569120188324,0.7996265703919964,0.3585746051191157,434.0,46.8847956070185,34.14811097398643,0.0,0.0,2.0,1.0,1.0,1.0,1913.61,326.97,825.52,691.49,65.65304785792618,11.44520403,0.40851306354619,0.1484199702380952
0.0,6.391762334666568,3.723550296460386,0.678930271965168,0.2602951630220155,696.0,39.84195707304165,59.863396482808696,1.0,0.0,1.0,0.0,0.0,1.0,2285.24,461.01,1972.2,631.59,79.99188500394547,11.25430239,0.4186262411309519,0.0500093821428571
0.0,7.372613934916629,3.374170650556388,0.7478193062502968,0.2676152851515072,547.0,50.14689209651057,44.10132572499241,0.0,1.0,0.0,2.0,0.0,2.0,102.2,276.88,100.8,207.37,83.72600921602547,11.78919332,0.834155393583334,0.0082686232142857
1.0,5.195065604976783,3.9544996895212496,0.5298405434949981,0.3985030984589667,270.0,38.48898939120788,74.01123039386556,2.0,0.0,1.0,2.0,1.0,2.0,615.86,192.81,1142.11,759.64,81.6726224491829,12.32227142,0.6392269799033327,0.3837665000000001
0.0,7.467953916630432,2.039618501087064,0.7842492973226732,0.1804470249912911,687.0,57.57447552883,30.06241247627652,0.0,1.0,2.0,1.0,1.0,0.0,169.43,713.47,3733.34,215.79,39.998267796369305,11.34362422,0.3391699501392854,0.1146906666666666
3.0,5.83235461383388,3.760624849746017,0.7899414409533564,0.1754257327591076,98.0,41.60666505666708,46.08011269758924,2.0,0.0,0.0,2.0,1.0,2.0,501.1,181.25,2878.83,195.5,96.37010175690408,12.31123208,0.2842555450199998,0.0063985
3.0,5.87101362902223,3.8801549740363126,0.7226225647192531,0.3679981366595616,1.0,97.56787801764892,32.2015949023012,1.0,0.0,1.0,1.0,1.0,2.0,462.51,182.17,2874.59,199.5,77.4169090268776,11.10224885,0.3693618861899996,0.034139
5.0,6.111166159935815,2.5013183794568694,0.7276722516534538,0.1779808853128049,231.0,40.26744913309564,96.94503808792176,1.0,0.0,1.0,0.0,0.0,1.0,2744.03,193.75,2937.77,196.4,60.75153102762141,11.11744756,0.997879865,0.004655
0.0,5.019049839128587,4.030673642173625,0.5499768997526652,0.3826536361668139,369.0,52.92410133750191,31.312196684142567,2.0,0.0,0.0,1.0,1.0,0.0,852.89,736.36,4377.75,457.08,80.49322813000742,11.83699728,0.6223901682685706,0.0103171416666666
0.0,5.24667142554219,2.869621784976999,0.5518322751032061,0.3629559425680886,351.0,51.06799733378027,40.044464784438425,0.0,0.0,1.0,2.0,1.0,1.0,1889.35,340.61,631.28,692.81,79.09946497529985,11.48499456,0.4479831476233327,0.055208675
0.0,5.019924721135312,4.408313952187751,0.5496267076970319,0.2492794157233455,350.0,33.98657384100275,37.43120489633301,2.0,1.0,0.0,1.0,1.0,0.0,2970.74,312.58,403.78,753.84,78.12348800439293,11.10487694,0.5098576173952375,0.0098410833333333
0.0,5.195835326405301,2.0434004424714614,0.7942888225796397,0.393052183897107,325.0,37.23576043974423,57.557339033019325,2.0,0.0,1.0,1.0,0.0,1.0,210.64,762.82,1730.07,368.56,48.689045487728336,12.21712945,0.6122363292333328,0.0362863333333333
4.0,5.206128070578784,3.0067049296008093,0.7440278859848382,0.3664797400646483,1.0,73.87798116150579,37.47311364819268,2.0,0.0,0.0,0.0,1.0,1.0,1579.49,164.77,2865.33,197.52,78.27255594182314,11.46147624,0.6953309921899999,0.0205975
0.0,5.476475287277444,2.2532806703825785,0.7841281931114067,0.3814493286008088,162.0,99.7590797023991,57.39674967219056,2.0,0.0,1.0,1.0,0.0,1.0,210.64,762.82,1730.07,368.56,38.18180176722437,12.16921658,0.3037941924033329,0.004152
0.0,5.006238844353322,4.029575422448081,0.5322556897165198,0.3414061714777342,599.0,34.0858437561254,39.740901992764606,0.0,0.0,0.0,1.0,1.0,1.0,3059.04,338.15,2547.95,572.69,77.91972687310168,11.17753847,0.7195094391666668,0.0068316666666666
0.0,5.028502810837809,4.002619753429506,0.509992256837317,0.380009082126421,365.0,58.1908179918136,48.775874022406725,2.0,0.0,0.0,2.0,1.0,0.0,1535.08,500.33,2499.7,526.28,82.57728847821761,12.24060789,0.7027629090952381,0.0242654261904761
1.0,5.046356153430233,3.444575334506208,0.5945007171693933,0.3937883187092406,206.0,78.21851172328141,30.11147866497914,2.0,0.0,1.0,1.0,0.0,2.0,378.77,163.12,1329.85,255.25,89.9760935287679,11.32375454,0.5794036314999994,0.2187530000000001
2.0,5.034855437680688,4.000094327971754,0.6792437772851628,0.3430043011064987,183.0,77.33691087304672,49.76551390016676,2.0,1.0,0.0,2.0,1.0,0.0,447.18,199.28,2067.41,181.69,91.56942396297678,11.52655709,0.9328903980000012,0.0147059999999999
0.0,5.01581866505483,3.335064992839004,0.5860356569677373,0.3917703485668455,156.0,78.04875848683922,32.00207178953386,1.0,0.0,2.0,1.0,1.0,0.0,302.06,149.91,3537.83,710.51,42.82684537406264,12.0804672,0.3034555604999996,0.1368563571428571
0.0,6.614258478335447,2.003377396733599,0.6226006453798097,0.28141097212787,466.0,98.22559005821446,59.43854875826588,0.0,0.0,1.0,1.0,0.0,1.0,3922.46,260.71,1380.68,415.8,77.42246381134562,11.65040445,0.8180876776547622,0.0615511916666666
3.0,5.6331694383766,3.822024365005974,0.7869267701525077,0.3770867664401356,115.0,64.48075216845312,36.41154274770752,2.0,1.0,1.0,2.0,1.0,0.0,676.97,190.41,2882.69,209.97,50.060010990558894,11.12849979,0.5387548641899997,0.0452085
0.0,6.213135499366194,4.130162432954973,0.5237638348035623,0.2044352132181174,334.0,47.28562428134165,37.12039330191596,2.0,1.0,0.0,2.0,0.0,0.0,1451.39,625.46,1632.24,272.26,84.24391953902015,11.60867361,0.7897018154430956,0.0112191416666666
0.0,5.15783173834985,4.441471980188563,0.7967727269192054,0.344058336179857,363.0,52.65906970264579,44.81418324021121,1.0,1.0,2.0,1.0,0.0,0.0,1975.07,415.23,4004.57,246.63,43.5171368655734,11.74625508,0.5291120208395235,0.3698220499999998
0.0,5.69704240229726,2.05341143121458,0.7830285645983581,0.381670393724545,133.0,98.56371105174384,43.47563000838105,2.0,1.0,1.0,0.0,1.0,2.0,394.74,767.75,1983.4,299.33,69.498797050143,11.79336932,0.4560710948866661,0.001547
0.0,5.024581210434509,2.247706619778464,0.7297978986617317,0.3583299884490057,460.0,47.59822267936907,38.40321091714846,2.0,0.0,1.0,1.0,0.0,0.0,324.43,173.64,2587.67,305.43,41.624991767447234,11.67981142,0.8504616910833337,0.0386522499999999
0.0,5.001029876359925,3.985925414743861,0.5942097156177553,0.3714880165042559,253.0,58.13593285029088,35.906689417865515,0.0,0.0,1.0,2.0,0.0,0.0,2184.49,263.17,70.15,332.47,78.83001153786165,11.43778415,0.6305594122666659,0.0914809261904762
0.0,5.004748284335829,2.111027019422875,0.5639486311140404,0.2118062232892048,601.0,99.83496399280251,88.98085222135335,1.0,0.0,2.0,2.0,1.0,1.0,283.37,226.93,561.99,775.95,38.12429087886416,12.17363616,0.5465839813095237,0.2822904488095239
1.0,5.045047467578477,2.956651382247911,0.5305827879627306,0.3878545745166858,125.0,43.834445141652346,95.27375226838213,2.0,1.0,1.0,2.0,0.0,1.0,378.98,174.24,2432.66,613.06,77.82491670625215,12.30137526,0.6796234259999998,0.2961250000000002
0.0,5.016829034417786,3.933285564671924,0.7901463747025743,0.370920532270486,169.0,60.27706212963937,44.05188081282499,0.0,1.0,0.0,0.0,0.0,0.0,331.56,160.89,2208.45,330.22,76.16061188940317,11.35344167,0.5665298579999994,0.0040826666666666
5.0,5.585297183164458,3.785655450221039,0.7211800609879611,0.3689234979199468,1.0,83.85532621879622,54.99838600604108,0.0,0.0,1.0,1.0,0.0,1.0,2804.38,195.12,2814.54,198.06,53.00603320543072,11.51358669,1.0,0.0
0.0,5.041897426192791,3.1239314629702526,0.6541465385611266,0.3733309387158596,170.0,59.34054906938079,94.55756379338938,2.0,1.0,1.0,0.0,0.0,0.0,3035.95,476.62,3222.69,767.67,71.5456472309101,11.84424435,0.5472812209999993,0.0176555833333333
3.0,5.019354176547693,3.9646916302458033,0.7491115604420983,0.3651540276687083,131.0,74.48267959521839,77.5710977945877,0.0,1.0,0.0,2.0,1.0,1.0,428.36,173.65,2898.12,195.96,89.40910418240956,11.42917152,0.6937937576900001,0.0040485
0.0,6.215410614416923,3.971613090779669,0.7769646327223555,0.344126065434865,276.0,39.09761012012976,55.07802824665005,1.0,1.0,0.0,0.0,1.0,0.0,1149.51,176.37,3147.96,466.79,85.93251535860475,11.95360579,0.3789556064199997,0.0114793749999999
1.0,7.117849400003211,2.5285395821807355,0.5235834881257511,0.3875490414940336,125.0,96.79786796615404,94.371910827913,2.0,1.0,1.0,2.0,0.0,1.0,355.63,173.8,2432.66,613.06,32.93697566050664,12.30137698,0.4444943009999995,0.2866750000000002
0.0,5.017935388337129,3.714066187597507,0.5672014977203984,0.3540122347774445,579.0,34.37523451732018,42.61427239261496,0.0,0.0,0.0,0.0,0.0,2.0,2974.93,410.44,3634.84,277.1,85.88727433463941,12.36180787,0.8228999080833341,0.0051137666666666
0.0,7.061113110821922,3.613667867453494,0.5406628454545571,0.3798718344025846,385.0,39.09053382984183,54.356161625138895,0.0,0.0,0.0,0.0,0.0,2.0,2974.93,410.44,3634.84,277.1,77.36620496681606,12.30328685,0.5706972681899992,0.000816
0.0,5.014862055036471,3.0530498245423123,0.7845054789546471,0.3354262413849883,1.0,96.95850843126355,60.478613128889045,0.0,0.0,1.0,1.0,0.0,0.0,327.0,161.77,4200.11,792.34,89.70633576905938,11.6018948,0.3103531730233332,0.0223368333333333
0.0,5.2491828509159495,2.350588313927996,0.7440476839082352,0.3796011729260885,463.0,77.92948098164594,67.66423728906207,1.0,0.0,1.0,0.0,0.0,1.0,339.38,165.88,1972.2,631.59,71.49293288462607,11.18433783,0.6979331134238094,0.0300219583333333
0.0,5.137459492706178,4.038133705364523,0.7172663270776986,0.3460952298133419,636.0,68.70053474570427,50.88929068486989,2.0,1.0,0.0,0.0,1.0,1.0,107.37,392.88,2588.26,228.29,69.43828880277138,11.60908687,0.8739365922619057,0.00780645
0.0,6.843653187965204,3.999591577371743,0.7891483062885132,0.2946609802833343,265.0,79.01530433038145,60.86268336752437,0.0,1.0,1.0,1.0,0.0,2.0,58.26,254.49,1961.04,223.67,77.35365268984427,11.54945028,0.4073097453333335,0.0440081333333333
2.0,6.292373142490397,3.961056286637828,0.669125464459559,0.3837142880967875,183.0,69.04594815984107,50.36361568354255,2.0,1.0,0.0,2.0,1.0,0.0,379.75,173.27,2161.19,183.99,84.73374674592993,11.5265558,0.70664258869,0.010139
0.0,6.363823684874491,2.037123494437891,0.7839131013594821,0.3884243520677432,315.0,32.14802629811498,35.18815769195546,1.0,0.0,2.0,1.0,1.0,0.0,833.55,205.47,2652.23,681.42,38.339962720262015,11.4225277,0.4351355945499996,0.3282642321428572
0.0,6.384223927793588,3.517777760307732,0.7916780907493123,0.3762752974190783,159.0,30.79865499432497,72.53967065462247,1.0,1.0,0.0,0.0,1.0,2.0,329.13,164.44,4048.1,687.35,83.02820474963785,11.20476036,0.4582881251399996,0.0039
3.0,5.9726068263731085,3.897733719534702,0.761243835479166,0.3278701238421777,365.0,46.38667569800868,75.73386950951554,0.0,1.0,0.0,2.0,0.0,2.0,421.51,188.29,2900.51,194.35,72.60064748261496,11.73433259,0.9322803900000012,0.0049235
0.0,6.636033861971501,2.1428412782512813,0.7696823041890651,0.2879544305143931,607.0,59.15712437804772,43.54859484818659,0.0,1.0,2.0,0.0,0.0,1.0,179.28,621.78,2626.14,228.42,39.59406783087852,11.16023526,0.4300157763933328,0.0129674999999999
0.0,5.022378465687585,2.422763295892848,0.5378699440468658,0.3810702125940077,414.0,33.38016981513341,44.859582827817874,1.0,1.0,0.0,0.0,1.0,0.0,3123.19,226.18,3147.96,466.79,56.84205530966753,11.99578242,0.7638848405000003,0.0155963166666666
0.0,7.298268406038145,3.344492101930321,0.5564910008940278,0.1503442607604417,143.0,46.77308582781455,84.01323528485378,0.0,0.0,2.0,1.0,0.0,1.0,2149.73,176.05,176.55,363.53,97.33876361222804,11.11070556,0.2163038931299999,0.0097225
0.0,5.037641399597722,3.970456460738216,0.7255320805275851,0.3686108145957004,193.0,51.112050311827055,45.54528225723692,1.0,1.0,0.0,2.0,1.0,1.0,857.57,184.95,4434.23,442.63,69.45654787585126,11.77975038,0.373803630833333,0.0131834999999999
1.0,5.00964066151309,3.928199519656817,0.6247200894043747,0.3977482276911058,269.0,93.69261627086668,74.1680842995268,1.0,1.0,0.0,2.0,1.0,2.0,761.49,187.5,1500.49,362.55,86.85860632242964,11.26011115,0.660318908833333,0.2229104999999998
0.0,5.2146551135050645,4.013387265792679,0.5792210688167981,0.3893643794423757,333.0,42.65757667753817,31.405570286938666,0.0,0.0,0.0,2.0,0.0,2.0,2299.52,471.19,1596.1,315.44,84.74140346273535,12.22579698,0.7508979529000002,0.0254462083333333
0.0,5.476475287277444,2.2532806703825785,0.7841281931114067,0.3814493286008088,162.0,99.7590797023991,57.39674967219056,2.0,0.0,1.0,1.0,0.0,1.0,210.64,762.82,1730.07,368.56,38.18180176722437,12.1692443,0.3037941924033329,0.004152
0.0,5.010633861761406,4.019995430933341,0.7895796307266615,0.2041052911720783,363.0,48.39700591418072,52.649414043188,1.0,0.0,0.0,1.0,1.0,1.0,349.05,171.56,77.26,630.9,55.87692454675694,11.51779531,0.4218343810833335,0.0044565
0.0,5.088719228009474,4.001383384791305,0.5326464366308874,0.3898200312824187,375.0,54.15766105351367,84.9153087062034,0.0,1.0,0.0,1.0,0.0,0.0,3681.29,733.16,755.82,276.56,82.26030617821989,11.31854472,0.5383054718999994,0.0232875857142857
0.0,6.636033861971501,2.1428412782512813,0.7696823041890651,0.2879544305143931,606.0,59.15712437804772,43.54859484818659,0.0,1.0,2.0,0.0,0.0,1.0,179.28,621.78,2626.14,228.42,39.59406783087852,11.16019251,0.4300157763933328,0.0129674999999999
3.0,5.145436459535774,3.944977757375955,0.569948789274416,0.3396074305931755,353.0,59.24333563394467,58.804754577075,2.0,0.0,1.0,0.0,1.0,1.0,611.19,195.22,2910.19,194.33,73.26604215115503,11.46636814,0.9495944450000012,0.0665285499999999
0.0,5.237518948605275,2.114061569819115,0.7779462565918087,0.3372780945634299,488.0,47.33514212566482,33.69524858871815,2.0,0.0,1.0,1.0,0.0,1.0,210.64,762.82,1730.07,368.56,77.27868697321807,12.26656823,0.5256423608666662,0.0246847041666666
0.0,5.029080381207824,2.1493382482661483,0.7914581172199897,0.381080903130286,199.0,44.04720186033384,90.73251940260118,0.0,0.0,1.0,1.0,0.0,0.0,327.0,161.77,4200.11,792.34,84.71936243322126,11.66090222,0.4788204974999995,0.0367755833333333
0.0,5.010538877212251,2.285134165559604,0.7048402686215881,0.3717035460094087,1.0,36.84415761473642,62.17147544064917,0.0,0.0,0.0,2.0,1.0,1.0,1976.28,407.9,2528.11,229.78,89.35733664949925,12.0141163,0.497110884626666,0.0034279333333333
0.0,5.0824284743296815,2.4953999184477165,0.5636772286775955,0.3947069286528795,231.0,42.3680745903666,30.930207927655683,1.0,0.0,1.0,0.0,0.0,1.0,337.82,168.86,1972.2,631.59,80.9102215084738,11.1174384,0.5510981978566661,0.0458938999999999
0.0,6.444187274685492,2.1506835356581937,0.679461182354812,0.3955258057264431,377.0,99.84357901831714,69.81567279036591,2.0,1.0,1.0,2.0,0.0,1.0,4161.81,215.39,2432.66,613.06,59.05049941437665,12.37726363,0.623903243516666,0.2140050202380954
0.0,5.01368884495036,2.1440821236757213,0.7969606150047375,0.3928525742727178,536.0,57.79013719816824,30.71985669093264,0.0,0.0,2.0,0.0,1.0,2.0,3572.83,278.65,1329.62,782.03,77.5326454761452,11.31748321,0.5415180495461899,0.3242984178571428
2.0,6.385905685874546,3.9355599792023455,0.5370207038562624,0.3974788980927706,155.0,69.54041317685542,80.04461421005651,2.0,0.0,0.0,1.0,0.0,0.0,363.25,161.1,1400.0,200.0,91.5272425147294,12.10806626,0.5900963053333329,0.019972
0.0,5.047560989156869,2.0936867829139785,0.5385466208224438,0.3986455960546644,360.0,51.07733046125258,40.00244427286933,1.0,1.0,2.0,2.0,1.0,2.0,1909.3,165.27,138.53,411.75,90.59721087451496,11.16857676,0.4903432727658329,0.4041712214285712
0.0,6.414834022774094,3.181554685056414,0.6712713680677046,0.3296523247506088,440.0,40.54264168231189,59.09480704806428,0.0,1.0,1.0,0.0,0.0,1.0,2744.96,374.82,2688.23,307.8,77.93299888186023,12.0566229,0.5964153409476183,0.0297628999999999
0.0,5.031031969282339,2.124815005161131,0.7953462095658872,0.2625438045643312,431.0,99.08889892723894,46.854104745190654,0.0,0.0,2.0,1.0,0.0,1.0,3754.34,789.02,176.55,363.53,75.97512373578957,11.15689104,0.4599378678714281,0.3087770499999998
0.0,5.176332958485451,3.972531774503569,0.5198000518166187,0.3385699352817298,465.0,96.48842503845113,40.088264560344015,2.0,0.0,0.0,1.0,0.0,0.0,1803.78,378.72,2999.74,645.48,79.50306785834569,12.20063445,0.6267749392619044,0.0116806833333333
0.0,6.805848549319743,2.3331769554977098,0.5424872838243897,0.3829361875653854,336.0,98.8180310004875,30.152069697130287,0.0,0.0,2.0,0.0,1.0,1.0,1972.4,260.47,1597.98,306.47,71.0082082715074,11.40078403,0.4868212698348329,0.2800415988095238
0.0,7.338694806344236,4.345628293422672,0.5031117394789264,0.159644169843991,220.0,41.9259976550026,89.48458354907687,0.0,0.0,2.0,1.0,1.0,1.0,2739.9,163.62,1449.88,242.42,82.73290191459475,11.11014675,0.0814266391066666,0.0595199999999999
0.0,5.18402974048245,3.08570074513926,0.798133728638472,0.3829447399990635,1.0,99.95884938191912,69.38870765758628,1.0,1.0,1.0,1.0,1.0,1.0,310.72,131.25,618.66,271.69,81.54077212031827,12.12545599,0.3573533876333329,0.0145724666666666
0.0,6.468016642923527,2.168960045439305,0.7839918331823782,0.3808480677677708,230.0,98.90436468182104,75.44868217180189,2.0,0.0,1.0,1.0,0.0,0.0,326.49,173.8,2587.67,305.43,78.83340637030719,11.61347477,0.3749016964499995,0.0243033
3.0,5.033916052229848,4.007333661292378,0.7495895505938719,0.3434050855401099,223.0,36.07186271137038,51.681773322682375,2.0,1.0,0.0,2.0,0.0,0.0,435.94,179.22,2857.59,200.51,81.03942501425969,11.57500354,0.8390712776900007,0.003859
0.0,5.045865383852578,2.8376415574073977,0.7665248987806895,0.3821711043839347,274.0,45.86235447073016,58.84716586287082,2.0,1.0,1.0,0.0,1.0,0.0,1549.93,226.38,3014.82,769.25,76.37744116446727,11.26935267,0.6086926764999994,0.0593266053571428
0.0,6.371628435462641,3.80296565879338,0.6756998607258963,0.3099275080062794,510.0,34.220829511696465,36.69263696949406,2.0,1.0,1.0,0.0,0.0,0.0,3035.95,476.62,3222.69,767.67,70.3475875681508,11.94573382,0.5603449785952375,0.0295325738095238
5.0,5.86670773119818,3.86110996120608,0.6448876055418258,0.3493465816315132,156.0,84.57212805031057,53.09506374833836,0.0,0.0,1.0,1.0,0.0,1.0,2766.35,194.56,2864.11,197.4,52.71320267642599,11.55781884,1.0,0.0
5.0,5.864114053559553,3.829394754166161,0.6480660075045692,0.3073012406641469,1.0,77.33179617432315,43.753942955715175,2.0,1.0,0.0,2.0,1.0,0.0,2903.45,195.18,2881.35,197.22,70.86038343689938,11.47223276,1.0,0.0
0.0,5.288972975871706,3.9450174862067726,0.7825276826087613,0.3980989010395743,266.0,74.72094363294165,41.50866767272134,0.0,1.0,1.0,1.0,0.0,2.0,58.26,254.49,1961.04,223.67,65.3730612116658,11.5494686,0.6880028509999996,0.06598305
0.0,5.260199438525923,2.70488836261165,0.7909185307574927,0.315571932334218,340.0,82.59236951414405,90.38395534780814,2.0,1.0,1.0,0.0,0.0,0.0,3035.95,476.62,3222.69,767.67,79.38349954449303,11.89449109,0.4368905053066662,0.0324376916666666
0.0,5.041756626938396,3.999907036107696,0.5018709373660347,0.3795362866730991,329.0,57.21902838934803,30.169338750975403,0.0,0.0,0.0,0.0,1.0,2.0,1427.61,714.67,1495.42,387.52,82.23844720958054,12.138974,0.700451544833333,0.0222006523809523
5.0,5.006034345628752,3.844837689024037,0.6240386333977355,0.2806711569011639,146.0,56.41542846115766,35.117870661390285,0.0,1.0,1.0,0.0,0.0,1.0,2714.13,193.59,2872.31,200.81,68.13039653884898,11.96877681,1.0,0.000842
0.0,5.184167160783049,3.495478739054548,0.6296313040954691,0.3748479659006022,343.0,40.02694912752518,35.61294713219356,2.0,1.0,1.0,2.0,1.0,0.0,3992.77,789.41,1400.13,767.97,69.13709988946194,11.19720196,0.618796319821428,0.177223069047619
0.0,6.571180723893494,2.748202552565105,0.6740304909465744,0.2800297771155456,617.0,64.91354123756268,57.37992219304738,2.0,0.0,1.0,1.0,0.0,2.0,1225.98,208.77,1403.17,341.99,71.16885663421536,11.44536108,0.6828207736499999,0.0531851916666666
0.0,5.12441989576504,2.142344478188667,0.7787034583880837,0.3920400552528186,694.0,57.83293867683817,39.8081461410272,1.0,0.0,2.0,2.0,1.0,2.0,2011.81,315.73,2292.61,482.03,79.4070850769772,11.45020851,0.5148048298784124,0.3331632416666666
4.0,6.677430296975956,4.016796501171095,0.7787723649449312,0.3934542713852135,229.0,58.03606740466325,35.67262620783176,0.0,1.0,2.0,1.0,1.0,0.0,1261.03,308.2,2902.54,199.82,86.42854496332397,11.20857187,0.7797122844600005,0.2360599404761905
0.0,6.391762334666568,3.723550296460386,0.678930271965168,0.2602951630220155,695.0,39.84195707304165,59.863396482808696,1.0,0.0,1.0,0.0,0.0,1.0,2285.24,461.01,1972.2,631.59,79.99188500394547,11.25425353,0.4186262411309519,0.0500093821428571
0.0,6.614258478335447,2.003377396733599,0.6226006453798097,0.28141097212787,466.0,98.22559005821446,59.43854875826588,0.0,0.0,1.0,1.0,0.0,1.0,3922.46,260.71,1380.68,415.8,77.42246381134562,11.65040445,0.8180876776547622,0.0615511916666666
0.0,5.062810902684135,3.9120342483844617,0.7603694429307801,0.3762675389055002,246.0,48.66420848801425,81.83110282791064,2.0,0.0,0.0,1.0,1.0,0.0,267.3,157.62,4377.75,457.08,93.69341803665075,11.79968971,0.5095949453333328,0.00724275
0.0,5.038950692962298,3.894758854025656,0.7847627888955104,0.3715459242979808,274.0,54.59060481390197,30.26345486782281,1.0,0.0,2.0,2.0,0.0,0.0,4377.5,337.95,2412.61,597.02,50.85286540250147,11.80192087,0.6127668870433327,0.3235462904761905
0.0,5.014594406131026,3.8180645510669033,0.5384540215050929,0.3781475588241844,220.0,60.15488541715335,87.7601462524934,0.0,0.0,2.0,1.0,1.0,1.0,2701.9,163.62,1449.88,242.42,83.58987100884964,11.11012214,0.5589848629999995,0.1816210000000001
0.0,5.877349602635139,3.9929709076092887,0.5296649598275223,0.3833253930410296,1.0,59.435627745706725,67.50723516089718,0.0,0.0,0.0,0.0,0.0,2.0,3009.75,615.6,947.86,795.78,91.116397219673,11.48764389,0.295059933443333,0.0055437857142857
1.0,5.803543761493876,3.865568102294722,0.5302654737806153,0.3886007854526167,135.0,73.75059555690756,52.607665515960754,2.0,0.0,1.0,2.0,1.0,2.0,615.86,192.81,1371.8,217.54,56.40439506517316,12.28255262,0.5798700873566661,0.20101125
0.0,6.601566613033406,2.140073767579709,0.5538764425978546,0.2823565317015332,588.0,44.78842911550971,39.8882468435107,0.0,0.0,1.0,0.0,0.0,2.0,3689.38,746.45,1523.76,782.97,74.76793569540031,11.21015176,0.8180778958733335,0.0972376059523809
3.0,5.091847457705981,2.292071483831002,0.774528359340689,0.3767675215279203,178.0,65.38652443325563,32.555564157372245,0.0,0.0,2.0,0.0,1.0,2.0,487.52,185.31,2874.12,194.38,90.9890380742485,11.21125759,0.7017597111899998,0.2340358333333333
3.0,5.000808949322179,3.552091917836854,0.6235203421948176,0.3675575862419714,223.0,71.84287891495163,51.79258459400859,2.0,1.0,0.0,2.0,0.0,0.0,486.19,181.34,2857.59,200.51,85.36567614235585,11.5750044,0.8945355955000012,0.0076759999999999
0.0,5.250755975393286,3.836798717273014,0.551414453177294,0.3920960297425044,372.0,44.00446191590547,40.12272605731208,2.0,0.0,0.0,2.0,1.0,0.0,3138.2,228.91,1217.09,746.95,79.45775844007642,12.19613388,0.5261617688399994,0.0063474333333333
4.0,5.673874423408617,3.820543571977613,0.5285404047408587,0.388784193305079,293.0,99.01865997357903,47.40073622709232,0.0,1.0,1.0,0.0,0.0,1.0,1107.67,175.16,2852.19,201.21,88.06178598100732,12.01203747,0.858347737000001,0.0852109999999999
5.0,6.463368581094268,2.249535527021717,0.6566680090093875,0.1852438221430014,1.0,37.70056581529125,49.98944969126882,2.0,1.0,0.0,2.0,0.0,0.0,2763.0,194.76,2857.59,200.51,90.73096915756692,11.50953078,1.0,0.0
5.0,5.834631316670523,2.04585786124272,0.6650936978145694,0.2296431734804825,196.0,71.16647338033039,54.16753955821415,0.0,0.0,1.0,0.0,0.0,2.0,2933.4,196.73,2937.64,203.55,90.94196390809525,11.09389068,1.0,0.0
3.0,5.054991638348356,2.017200458663443,0.7792140295764804,0.3403823823096649,1.0,76.94960344791592,37.68726996680512,1.0,0.0,2.0,2.0,1.0,1.0,386.67,164.94,2878.52,194.36,38.039973845527165,11.99915234,0.4873855681899995,0.2385415833333332
4.0,5.6913753767324735,3.875220453114113,0.6451706311289989,0.3891173991346518,462.0,95.15001218541094,89.62034268590241,2.0,0.0,1.0,1.0,1.0,2.0,2062.0,179.59,2914.33,199.42,46.45858015367019,11.94018692,0.8625829270000012,0.1109167833333333
0.0,5.038950692962298,3.894758854025656,0.7847627888955104,0.3715459242979808,273.0,54.59060481390197,30.26345486782281,1.0,0.0,2.0,2.0,0.0,0.0,4377.5,337.95,2412.61,597.02,50.85286540250147,11.80190255,0.6127668870433327,0.3235462904761905
0.0,7.313388452280741,3.455832085003758,0.7198567260160597,0.3074859982448711,1.0,31.09580051554501,76.27534606460353,1.0,1.0,0.0,0.0,1.0,2.0,329.08,164.54,4048.1,687.35,98.72233425839713,11.15940359,0.2150782077599999,0.0033185
0.0,6.444187274685492,2.1506835356581937,0.679461182354812,0.3955258057264431,377.0,99.84357901831714,69.81567279036591,2.0,1.0,1.0,2.0,0.0,1.0,4161.81,215.39,2432.66,613.06,59.05049941437665,12.37726363,0.623903243516666,0.2140050202380954
2.0,5.698556578231021,4.24628180753115,0.5241910691010819,0.3514923954670906,311.0,74.31874268986662,99.26290952547944,0.0,0.0,1.0,1.0,0.0,1.0,587.31,193.74,2735.55,197.24,93.6681320213487,11.60338772,0.7031876778333337,0.185225
0.0,5.006238844353322,4.029575422448081,0.5322556897165198,0.3414061714777342,599.0,34.0858437561254,39.740901992764606,0.0,0.0,0.0,1.0,1.0,1.0,3059.04,338.15,2547.95,572.69,77.91972687310168,11.17753847,0.7195094391666668,0.0068316666666666
0.0,5.237518948605275,2.114061569819115,0.7779462565918087,0.3372780945634299,488.0,47.33514212566482,33.69524858871815,2.0,0.0,1.0,1.0,0.0,1.0,210.64,762.82,1730.07,368.56,77.27868697321807,12.26656823,0.5256423608666662,0.0246847041666666
0.0,5.125169855498577,2.3078530821956,0.7875482900034764,0.3948078627963448,112.0,65.46033114712498,33.3015073933467,0.0,0.0,2.0,0.0,1.0,1.0,339.56,166.71,1597.98,306.47,72.21146665490876,11.33327319,0.5447742246499994,0.2355160833333332
0.0,5.200272355899021,3.5454526537958317,0.7411031407266132,0.251914082508854,230.0,74.22390407822925,57.30594548479907,1.0,0.0,0.0,0.0,0.0,0.0,326.43,163.21,3028.9,755.84,81.88808746293084,11.32688227,0.0853466181899999,0.004276
0.0,5.019924721135312,4.408313952187751,0.5496267076970319,0.2492794157233455,350.0,33.98657384100275,37.43120489633301,2.0,1.0,0.0,1.0,1.0,0.0,2970.74,312.58,403.78,753.84,78.12348800439293,11.10487694,0.5098576173952375,0.0098410833333333
0.0,7.467953916630432,2.039618501087064,0.7842492973226732,0.1804470249912911,688.0,57.57447552883,30.06241247627652,0.0,1.0,2.0,1.0,1.0,0.0,169.43,713.47,3733.34,215.79,39.998267796369305,11.34367308,0.3391699501392854,0.1146906666666666
0.0,5.043676456526542,3.05825998175154,0.5495512623580439,0.3725895734667169,287.0,46.63525131445464,90.9608130827795,0.0,0.0,2.0,1.0,0.0,1.0,2033.75,173.97,176.55,363.53,79.45769946129597,11.11291743,0.5727318233999994,0.0578014999999999
4.0,5.920361045706501,3.8998114891806814,0.6251558321098554,0.3889020362706874,402.0,63.30370486808037,78.3954872178994,1.0,0.0,1.0,1.0,1.0,0.0,2905.42,197.49,2796.19,196.66,78.05458757006934,11.19686407,0.8923501650000013,0.115535825
0.0,5.023756793711571,3.340432582650223,0.7046692811794494,0.3359276414152182,419.0,46.59135341722871,58.96984911403189,2.0,1.0,1.0,0.0,0.0,1.0,2775.41,236.2,2190.72,647.18,66.99495199382369,11.16707318,0.7734057952619051,0.0541587333333333
0.0,5.146704434324977,2.014025147313385,0.7989790861963023,0.381595920296885,168.0,98.30993034763696,40.11898837845645,1.0,1.0,1.0,1.0,0.0,1.0,324.16,162.08,4338.47,298.47,39.78056593398003,11.47591368,0.425694750856666,0.0174094999999999
0.0,5.041470953135551,3.313660105365455,0.7245445336095927,0.3891207344533812,257.0,65.98851799053563,30.04377882644836,1.0,1.0,2.0,0.0,1.0,0.0,387.72,259.61,2926.68,408.94,35.12610125912243,12.39720755,0.6350826681899993,0.2708823488095239
5.0,5.834631316670523,2.04585786124272,0.6650936978145694,0.2296431734804825,196.0,71.16647338033039,54.16753955821415,0.0,0.0,1.0,0.0,0.0,2.0,2956.69,197.29,2922.66,204.4,90.94196390809525,11.09390213,1.0,0.0
5.0,6.046660384070019,2.191513631446089,0.6607313381254293,0.319870252406957,170.0,80.2485475095616,58.06726365291884,0.0,1.0,1.0,2.0,1.0,0.0,2700.97,187.68,2876.2,198.24,78.60801104094216,12.19910432,1.0,0.0
0.0,5.041897426192791,3.1239314629702526,0.6541465385611266,0.3733309387158596,170.0,59.34054906938079,94.55756379338938,2.0,1.0,1.0,0.0,0.0,0.0,3035.95,476.62,3222.69,767.67,71.5456472309101,11.84423621,0.5472812209999993,0.0176555833333333
0.0,7.319647199839714,4.398723300077559,0.6620919941788852,0.3909847498107971,241.0,55.85450512853993,75.56854709684399,2.0,0.0,2.0,2.0,1.0,0.0,2250.17,407.14,2381.88,335.87,71.1785525323253,12.26701912,0.4233556835899994,0.0029035
2.0,7.390660021158373,3.9169917125715896,0.7306670842964137,0.3899328909217529,193.0,99.03709600527404,81.74886960841692,1.0,0.0,2.0,2.0,1.0,0.0,294.08,150.42,2864.51,194.29,80.12443336206766,11.44156336,0.4563327191899997,0.011164
0.0,5.019082663129328,3.835943939705314,0.7877601922378723,0.3874614428862628,233.0,34.767373589793706,46.341531089290896,2.0,1.0,0.0,1.0,1.0,0.0,2970.74,312.58,403.78,753.84,84.64781014253705,11.09023899,0.5515849789499994,0.00531425
0.0,5.1739631395212005,3.694867601508229,0.763245755781739,0.36262516764596,97.0,56.14837221405679,73.96506716132532,1.0,1.0,0.0,2.0,1.0,1.0,345.57,151.68,4434.23,442.63,85.91682259404203,11.7512735,0.2679891033333331,0.002479
0.0,5.171141009450658,2.010925834926081,0.786696163834433,0.3796075188211592,106.0,99.8064441567542,53.611993330179175,0.0,0.0,1.0,1.0,1.0,1.0,397.69,160.02,4010.89,767.06,42.34502290570151,11.1903523,0.3994059548333329,0.0013095
0.0,5.085400400562062,2.9818200665757577,0.7988538766789689,0.3815699578314,230.0,99.76627163699536,74.526072528414,2.0,0.0,1.0,1.0,0.0,0.0,324.43,173.64,2587.67,305.43,60.113928698286735,11.61346666,0.5097795478333327,0.0254195
5.0,5.85040337223003,3.762506473414996,0.6636267325816567,0.2757670489941597,176.0,71.95692638445236,48.36010150900301,2.0,0.0,1.0,0.0,1.0,1.0,2535.26,188.57,2842.21,194.08,94.8757361784669,11.41497853,1.0,0.0
0.0,5.143317393360137,2.1275276671488017,0.7942837933915858,0.3788908002299731,1.0,81.5999202430537,46.713483463690366,1.0,1.0,1.0,1.0,1.0,1.0,310.72,131.25,618.66,271.69,81.92964512035475,12.12544735,0.3708129838333329,0.0232808
4.0,5.069988572499192,2.1241965980412223,0.7696221973548288,0.3409115462152084,1.0,91.545273818464,35.691432391620225,1.0,1.0,2.0,0.0,0.0,1.0,1114.93,151.18,2876.81,194.16,89.87574689222672,11.36610405,0.5883702698799996,0.3014739333333331
0.0,6.391762334666568,3.723550296460386,0.678930271965168,0.2602951630220155,695.0,39.84195707304165,59.863396482808696,1.0,0.0,1.0,0.0,0.0,1.0,2285.24,461.01,1972.2,631.59,79.99188500394547,11.25425353,0.4186262411309519,0.0500093821428571
0.0,5.035938515507396,2.4252872125903586,0.7982204164475052,0.3727984824691617,210.0,57.6875736815212,31.30349005141321,1.0,0.0,2.0,1.0,1.0,0.0,272.51,136.17,2652.23,681.42,69.39758231520001,11.39069121,0.5133097921666661,0.1848305
3.0,5.012194105885198,2.531378066092361,0.7885571406953342,0.3958137386091677,143.0,57.104833581052,30.15965158489955,1.0,1.0,2.0,2.0,0.0,0.0,489.61,175.89,2886.28,195.34,81.99058028570715,11.8433051,0.6004961043799997,0.2060605
0.0,5.073662704614797,3.998858672639556,0.5698542261682418,0.3727922924352193,503.0,54.99731499640708,36.62948162375444,0.0,1.0,0.0,1.0,0.0,1.0,128.43,521.68,158.09,205.08,88.34338614997174,12.08801127,0.6716771313571427,0.0075952023809523
0.0,7.406587563214632,2.0219558680875207,0.6693358729089411,0.3986897175947863,1.0,57.032964271440456,90.89423957182008,2.0,0.0,2.0,2.0,1.0,0.0,2250.17,407.14,2381.88,335.87,32.52372794631164,12.1969005,0.2745582046933328,0.0
4.0,5.10906953216168,3.97311533474993,0.7580987791428366,0.3576528669890527,1.0,99.66694502429534,50.32941523208055,2.0,1.0,1.0,0.0,1.0,0.0,1409.69,186.85,2930.14,199.95,84.16731756856132,11.18747999,0.69915282569,0.0729425
0.0,6.330560496743515,3.0693211823828643,0.6103479638347002,0.2929715171730117,126.0,37.18819280484925,62.06838973225354,0.0,0.0,1.0,2.0,0.0,0.0,2184.49,263.17,70.15,332.47,78.5529301956632,11.39983978,0.0660005689999999,0.0271194761904761
5.0,5.051061009631328,3.875402031565648,0.7821728398024671,0.2002998191378122,1.0,59.5716423498985,90.6962979699123,1.0,1.0,2.0,2.0,0.0,0.0,2462.68,187.56,2886.28,195.34,82.78649292415719,11.80246054,1.0,0.050221
0.0,5.023756793711571,3.340432582650223,0.7046692811794494,0.3359276414152182,419.0,46.59135341722871,58.96984911403189,2.0,1.0,1.0,0.0,0.0,1.0,2775.41,236.2,2190.72,647.18,66.99495199382369,11.16707625,0.7734057952619051,0.0541587333333333
0.0,5.050145866564081,4.494057815592884,0.5469508841086714,0.3913899495521011,427.0,98.59536111137754,30.201020740942617,1.0,1.0,2.0,2.0,0.0,0.0,1867.55,234.08,2356.35,560.55,37.52962485804304,11.92814216,0.5430262013523803,0.3966917238095238
0.0,5.0466182234323576,2.135857529012456,0.7921366884687032,0.3933015900752133,571.0,63.45209421850913,95.85060198743686,1.0,1.0,2.0,0.0,0.0,1.0,4231.44,255.66,1354.43,361.91,79.57962384803024,11.53255844,0.5518065007295234,0.3851547749999999
3.0,6.068198395824295,3.864248759983545,0.7693752896997207,0.3284609657790329,353.0,50.91873214770707,60.1812787196841,2.0,0.0,1.0,0.0,1.0,1.0,716.1,190.96,2910.19,194.33,75.62576692706776,11.46637082,0.9472819325000014,0.0470492999999999
5.0,5.131591473607421,3.333412434448171,0.5969329043109377,0.3079955133344322,1.0,84.73413006897263,55.85544876759865,0.0,1.0,1.0,1.0,0.0,2.0,2586.4,157.56,2896.08,198.18,91.39438152533282,11.46998659,1.0,0.0054095
0.0,5.578058945406442,2.108533046770033,0.7851503607405315,0.3981057640809341,265.0,65.26544920030355,33.78881980490956,2.0,1.0,1.0,0.0,1.0,2.0,394.74,767.75,1983.4,299.33,52.31737077963098,11.83249701,0.5792850231533326,0.0157997083333333
3.0,5.104556156104732,3.855785923528901,0.784361084521879,0.3803537208833273,131.0,74.59451387470192,41.62138957630507,0.0,1.0,0.0,2.0,1.0,1.0,428.36,173.65,2920.11,196.01,83.72639747402053,11.4291731,0.69729486369,0.0038585
2.0,5.063023573157261,3.911096161389203,0.6478509988775735,0.3910242124575653,167.0,77.31964306380777,92.41985575587604,0.0,1.0,0.0,1.0,0.0,1.0,104.08,278.9,1676.47,169.83,80.61363884805229,11.98768747,0.7612475188000003,0.0340135
0.0,5.000818877760056,4.00600636547519,0.5103076788869233,0.3904336051624177,505.0,57.18972094492268,31.73029786992407,0.0,0.0,0.0,0.0,0.0,2.0,3009.75,615.6,947.86,795.78,82.32194896615955,11.63553134,0.593440278816666,0.0057164166666666
0.0,6.805848549319743,2.3331769554977098,0.5424872838243897,0.3829361875653854,336.0,98.8180310004875,30.152069697130287,0.0,0.0,2.0,0.0,1.0,1.0,1972.4,260.47,1597.98,306.47,71.0082082715074,11.40078403,0.4868212698348329,0.2800415988095238
5.0,5.801623020629166,3.91831911081936,0.6029995907592304,0.2025221508072402,172.0,77.13347993262425,43.44143069897459,1.0,1.0,0.0,2.0,0.0,1.0,2898.65,193.89,2891.13,195.11,47.499357188447,11.58610567,1.0,0.0034164833333333
0.0,5.187482287679861,2.321470798690584,0.7903684063048372,0.3823699366870907,100.0,98.24789402313633,31.62962873053229,0.0,0.0,1.0,1.0,0.0,0.0,377.77,164.14,4200.11,792.34,75.34412366232962,11.63124338,0.3781610770233328,0.0104035
4.0,5.0296718701296905,2.168804837643665,0.7796380026020374,0.374382706675726,85.0,81.31785620326747,75.77605626652317,1.0,1.0,2.0,0.0,1.0,0.0,1241.96,193.82,2881.39,201.67,82.53620672545216,12.34535941,0.6689860070233332,0.4120075892857142
0.0,6.636884947315563,2.0077340016853475,0.7762550712562597,0.3961082670456625,540.0,32.20683824152805,48.198289829563066,1.0,1.0,2.0,2.0,1.0,2.0,3115.69,584.43,138.53,411.75,77.7166788324207,11.22282963,0.2071353588785713,0.3371179880952381
1.0,5.003482167586944,3.694924297494106,0.5366980234817226,0.3750810155270819,110.0,82.66339101339815,43.21681220450815,2.0,0.0,0.0,0.0,1.0,1.0,531.15,195.49,1171.79,194.91,83.69136668280142,11.49311825,0.709840452,0.0903369999999999
0.0,5.008477845765682,4.230771028736406,0.7381083708353059,0.1557125521863486,167.0,59.54997369856817,30.36531547561935,1.0,1.0,2.0,1.0,1.0,0.0,1125.36,176.85,3108.03,421.63,39.11376449709352,11.80522631,0.1977244508966666,0.3030320499999999
4.0,7.477172430473236,2.082909239044536,0.7699376914092645,0.3977057684253506,85.0,93.2055478520438,30.31278568687255,1.0,1.0,2.0,0.0,1.0,0.0,752.38,229.39,2836.39,202.31,79.25396032437679,12.34536229,0.6235690094999995,0.3407514166666665
0.0,6.330560496743515,3.0693211823828643,0.6103479638347002,0.2929715171730117,126.0,37.18819280484925,62.06838973225354,0.0,0.0,1.0,2.0,0.0,0.0,2184.49,263.17,70.15,332.47,78.5529301956632,11.39982776,0.0660005689999999,0.0271194761904761
0.0,7.227386852287207,4.0341260934051535,0.592189161175222,0.3938701213251735,396.0,55.000584413671,85.77877478498316,0.0,1.0,0.0,2.0,1.0,1.0,3537.6,727.65,3282.57,257.79,82.00007795797552,11.50808178,0.5044115028523803,0.015356919047619
4.0,6.0363340505822665,3.94175231070555,0.7341502798309838,0.3926950604851255,206.0,79.55581862122219,82.6868331454108,2.0,0.0,1.0,1.0,0.0,2.0,2903.19,193.58,2906.42,194.69,81.90167430629296,11.32373248,0.9014529555000012,0.0537085999999999
1.0,7.214685926474445,2.8891901483759157,0.5336903285269733,0.3997987003284228,251.0,73.99728516027493,94.94207750216688,2.0,1.0,1.0,2.0,0.0,1.0,378.98,174.24,2432.66,613.06,40.12211082665499,12.33874026,0.4770882435333328,0.2853090000000003
0.0,5.834828432872436,2.0164088826620388,0.785411454101844,0.3755732164855732,1.0,98.79003669532148,42.526396252062526,1.0,1.0,1.0,1.0,1.0,1.0,364.86,182.43,2405.18,406.77,39.57086995953138,12.01125044,0.3120368828499996,0.0093943
5.0,6.090493060551947,2.397330943421484,0.7595011551087223,0.2628252394616361,231.0,80.7029611786603,85.90490415996582,2.0,0.0,1.0,1.0,1.0,2.0,2727.85,194.08,2914.33,199.42,52.10942400960703,11.87325701,1.0,0.0002659999999999
1.0,7.221420291557553,3.944428987468104,0.5310045344740599,0.3883350367898396,135.0,44.982222618176905,43.76438717137895,2.0,0.0,1.0,2.0,1.0,2.0,537.9,195.31,1371.8,217.54,54.214310064916006,12.28256139,0.5546341083566662,0.20390475
0.0,5.782232631128399,3.558329582131253,0.5072152671421233,0.3780816558790872,269.0,36.24879091330229,43.02501584586601,2.0,0.0,0.0,0.0,0.0,0.0,2016.6,417.93,1559.79,221.11,82.00995749438627,12.24113523,0.5529249040233326,0.0016745166666666
4.0,5.084090562290002,3.989562556698949,0.5548017771254843,0.3952068082481115,1.0,58.70874001567893,93.37850312444148,2.0,1.0,1.0,2.0,1.0,0.0,2628.06,190.91,2882.69,209.97,42.89465460883655,11.09797801,0.5517344957999996,0.04767735
0.0,7.47459149624316,2.9004623598730137,0.7976877517557057,0.219311787843876,1.0,46.56109369334277,94.2148086611658,2.0,1.0,1.0,0.0,0.0,1.0,2775.41,236.2,2190.72,647.18,81.55330641187027,11.13018774,0.1883596399400001,0.0
0.0,5.002849244575306,2.098872460187843,0.7947498518777565,0.3579446773270758,463.0,59.25124084963845,30.41334736590293,1.0,0.0,2.0,2.0,1.0,2.0,314.92,157.45,2292.61,482.03,38.559179325289165,11.38093956,0.5822388352055552,0.17416225
1.0,6.804083919583975,3.923491462760487,0.6368950784679459,0.3964092768047024,276.0,32.05252242292578,69.09610783957952,2.0,1.0,0.0,0.0,1.0,1.0,595.02,193.39,1708.7,241.22,60.63593092668512,12.28037109,0.7590875847100006,0.0605139999999999
0.0,5.01368884495036,2.1440821236757213,0.7969606150047375,0.3928525742727178,536.0,57.79013719816824,30.71985669093264,0.0,0.0,2.0,0.0,1.0,2.0,3572.83,278.65,1329.62,782.03,77.5326454761452,11.31748321,0.5415180495461899,0.3242984178571428
0.0,6.549547674088213,2.0545755948326407,0.5431380449027551,0.1142989034173832,495.0,99.91841980126266,92.70788229682968,2.0,1.0,2.0,2.0,1.0,1.0,801.43,728.17,364.2,741.87,59.7149929444492,11.76602082,0.4088783617606663,0.0557851999999999
0.0,5.194379298351664,3.871442507173594,0.7855888371054923,0.3818617480150071,331.0,32.57698856822098,37.30340016482408,0.0,0.0,0.0,1.0,1.0,1.0,367.53,177.39,2229.06,294.91,57.74842538564331,12.26842183,0.7324386436833334,0.0046291666666666
0.0,5.057250637937303,4.009420951843652,0.5023596412898017,0.33641918526615,693.0,44.86010543966505,42.89928937110809,1.0,0.0,0.0,0.0,0.0,0.0,3018.71,490.02,3028.9,755.84,82.37293898163712,11.46318778,0.5722376943674599,0.012062519047619
3.0,7.352699936518895,3.6806274863382336,0.750358486325165,0.2757664533348833,230.0,41.37291881196585,43.642127479553146,1.0,0.0,0.0,0.0,0.0,0.0,422.56,172.27,2921.78,199.89,91.81753604779888,11.32692614,0.6447344142599998,0.004101
0.0,5.072217853476625,3.923957749828112,0.7640844966412152,0.3712537508577765,109.0,37.54269984616353,49.767360459791945,0.0,0.0,0.0,0.0,1.0,2.0,362.71,182.8,1495.42,387.52,89.60096803229885,12.07268198,0.5319605836899994,0.0063015
0.0,5.042145386360186,3.7126486866128094,0.7532417301799655,0.3817167759478991,181.0,39.588553289679375,36.4449009215468,1.0,0.0,0.0,1.0,1.0,1.0,347.83,173.9,77.26,630.9,49.45260180160107,11.46465402,0.5221783439999994,0.005472
0.0,5.2472714044013005,2.147177514942358,0.6523541177367298,0.3713127561846612,176.0,40.1045701632238,62.94859946887722,0.0,0.0,1.0,2.0,1.0,1.0,1889.35,340.61,631.28,692.81,84.26119242603234,11.43420088,0.5088885905999994,0.0236028333333333
1.0,7.416777019074724,3.7097795892880536,0.5381686443689342,0.3883771892505272,135.0,57.2253161608954,73.78025812057183,2.0,0.0,1.0,2.0,1.0,2.0,519.91,196.0,1371.8,217.54,53.89724289540773,12.28256613,0.5498785506666661,0.2030419166666667
5.0,5.86670773119818,3.86110996120608,0.6448876055418258,0.3493465816315132,156.0,84.57212805031057,53.09506374833836,0.0,0.0,1.0,1.0,0.0,1.0,2804.38,195.12,2814.54,198.06,52.71320267642599,11.55781086,1.0,0.0
5.0,5.093761828930818,3.715578944159597,0.6301162830760472,0.161398787858755,143.0,66.0739108636289,90.49795686536604,1.0,1.0,2.0,2.0,0.0,0.0,2462.68,187.56,2886.28,195.34,79.41192212958394,11.84328215,1.0,0.0930727083333333
0.0,5.020770001178953,2.1983555923262457,0.7172029048922828,0.2588599582242883,546.0,30.005547600592696,44.12481907625696,1.0,1.0,0.0,1.0,1.0,1.0,4374.08,403.67,1396.45,718.65,81.70290534839863,11.47636067,0.5438979620416663,0.0210691083333333
0.0,6.670903885571065,2.34292194570764,0.7393843120776551,0.3790017519033873,440.0,57.81904228135952,43.85343315235313,0.0,0.0,2.0,1.0,1.0,1.0,2701.9,163.62,1449.88,242.42,98.93889974746088,11.12842676,0.4077029725480952,0.1457012999999999
0.0,5.132277536901953,3.897776612343392,0.7830962799564786,0.3730477503847293,1.0,56.91399344956921,93.8743003398952,0.0,0.0,1.0,1.0,1.0,1.0,397.69,160.02,4010.89,767.06,41.95781687530649,11.1598665,0.399247634413333,0.017982675
1.0,5.842623470993494,3.893121249635751,0.5680362395356992,0.3983138553538566,310.0,58.30521822648405,68.96490942672843,2.0,0.0,0.0,1.0,0.0,0.0,363.25,161.1,2891.72,235.12,71.22227403313732,12.15363125,0.5578139416866663,0.034933
0.0,5.01970266595782,2.006569120188324,0.7996265703919964,0.3585746051191157,434.0,46.8847956070185,34.14811097398643,0.0,0.0,2.0,1.0,1.0,1.0,1913.61,326.97,825.52,691.49,65.65304785792618,11.44520403,0.40851306354619,0.1484199702380952
0.0,5.01970266595782,2.006569120188324,0.7996265703919964,0.3585746051191157,434.0,46.8847956070185,34.14811097398643,0.0,0.0,2.0,1.0,1.0,1.0,1913.61,326.97,825.52,691.49,65.65304785792618,11.44520403,0.40851306354619,0.1484199702380952
0.0,5.002015335431762,3.5305380634610297,0.5200650630152394,0.2286179474983909,559.0,39.82708570166636,95.50532870421266,2.0,0.0,0.0,2.0,1.0,0.0,3138.2,228.91,1217.09,746.95,77.75898661696152,12.25223439,0.6276068144999997,0.0142675833333333
